{"type":"FeatureCollection","metadata":{"source":"NYC Department of City Planning (DCP_GIS) ArcGIS Feature Services","services":{"parcels":"https://services5.arcgis.com/GfwWNkhOj9bNBqoJ/arcgis/rest/services/MAPPLUTO/FeatureServer/0","zoning":"https://services5.arcgis.com/GfwWNkhOj9bNBqoJ/arcgis/rest/services/nyzd/FeatureServer/0"},"bbox":{"xmin":-73.9905,"ymin":40.7515,"xmax":-73.9805,"ymax":40.7595},"srid":4326,"retrieved":"2026-09-05T21:41:47.123Z","counts":{"parcels":512,"zoning":23},"note":"Bounded extract. Real data, unmodified attributes. Not a citywide dataset."},"features":[{"type":"Feature","geometry":{"type":"Polygon","coordinates":[[[-73.988223,40.752882],[-73.988084,40.752824],[-73.988268,40.752579],[-73.989046,40.752906],[-73.988863,40.753152],[-73.988223,40.752882]]]},"properties":{"bbl":"1008130001","address":"501 7 AVENUE","owner":"ESRT 501 SEVENTH AVENUE, L.L.C.","bldgclass":"O6","landuse":"05","zonedist1":"M1-9A/R12","zonedist2":null,"overlay1":null,"spdist1":"MSX","lotarea":24095,"bldgarea":433330,"comarea":433330,"resarea":0,"officearea":414602,"retailarea":15976,"numfloors":17,"numbldgs":1,"unitsres":0,"unitstotal":60,"yearbuilt":1923,"yearalter1":1989,"builtfar":17.98,"residfar":15,"commfar":15,"facilfar":15,"lotfront":98.75,"lotdepth":244,"borough":"MN","block":813,"lot":1}},{"type":"Feature","geometry":{"type":"Polygon","coordinates":[[[-73.9865,40.751834],[-73.986818,40.751968],[-73.986636,40.752217],[-73.986514,40.752166],[-73.986317,40.752083],[-73.9865,40.751834]]]},"properties":{"bbl":"1008130031","address":"1001 AVENUE OF THE AMERICAS","owner":"1001 SIXTH ASSOCIATES","bldgclass":"O4","landuse":"05","zonedist1":"C6-6","zonedist2":null,"overlay1":null,"spdist1":"MiD","lotarea":9925,"bldgarea":241001,"comarea":241001,"resarea":0,"officearea":220000,"retailarea":21000,"numfloors":23,"numbldgs":1,"unitsres":0,"unitstotal":63,"yearbuilt":1926,"yearalter1":1979,"builtfar":24.28,"residfar":10,"commfar":15,"facilfar":15,"lotfront":99.25,"lotdepth":100,"borough":"MN","block":813,"lot":31}},{"type":"Feature","geometry":{"type":"Polygon","coordinates":[[[-73.985949,40.752607],[-73.985986,40.752557],[-73.986182,40.75264],[-73.986145,40.75269],[-73.985949,40.752607]]]},"properties":{"bbl":"1008140036","address":"1025 AVENUE OF THE AMERICAS","owner":"NEW LIBERTY REALTY LLC","bldgclass":"M1","landuse":"08","zonedist1":"C5-3","zonedist2":null,"overlay1":null,"spdist1":"MiD","lotarea":1140,"bldgarea":3372,"comarea":3372,"resarea":0,"officearea":0,"retailarea":0,"numfloors":2,"numbldgs":1,"unitsres":0,"unitstotal":1,"yearbuilt":1920,"yearalter1":1957,"builtfar":2.96,"residfar":10,"commfar":15,"facilfar":15,"lotfront":19,"lotdepth":60,"borough":"MN","block":814,"lot":36}},{"type":"Feature","geometry":{"type":"Polygon","coordinates":[[[-73.985499,40.753675],[-73.985248,40.753571],[-73.985294,40.753508],[-73.98534,40.753445],[-73.985602,40.753084],[-73.98592,40.753216],[-73.985657,40.753577],[-73.985612,40.75364],[-73.985545,40.753612],[-73.985499,40.753675]]]},"properties":{"bbl":"1008150026","address":"1045 AVENUE OF THE AMERICAS","owner":"PACOLET 7BP, LLC","bldgclass":"O4","landuse":"05","zonedist1":"C5-3","zonedist2":null,"overlay1":null,"spdist1":"MiD","lotarea":19207,"bldgarea":404413,"comarea":404413,"resarea":0,"officearea":382447,"retailarea":6408,"numfloors":29,"numbldgs":1,"unitsres":0,"unitstotal":4,"yearbuilt":2015,"yearalter1":2012,"builtfar":21.06,"residfar":10,"commfar":15,"facilfar":15,"lotfront":197.5,"lotdepth":100,"borough":"MN","block":815,"lot":26}},{"type":"Feature","geometry":{"type":"Polygon","coordinates":[[[-73.985707,40.753762],[-73.985889,40.753512],[-73.98606,40.753583],[-73.986141,40.753617],[-73.985959,40.753866],[-73.985707,40.753762]]]},"properties":{"bbl":"1008150039","address":"110 WEST 40 STREET","owner":"110 WEST 40 HOLDINGS LLC","bldgclass":"O4","landuse":"05","zonedist1":"C5-3","zonedist2":null,"overlay1":null,"spdist1":"MiD","lotarea":7406,"bldgarea":129808,"comarea":129808,"resarea":0,"officearea":120398,"retailarea":4335,"numfloors":25,"numbldgs":2,"unitsres":0,"unitstotal":120,"yearbuilt":1914,"yearalter1":1974,"builtfar":17.53,"residfar":10,"commfar":15,"facilfar":15,"lotfront":75,"lotdepth":98.75,"borough":"MN","block":815,"lot":39}},{"type":"Feature","geometry":{"type":"Polygon","coordinates":[[[-73.989201,40.754103],[-73.989375,40.754176],[-73.989441,40.754204],[-73.989702,40.754314],[-73.989525,40.754556],[-73.989024,40.754345],[-73.989201,40.754103]]]},"properties":{"bbl":"1007887501","address":"214 WEST 39 STREET","owner":"UNAVAILABLE OWNER","bldgclass":"RC","landuse":"05","zonedist1":"M1-9A/R12","zonedist2":null,"overlay1":null,"spdist1":"MSX","lotarea":16236,"bldgarea":172608,"comarea":172608,"resarea":0,"officearea":154712,"retailarea":17896,"numfloors":12,"numbldgs":3,"unitsres":0,"unitstotal":3,"yearbuilt":1910,"yearalter1":0,"builtfar":10.63,"residfar":15,"commfar":15,"facilfar":15,"lotfront":164.42,"lotdepth":98.75,"borough":"MN","block":788,"lot":7501}},{"type":"Feature","geometry":{"type":"Polygon","coordinates":[[[-73.99018,40.755642],[-73.990358,40.755397],[-73.990489,40.755452],[-73.990569,40.755486],[-73.990524,40.755549],[-73.990438,40.755666],[-73.990391,40.755731],[-73.99018,40.755642]]]},"properties":{"bbl":"1007890075","address":"264 WEST 40 STREET","owner":"RENAISSANCE MIDTOWN WEST LLC","bldgclass":"O4","landuse":"05","zonedist1":"M1-9A/R12","zonedist2":null,"overlay1":null,"spdist1":"MSX","lotarea":6419,"bldgarea":116100,"comarea":null,"resarea":null,"officearea":null,"retailarea":null,"numfloors":20,"numbldgs":1,"unitsres":0,"unitstotal":61,"yearbuilt":1927,"yearalter1":1989,"builtfar":18.09,"residfar":15,"commfar":15,"facilfar":15,"lotfront":65,"lotdepth":98.75,"borough":"MN","block":789,"lot":75}},{"type":"Feature","geometry":{"type":"Polygon","coordinates":[[[-73.985909,40.751415],[-73.986083,40.751171],[-73.986153,40.751201],[-73.986328,40.750955],[-73.986641,40.751086],[-73.986285,40.751572],[-73.985909,40.751415]]]},"properties":{"bbl":"1008380001","address":"980 AVENUE OF THE AMERICAS","owner":"VBG 990 AOA LLC","bldgclass":"D6","landuse":"04","zonedist1":"C6-6","zonedist2":null,"overlay1":null,"spdist1":"MiD","lotarea":21825,"bldgarea":386382,"comarea":119135,"resarea":267247,"officearea":66150,"retailarea":11810,"numfloors":24,"numbldgs":1,"unitsres":380,"unitstotal":395,"yearbuilt":1986,"yearalter1":0,"builtfar":17.7,"residfar":10,"commfar":15,"facilfar":15,"lotfront":197.5,"lotdepth":121,"borough":"MN","block":838,"lot":1}},{"type":"Feature","geometry":{"type":"Polygon","coordinates":[[[-73.989137,40.751973],[-73.989315,40.751728],[-73.989763,40.751917],[-73.989586,40.75216],[-73.989137,40.751973]]]},"properties":{"bbl":"1008117501","address":"469 7 AVENUE","owner":"UNAVAILABLE OWNER","bldgclass":"RB","landuse":"05","zonedist1":"M1-9A/R12","zonedist2":null,"overlay1":null,"spdist1":"MSX","lotarea":13825,"bldgarea":193534,"comarea":193534,"resarea":0,"officearea":178534,"retailarea":15000,"numfloors":16,"numbldgs":1,"unitsres":0,"unitstotal":3,"yearbuilt":1921,"yearalter1":0,"builtfar":14,"residfar":15,"commfar":15,"facilfar":15,"lotfront":98.75,"lotdepth":140,"borough":"MN","block":811,"lot":7501}},{"type":"Feature","geometry":{"type":"Polygon","coordinates":[[[-73.988074,40.751528],[-73.98782,40.751422],[-73.987927,40.75083],[-73.98859,40.751107],[-73.988414,40.751349],[-73.988394,40.75134],[-73.988254,40.751281],[-73.988074,40.751528]]]},"properties":{"bbl":"1008117502","address":"1333 BROADWAY","owner":"ESRT 1333 BROADWAY, L.L.C.","bldgclass":"RC","landuse":"05","zonedist1":"M1-9A/R12","zonedist2":null,"overlay1":null,"spdist1":"MSX","lotarea":28498,"bldgarea":276762,"comarea":276762,"resarea":0,"officearea":216781,"retailarea":59981,"numfloors":12,"numbldgs":1,"unitsres":0,"unitstotal":12,"yearbuilt":1915,"yearalter1":0,"builtfar":9.71,"residfar":15,"commfar":15,"facilfar":15,"lotfront":211.47,"lotdepth":207.08,"borough":"MN","block":811,"lot":7502}},{"type":"Feature","geometry":{"type":"Polygon","coordinates":[[[-73.988775,40.752292],[-73.988775,40.752292],[-73.988587,40.752543],[-73.988587,40.752543],[-73.988775,40.752292]]]},"properties":{"bbl":"1008120167","address":"WEST 37 STREET","owner":"UNAVAILABLE OWNER","bldgclass":"V1","landuse":"11","zonedist1":"M1-9A/R12","zonedist2":null,"overlay1":null,"spdist1":"MSX","lotarea":98,"bldgarea":0,"comarea":null,"resarea":null,"officearea":null,"retailarea":null,"numfloors":null,"numbldgs":0,"unitsres":0,"unitstotal":0,"yearbuilt":0,"yearalter1":0,"builtfar":0,"residfar":15,"commfar":15,"facilfar":15,"lotfront":1,"lotdepth":98,"borough":"MN","block":812,"lot":167}},{"type":"Feature","geometry":{"type":"Polygon","coordinates":[[[-73.989071,40.752419],[-73.989072,40.752417],[-73.988866,40.75233],[-73.988775,40.752292],[-73.988775,40.752292],[-73.988765,40.752288],[-73.98894,40.752055],[-73.989506,40.752293],[-73.98933,40.752528],[-73.989071,40.752419]]]},"properties":{"bbl":"1008127501","address":"481 7 AVENUE","owner":"UNAVAILABLE OWNER","bldgclass":"RC","landuse":"05","zonedist1":"M1-9A/R12","zonedist2":null,"overlay1":null,"spdist1":"MSX","lotarea":17214,"bldgarea":230246,"comarea":27945,"resarea":0,"officearea":0,"retailarea":3846,"numfloors":17,"numbldgs":1,"unitsres":0,"unitstotal":4,"yearbuilt":1906,"yearalter1":1991,"builtfar":13.38,"residfar":15,"commfar":15,"facilfar":15,"lotfront":96.75,"lotdepth":174.42,"borough":"MN","block":812,"lot":7501}},{"type":"Feature","geometry":{"type":"Polygon","coordinates":[[[-73.985702,40.752947],[-73.985913,40.752657],[-73.986109,40.75274],[-73.986145,40.75269],[-73.986182,40.75264],[-73.985986,40.752557],[-73.986058,40.752457],[-73.98637,40.752586],[-73.98619,40.752832],[-73.986014,40.753076],[-73.985702,40.752947]]]},"properties":{"bbl":"1008147501","address":"1031 AVENUE OF THE AMERICAS","owner":"UNAVAILABLE OWNER","bldgclass":"RM","landuse":"04","zonedist1":"C5-3","zonedist2":null,"overlay1":null,"spdist1":"MiD","lotarea":17470,"bldgarea":294785,"comarea":25691,"resarea":53860,"officearea":0,"retailarea":8132,"numfloors":44,"numbldgs":1,"unitsres":89,"unitstotal":93,"yearbuilt":2004,"yearalter1":0,"builtfar":16.87,"residfar":10,"commfar":15,"facilfar":15,"lotfront":197.5,"lotdepth":100,"borough":"MN","block":814,"lot":7501}},{"type":"Feature","geometry":{"type":"Polygon","coordinates":[[[-73.985847,40.751752],[-73.985955,40.751604],[-73.986197,40.751706],[-73.986089,40.751854],[-73.985847,40.751752]]]},"properties":{"bbl":"1008390001","address":"1000 AVENUE OF THE AMERICAS","owner":"JC 1000 6TH LLC","bldgclass":"O5","landuse":"05","zonedist1":"C6-6","zonedist2":null,"overlay1":null,"spdist1":"MiD","lotarea":4394,"bldgarea":17405,"comarea":17405,"resarea":0,"officearea":13405,"retailarea":4000,"numfloors":4,"numbldgs":2,"unitsres":0,"unitstotal":15,"yearbuilt":1925,"yearalter1":1987,"builtfar":3.96,"residfar":10,"commfar":15,"facilfar":15,"lotfront":58.58,"lotdepth":75,"borough":"MN","block":839,"lot":1}},{"type":"Feature","geometry":{"type":"Polygon","coordinates":[[[-73.98581,40.751803],[-73.985847,40.751752],[-73.986089,40.751854],[-73.986052,40.751905],[-73.98581,40.751803]]]},"properties":{"bbl":"1008390004","address":"1006 AVENUE OF THE AMERICAS","owner":"RC 1006 REALTY LLC","bldgclass":"K4","landuse":"04","zonedist1":"C6-6","zonedist2":null,"overlay1":null,"spdist1":"MiD","lotarea":1519,"bldgarea":4019,"comarea":2169,"resarea":1850,"officearea":0,"retailarea":2169,"numfloors":4,"numbldgs":1,"unitsres":2,"unitstotal":5,"yearbuilt":1910,"yearalter1":0,"builtfar":2.65,"residfar":10,"commfar":15,"facilfar":15,"lotfront":20.25,"lotdepth":75,"borough":"MN","block":839,"lot":4}},{"type":"Feature","geometry":{"type":"Polygon","coordinates":[[[-73.985777,40.751848],[-73.98581,40.751803],[-73.986052,40.751905],[-73.986019,40.751949],[-73.985777,40.751848]]]},"properties":{"bbl":"1008390005","address":"1008 AVENUE OF THE AMERICAS","owner":"JC 1008 LLC","bldgclass":"K2","landuse":"05","zonedist1":"C6-6","zonedist2":null,"overlay1":null,"spdist1":"MiD","lotarea":1489,"bldgarea":3466,"comarea":3466,"resarea":0,"officearea":0,"retailarea":3466,"numfloors":2,"numbldgs":1,"unitsres":0,"unitstotal":2,"yearbuilt":1920,"yearalter1":2018,"builtfar":2.33,"residfar":10,"commfar":15,"facilfar":15,"lotfront":19.83,"lotdepth":75,"borough":"MN","block":839,"lot":5}},{"type":"Feature","geometry":{"type":"Polygon","coordinates":[[[-73.985709,40.751819],[-73.985887,40.751576],[-73.985955,40.751604],[-73.985847,40.751752],[-73.98581,40.751803],[-73.985777,40.751848],[-73.985709,40.751819]]]},"properties":{"bbl":"1008390007","address":"61 WEST 37 STREET","owner":"61 WEST 37TH STREET, LLC","bldgclass":"K4","landuse":"04","zonedist1":"C6-6","zonedist2":null,"overlay1":null,"spdist1":"MiD","lotarea":2321,"bldgarea":9456,"comarea":6960,"resarea":2496,"officearea":0,"retailarea":6960,"numfloors":5,"numbldgs":1,"unitsres":4,"unitstotal":5,"yearbuilt":1925,"yearalter1":2012,"builtfar":4.07,"residfar":10,"commfar":15,"facilfar":15,"lotfront":23.5,"lotdepth":98.75,"borough":"MN","block":839,"lot":7}},{"type":"Feature","geometry":{"type":"Polygon","coordinates":[[[-73.985709,40.751819],[-73.985639,40.75179],[-73.985817,40.751546],[-73.985887,40.751576],[-73.985709,40.751819]]]},"properties":{"bbl":"1008390008","address":"59 WEST 37 STREET","owner":"BREAKSTONE RLTY CORP","bldgclass":"K2","landuse":"05","zonedist1":"C6-6","zonedist2":null,"overlay1":null,"spdist1":"MiD","lotarea":2321,"bldgarea":4886,"comarea":4886,"resarea":0,"officearea":0,"retailarea":4886,"numfloors":2,"numbldgs":1,"unitsres":0,"unitstotal":2,"yearbuilt":1920,"yearalter1":0,"builtfar":2.11,"residfar":10,"commfar":15,"facilfar":15,"lotfront":23.5,"lotdepth":98.75,"borough":"MN","block":839,"lot":8}},{"type":"Feature","geometry":{"type":"Polygon","coordinates":[[[-73.985573,40.751762],[-73.985373,40.751678],[-73.985308,40.751651],[-73.985486,40.751407],[-73.985817,40.751546],[-73.985639,40.75179],[-73.985573,40.751762]]]},"properties":{"bbl":"1008390009","address":"49 WEST 37 STREET","owner":"49 WEST 37TH STREET LLC","bldgclass":"O6","landuse":"05","zonedist1":"M1-9A/R12","zonedist2":"C6-6","overlay1":null,"spdist1":"MSX","lotarea":10167,"bldgarea":140898,"comarea":140898,"resarea":0,"officearea":131898,"retailarea":9000,"numfloors":18,"numbldgs":1,"unitsres":0,"unitstotal":19,"yearbuilt":1925,"yearalter1":1982,"builtfar":13.86,"residfar":15,"commfar":15,"facilfar":15,"lotfront":103,"lotdepth":98.75,"borough":"MN","block":839,"lot":9}},{"type":"Feature","geometry":{"type":"Polygon","coordinates":[[[-73.985179,40.751597],[-73.985357,40.751354],[-73.985418,40.751379],[-73.98524,40.751622],[-73.985179,40.751597]]]},"properties":{"bbl":"1008390015","address":"45 WEST 37 STREET","owner":"45 WEST 37TH ST. REALTY CORP.","bldgclass":"K4","landuse":"04","zonedist1":"M1-9A/R12","zonedist2":null,"overlay1":null,"spdist1":"MSX","lotarea":1975,"bldgarea":5225,"comarea":5225,"resarea":0,"officearea":0,"retailarea":1900,"numfloors":3,"numbldgs":1,"unitsres":0,"unitstotal":1,"yearbuilt":1928,"yearalter1":0,"builtfar":2.65,"residfar":15,"commfar":15,"facilfar":15,"lotfront":20,"lotdepth":98.75,"borough":"MN","block":839,"lot":15}},{"type":"Feature","geometry":{"type":"Polygon","coordinates":[[[-73.984992,40.751518],[-73.98517,40.751275],[-73.985357,40.751354],[-73.985179,40.751597],[-73.984992,40.751518]]]},"properties":{"bbl":"1008390016","address":"39 WEST 37 STREET","owner":"39W37 ASSOCIATES LLC","bldgclass":"O6","landuse":"05","zonedist1":"M1-9A/R12","zonedist2":null,"overlay1":null,"spdist1":"MSX","lotarea":5925,"bldgarea":98270,"comarea":98270,"resarea":0,"officearea":92454,"retailarea":5816,"numfloors":18,"numbldgs":1,"unitsres":0,"unitstotal":26,"yearbuilt":1930,"yearalter1":1988,"builtfar":16.59,"residfar":15,"commfar":15,"facilfar":15,"lotfront":60,"lotdepth":98.75,"borough":"MN","block":839,"lot":16}},{"type":"Feature","geometry":{"type":"Polygon","coordinates":[[[-73.984976,40.751511],[-73.984831,40.751451],[-73.985009,40.751207],[-73.98517,40.751275],[-73.984992,40.751518],[-73.984976,40.751511]]]},"properties":{"bbl":"1008390019","address":"35 WEST 37 STREET","owner":"ABNER PROPERTIES CO","bldgclass":"O6","landuse":"05","zonedist1":"M1-9A/R12","zonedist2":null,"overlay1":null,"spdist1":"MSX","lotarea":4906,"bldgarea":57698,"comarea":57698,"resarea":0,"officearea":47698,"retailarea":10000,"numfloors":12,"numbldgs":1,"unitsres":0,"unitstotal":13,"yearbuilt":1915,"yearalter1":0,"builtfar":11.76,"residfar":15,"commfar":15,"facilfar":15,"lotfront":50,"lotdepth":98.75,"borough":"MN","block":839,"lot":19}},{"type":"Feature","geometry":{"type":"Polygon","coordinates":[[[-73.984256,40.751528],[-73.984434,40.751284],[-73.984508,40.751315],[-73.98454,40.751328],[-73.984582,40.751346],[-73.984585,40.751347],[-73.984625,40.751364],[-73.984649,40.751374],[-73.98447,40.751619],[-73.984406,40.751591],[-73.984361,40.751572],[-73.98433,40.751559],[-73.984256,40.751528]]]},"properties":{"bbl":"1008390067","address":"34 WEST 38 STREET","owner":"ONBOARD HOSPITALITY LLC","bldgclass":"H2","landuse":"05","zonedist1":"M1-9A/R12","zonedist2":null,"overlay1":null,"spdist1":"MSX","lotarea":6616,"bldgarea":80649,"comarea":null,"resarea":null,"officearea":null,"retailarea":null,"numfloors":19,"numbldgs":1,"unitsres":0,"unitstotal":1,"yearbuilt":2018,"yearalter1":0,"builtfar":12.19,"residfar":15,"commfar":15,"facilfar":15,"lotfront":67,"lotdepth":98.75,"borough":"MN","block":839,"lot":67}},{"type":"Feature","geometry":{"type":"Polygon","coordinates":[[[-73.984716,40.751402],[-73.984757,40.751419],[-73.984779,40.751429],[-73.9846,40.751673],[-73.984538,40.751647],[-73.984716,40.751402]]]},"properties":{"bbl":"1008390069","address":"40 WEST 38 STREET","owner":"SARCO REALTY LLC","bldgclass":"O5","landuse":"05","zonedist1":"M1-9A/R12","zonedist2":null,"overlay1":null,"spdist1":"MSX","lotarea":2074,"bldgarea":11332,"comarea":11332,"resarea":0,"officearea":9732,"retailarea":1600,"numfloors":6,"numbldgs":1,"unitsres":0,"unitstotal":7,"yearbuilt":1930,"yearalter1":0,"builtfar":5.46,"residfar":15,"commfar":15,"facilfar":15,"lotfront":21,"lotdepth":98.75,"borough":"MN","block":839,"lot":69}},{"type":"Feature","geometry":{"type":"Polygon","coordinates":[[[-73.9846,40.751673],[-73.984779,40.751429],[-73.984831,40.751451],[-73.984976,40.751511],[-73.984797,40.751757],[-73.9846,40.751673]]]},"properties":{"bbl":"1008390070","address":"42 WEST 38 STREET","owner":"ELO CAPITAL, LLC","bldgclass":"O6","landuse":"05","zonedist1":"M1-9A/R12","zonedist2":null,"overlay1":null,"spdist1":"MSX","lotarea":6123,"bldgarea":66577,"comarea":66577,"resarea":0,"officearea":61077,"retailarea":5500,"numfloors":12,"numbldgs":1,"unitsres":0,"unitstotal":40,"yearbuilt":1916,"yearalter1":1989,"builtfar":10.87,"residfar":15,"commfar":15,"facilfar":15,"lotfront":62,"lotdepth":98.75,"borough":"MN","block":839,"lot":70}},{"type":"Feature","geometry":{"type":"Polygon","coordinates":[[[-73.984797,40.751757],[-73.984976,40.751511],[-73.984992,40.751518],[-73.985179,40.751597],[-73.98524,40.751622],[-73.985308,40.751651],[-73.985128,40.751897],[-73.984797,40.751757]]]},"properties":{"bbl":"1008390073","address":"48 WEST 38 STREET","owner":"48 WEST 38 STREET LLC","bldgclass":"O6","landuse":"05","zonedist1":"M1-9A/R12","zonedist2":null,"overlay1":null,"spdist1":"MSX","lotarea":10270,"bldgarea":120000,"comarea":120000,"resarea":0,"officearea":110000,"retailarea":10000,"numfloors":12,"numbldgs":1,"unitsres":0,"unitstotal":13,"yearbuilt":1912,"yearalter1":1983,"builtfar":11.68,"residfar":15,"commfar":15,"facilfar":15,"lotfront":104,"lotdepth":98.75,"borough":"MN","block":839,"lot":73}},{"type":"Feature","geometry":{"type":"Polygon","coordinates":[[[-73.985128,40.751897],[-73.985308,40.751651],[-73.985373,40.751678],[-73.985193,40.751924],[-73.985128,40.751897]]]},"properties":{"bbl":"1008390078","address":"58 WEST 38 STREET","owner":"ADIEN REALTY, LLC","bldgclass":"K2","landuse":"05","zonedist1":"M1-9A/R12","zonedist2":null,"overlay1":null,"spdist1":"MSX","lotarea":2057,"bldgarea":3930,"comarea":3930,"resarea":0,"officearea":0,"retailarea":3930,"numfloors":2,"numbldgs":1,"unitsres":0,"unitstotal":2,"yearbuilt":1925,"yearalter1":0,"builtfar":1.91,"residfar":15,"commfar":15,"facilfar":15,"lotfront":20.83,"lotdepth":98.75,"borough":"MN","block":839,"lot":78}},{"type":"Feature","geometry":{"type":"Polygon","coordinates":[[[-73.985344,40.752378],[-73.985386,40.75232],[-73.985672,40.752441],[-73.98563,40.752499],[-73.985344,40.752378]]]},"properties":{"bbl":"1008400003","address":"1024 AVENUE OF THE AMERICAS","owner":"ENKI PROPERTIES LLC","bldgclass":"O5","landuse":"05","zonedist1":"C5-3","zonedist2":null,"overlay1":null,"spdist1":"MiD","lotarea":1870,"bldgarea":6700,"comarea":6700,"resarea":0,"officearea":4800,"retailarea":1900,"numfloors":5,"numbldgs":1,"unitsres":0,"unitstotal":5,"yearbuilt":1920,"yearalter1":0,"builtfar":3.58,"residfar":10,"commfar":15,"facilfar":15,"lotfront":22,"lotdepth":85,"borough":"MN","block":840,"lot":3}},{"type":"Feature","geometry":{"type":"Polygon","coordinates":[[[-73.985065,40.752683],[-73.985219,40.752472],[-73.98519,40.75246],[-73.985216,40.752425],[-73.985288,40.752455],[-73.985344,40.752378],[-73.98563,40.752499],[-73.985516,40.752655],[-73.985317,40.75257],[-73.985195,40.752738],[-73.985065,40.752683]]]},"properties":{"bbl":"1008400004","address":"1026 AVENUE OF THE AMERICAS","owner":"ENKI PROPERTIES LLC","bldgclass":"O5","landuse":"05","zonedist1":"C5-3","zonedist2":null,"overlay1":null,"spdist1":"MiD","lotarea":8774,"bldgarea":25000,"comarea":25000,"resarea":0,"officearea":19000,"retailarea":6000,"numfloors":5,"numbldgs":3,"unitsres":0,"unitstotal":18,"yearbuilt":1920,"yearalter1":0,"builtfar":2.85,"residfar":10,"commfar":15,"facilfar":15,"lotfront":64.08,"lotdepth":85,"borough":"MN","block":840,"lot":4}},{"type":"Feature","geometry":{"type":"Polygon","coordinates":[[[-73.984914,40.752618],[-73.985092,40.752373],[-73.985093,40.752373],[-73.985281,40.752117],[-73.985475,40.752199],[-73.985386,40.75232],[-73.985344,40.752378],[-73.985288,40.752455],[-73.985216,40.752425],[-73.98519,40.75246],[-73.985219,40.752472],[-73.985065,40.752683],[-73.984914,40.752618]]]},"properties":{"bbl":"1008400006","address":"63 WEST 38 STREET","owner":"REFINERY AA LLC","bldgclass":"HB","landuse":"05","zonedist1":"C5-3","zonedist2":null,"overlay1":null,"spdist1":"MiD","lotarea":10550,"bldgarea":121060,"comarea":10291,"resarea":0,"officearea":0,"retailarea":10291,"numfloors":13,"numbldgs":1,"unitsres":0,"unitstotal":1,"yearbuilt":1930,"yearalter1":2012,"builtfar":11.47,"residfar":10,"commfar":15,"facilfar":15,"lotfront":61.75,"lotdepth":197.5,"borough":"MN","block":840,"lot":6}},{"type":"Feature","geometry":{"type":"Polygon","coordinates":[[[-73.984862,40.752276],[-73.984786,40.752244],[-73.984725,40.752219],[-73.984705,40.75221],[-73.984892,40.751954],[-73.985049,40.75202],[-73.984862,40.752276]]]},"properties":{"bbl":"1008400013","address":"49 WEST 38 STREET","owner":"HESKEL'S PROPERTIES LLC","bldgclass":"O6","landuse":"05","zonedist1":"M1-9A/R12","zonedist2":null,"overlay1":null,"spdist1":"MSX","lotarea":5036,"bldgarea":63412,"comarea":63412,"resarea":0,"officearea":50912,"retailarea":12500,"numfloors":16,"numbldgs":1,"unitsres":0,"unitstotal":16,"yearbuilt":1924,"yearalter1":1979,"builtfar":12.59,"residfar":15,"commfar":15,"facilfar":15,"lotfront":51,"lotdepth":98.75,"borough":"MN","block":840,"lot":13}},{"type":"Feature","geometry":{"type":"Polygon","coordinates":[[[-73.984189,40.751993],[-73.984062,40.75194],[-73.984249,40.751683],[-73.984455,40.75177],[-73.984268,40.752027],[-73.984189,40.751993]]]},"properties":{"bbl":"1008400023","address":"29 WEST 38 STREET","owner":"2938 WEST LLC","bldgclass":"O6","landuse":"05","zonedist1":"M1-9A/R12","zonedist2":null,"overlay1":null,"spdist1":"MSX","lotarea":6320,"bldgarea":92739,"comarea":92739,"resarea":0,"officearea":88739,"retailarea":4000,"numfloors":16,"numbldgs":1,"unitsres":0,"unitstotal":22,"yearbuilt":1912,"yearalter1":1989,"builtfar":14.67,"residfar":15,"commfar":15,"facilfar":15,"lotfront":64,"lotdepth":98.75,"borough":"MN","block":840,"lot":23}},{"type":"Feature","geometry":{"type":"Polygon","coordinates":[[[-73.983618,40.751753],[-73.983537,40.751719],[-73.983724,40.751462],[-73.983903,40.751538],[-73.983716,40.751794],[-73.983618,40.751753]]]},"properties":{"bbl":"1008400031","address":"15 WEST 38 STREET","owner":"15W38 SPE LLC","bldgclass":"O3","landuse":"05","zonedist1":"M1-9A/R12","zonedist2":null,"overlay1":null,"spdist1":"MSX","lotarea":5555,"bldgarea":60449,"comarea":60449,"resarea":0,"officearea":60449,"retailarea":0,"numfloors":12,"numbldgs":1,"unitsres":0,"unitstotal":1,"yearbuilt":1910,"yearalter1":0,"builtfar":10.88,"residfar":15,"commfar":15,"facilfar":15,"lotfront":56.25,"lotdepth":98.75,"borough":"MN","block":840,"lot":31}},{"type":"Feature","geometry":{"type":"Polygon","coordinates":[[[-73.983476,40.751693],[-73.983663,40.751437],[-73.983724,40.751462],[-73.983537,40.751719],[-73.983476,40.751693]]]},"properties":{"bbl":"1008400034","address":"13 WEST 38 STREET","owner":"13 WEST 38 LLC","bldgclass":"K2","landuse":"05","zonedist1":"M1-9A/R12","zonedist2":null,"overlay1":null,"spdist1":"MSX","lotarea":1852,"bldgarea":7517,"comarea":7517,"resarea":0,"officearea":0,"retailarea":7517,"numfloors":5,"numbldgs":1,"unitsres":0,"unitstotal":3,"yearbuilt":1930,"yearalter1":2013,"builtfar":4.06,"residfar":15,"commfar":15,"facilfar":15,"lotfront":18.75,"lotdepth":98.75,"borough":"MN","block":840,"lot":34}},{"type":"Feature","geometry":{"type":"Polygon","coordinates":[[[-73.982785,40.751713],[-73.98247,40.751579],[-73.982557,40.75146],[-73.982829,40.751086],[-73.983663,40.751437],[-73.983476,40.751693],[-73.983473,40.751692],[-73.983299,40.751931],[-73.982785,40.751713]]]},"properties":{"bbl":"1008400042","address":"424 5 AVENUE","owner":"AMAZON.COM SERVICES LLC","bldgclass":"O6","landuse":"05","zonedist1":"C5-3","zonedist2":"M1-9A/R12","overlay1":null,"spdist1":"MiD","lotarea":51271,"bldgarea":693256,"comarea":693256,"resarea":0,"officearea":613824,"retailarea":79432,"numfloors":14,"numbldgs":1,"unitsres":0,"unitstotal":2,"yearbuilt":1920,"yearalter1":2019,"builtfar":13.52,"residfar":10,"commfar":15,"facilfar":15,"lotfront":197.5,"lotdepth":260,"borough":"MN","block":840,"lot":42}},{"type":"Feature","geometry":{"type":"Polygon","coordinates":[[[-73.983299,40.751931],[-73.983473,40.751692],[-73.983476,40.751693],[-73.983537,40.751719],[-73.983618,40.751753],[-73.983443,40.751993],[-73.983299,40.751931]]]},"properties":{"bbl":"1008400058","address":"16 WEST 39 STREET","owner":"18 DAGIM LLC","bldgclass":"O6","landuse":"05","zonedist1":"M1-9A/R12","zonedist2":null,"overlay1":null,"spdist1":"MSX","lotarea":4345,"bldgarea":51273,"comarea":51273,"resarea":0,"officearea":36023,"retailarea":15250,"numfloors":12,"numbldgs":1,"unitsres":0,"unitstotal":1,"yearbuilt":1916,"yearalter1":0,"builtfar":11.8,"residfar":15,"commfar":15,"facilfar":15,"lotfront":44,"lotdepth":98.75,"borough":"MN","block":840,"lot":58}},{"type":"Feature","geometry":{"type":"Polygon","coordinates":[[[-73.983443,40.751993],[-73.983618,40.751753],[-73.983716,40.751794],[-73.983755,40.751811],[-73.98358,40.752051],[-73.983443,40.751993]]]},"properties":{"bbl":"1008400060","address":"20 WEST 39 STREET","owner":"CREST REALTY,","bldgclass":"K2","landuse":"05","zonedist1":"M1-9A/R12","zonedist2":null,"overlay1":null,"spdist1":"MSX","lotarea":4351,"bldgarea":17216,"comarea":17216,"resarea":0,"officearea":0,"retailarea":17216,"numfloors":3,"numbldgs":1,"unitsres":0,"unitstotal":1,"yearbuilt":1930,"yearalter1":2011,"builtfar":3.96,"residfar":15,"commfar":15,"facilfar":15,"lotfront":44,"lotdepth":98.75,"borough":"MN","block":840,"lot":60}},{"type":"Feature","geometry":{"type":"Polygon","coordinates":[[[-73.984425,40.752092],[-73.984514,40.75213],[-73.984583,40.752159],[-73.984705,40.75221],[-73.984725,40.752219],[-73.984546,40.752462],[-73.984248,40.752335],[-73.984425,40.752092]]]},"properties":{"bbl":"1008400071","address":"42 WEST 39 STREET","owner":"45-52 WEST 39 STREET   .","bldgclass":"O6","landuse":"05","zonedist1":"M1-9A/R12","zonedist2":null,"overlay1":null,"spdist1":"MSX","lotarea":9381,"bldgarea":157748,"comarea":157748,"resarea":0,"officearea":146748,"retailarea":11000,"numfloors":19,"numbldgs":1,"unitsres":0,"unitstotal":30,"yearbuilt":1927,"yearalter1":1979,"builtfar":16.82,"residfar":15,"commfar":15,"facilfar":15,"lotfront":95,"lotdepth":98.75,"borough":"MN","block":840,"lot":71}},{"type":"Feature","geometry":{"type":"Polygon","coordinates":[[[-73.984725,40.752219],[-73.984786,40.752244],[-73.984607,40.752488],[-73.984546,40.752462],[-73.984725,40.752219]]]},"properties":{"bbl":"1008400076","address":"52 WEST 39 STREET","owner":"HERBERT LEDERMAN ETAL","bldgclass":"O2","landuse":"05","zonedist1":"M1-9A/R12","zonedist2":null,"overlay1":null,"spdist1":"MSX","lotarea":1975,"bldgarea":5498,"comarea":5498,"resarea":0,"officearea":5498,"retailarea":0,"numfloors":3,"numbldgs":1,"unitsres":0,"unitstotal":1,"yearbuilt":1939,"yearalter1":0,"builtfar":2.78,"residfar":15,"commfar":15,"facilfar":15,"lotfront":20,"lotdepth":98.75,"borough":"MN","block":840,"lot":76}},{"type":"Feature","geometry":{"type":"Polygon","coordinates":[[[-73.984607,40.752488],[-73.984786,40.752244],[-73.984862,40.752276],[-73.984895,40.75229],[-73.984717,40.752534],[-73.984607,40.752488]]]},"properties":{"bbl":"1008400078","address":"54 WEST 39 STREET","owner":"PIGRANEL MANAGEMENT CORP","bldgclass":"O6","landuse":"05","zonedist1":"M1-9A/R12","zonedist2":null,"overlay1":null,"spdist1":"MSX","lotarea":3433,"bldgarea":43250,"comarea":43250,"resarea":0,"officearea":40000,"retailarea":3250,"numfloors":16,"numbldgs":1,"unitsres":0,"unitstotal":16,"yearbuilt":1924,"yearalter1":1987,"builtfar":12.6,"residfar":15,"commfar":15,"facilfar":15,"lotfront":35,"lotdepth":98.75,"borough":"MN","block":840,"lot":78}},{"type":"Feature","geometry":{"type":"Polygon","coordinates":[[[-73.984717,40.752534],[-73.984895,40.75229],[-73.984921,40.752301],[-73.984968,40.752321],[-73.98479,40.752565],[-73.984717,40.752534]]]},"properties":{"bbl":"1008400080","address":"56 WEST 39 STREET","owner":"56 WEST 39TH STREET LLC","bldgclass":"K4","landuse":"04","zonedist1":"M1-9A/R12","zonedist2":null,"overlay1":null,"spdist1":"MSX","lotarea":2074,"bldgarea":9566,"comarea":5733,"resarea":3833,"officearea":0,"retailarea":5733,"numfloors":5,"numbldgs":1,"unitsres":4,"unitstotal":5,"yearbuilt":1930,"yearalter1":0,"builtfar":4.61,"residfar":15,"commfar":15,"facilfar":15,"lotfront":21,"lotdepth":98.75,"borough":"MN","block":840,"lot":80}},{"type":"Feature","geometry":{"type":"Polygon","coordinates":[[[-73.98479,40.752565],[-73.984968,40.752321],[-73.985092,40.752373],[-73.984914,40.752618],[-73.98479,40.752565]]]},"properties":{"bbl":"1008400081","address":"58 WEST 39 STREET","owner":"H HOTEL LLC","bldgclass":"H2","landuse":"05","zonedist1":"M1-9A/R12","zonedist2":null,"overlay1":null,"spdist1":"MSX","lotarea":4148,"bldgarea":88551,"comarea":null,"resarea":null,"officearea":null,"retailarea":null,"numfloors":34,"numbldgs":1,"unitsres":0,"unitstotal":1,"yearbuilt":2018,"yearalter1":0,"builtfar":21.35,"residfar":15,"commfar":15,"facilfar":15,"lotfront":42,"lotdepth":98.75,"borough":"MN","block":840,"lot":81}},{"type":"Feature","geometry":{"type":"Polygon","coordinates":[[[-73.985195,40.752738],[-73.985317,40.75257],[-73.985516,40.752655],[-73.985394,40.752822],[-73.985195,40.752738]]]},"properties":{"bbl":"1008400087","address":"1032 AVENUE OF THE AMERICAS","owner":"ENKI PROPERTIES LLC","bldgclass":"K4","landuse":"04","zonedist1":"C5-3","zonedist2":null,"overlay1":null,"spdist1":"MiD","lotarea":3878,"bldgarea":15002,"comarea":15002,"resarea":0,"officearea":4001,"retailarea":4001,"numfloors":4,"numbldgs":1,"unitsres":0,"unitstotal":14,"yearbuilt":1914,"yearalter1":0,"builtfar":3.87,"residfar":10,"commfar":15,"facilfar":15,"lotfront":64.58,"lotdepth":60,"borough":"MN","block":840,"lot":87}},{"type":"Feature","geometry":{"type":"Polygon","coordinates":[[[-73.983853,40.752167],[-73.984029,40.751926],[-73.984062,40.75194],[-73.984189,40.751993],[-73.984268,40.752027],[-73.984092,40.752269],[-73.984013,40.752235],[-73.983853,40.752167]]]},"properties":{"bbl":"1008407503","address":"32 WEST 39 STREET","owner":"32 W. 39TH STREET SOLE MEMBER LLC","bldgclass":"RC","landuse":"05","zonedist1":"M1-9A/R12","zonedist2":null,"overlay1":null,"spdist1":"MSX","lotarea":7406,"bldgarea":67799,"comarea":67799,"resarea":0,"officearea":53816,"retailarea":12451,"numfloors":14,"numbldgs":2,"unitsres":0,"unitstotal":17,"yearbuilt":1925,"yearalter1":1989,"builtfar":9.15,"residfar":15,"commfar":15,"facilfar":15,"lotfront":75,"lotdepth":98.75,"borough":"MN","block":840,"lot":7503}},{"type":"Feature","geometry":{"type":"Polygon","coordinates":[[[-73.98498,40.75281],[-73.985304,40.752946],[-73.985126,40.753191],[-73.984802,40.753055],[-73.98498,40.75281]]]},"properties":{"bbl":"1008410001","address":"1040 AVENUE OF THE AMERICAS","owner":"1040 AVENUE OF THE AMERICAS LLC","bldgclass":"O4","landuse":"05","zonedist1":"C5-3","zonedist2":null,"overlay1":null,"spdist1":"MiD","lotarea":9875,"bldgarea":216932,"comarea":216932,"resarea":0,"officearea":196932,"retailarea":20000,"numfloors":23,"numbldgs":1,"unitsres":0,"unitstotal":32,"yearbuilt":1925,"yearalter1":1979,"builtfar":21.97,"residfar":10,"commfar":15,"facilfar":15,"lotfront":98.67,"lotdepth":100,"borough":"MN","block":841,"lot":1}},{"type":"Feature","geometry":{"type":"Polygon","coordinates":[[[-73.984708,40.752695],[-73.98498,40.75281],[-73.984802,40.753055],[-73.984633,40.752983],[-73.984529,40.75294],[-73.984708,40.752695]]]},"properties":{"bbl":"1008410008","address":"51 WEST 39 STREET","owner":"MILLINERY SYNDICATE INC","bldgclass":"O6","landuse":"05","zonedist1":"C5-3","zonedist2":"M1-9A/R12","overlay1":null,"spdist1":"MiD","lotarea":8465,"bldgarea":114421,"comarea":114421,"resarea":0,"officearea":106321,"retailarea":8100,"numfloors":16,"numbldgs":1,"unitsres":0,"unitstotal":51,"yearbuilt":1926,"yearalter1":0,"builtfar":13.52,"residfar":10,"commfar":15,"facilfar":15,"lotfront":85.67,"lotdepth":98.75,"borough":"MN","block":841,"lot":8}},{"type":"Feature","geometry":{"type":"Polygon","coordinates":[[[-73.984463,40.752912],[-73.984641,40.752667],[-73.984708,40.752695],[-73.984529,40.75294],[-73.984463,40.752912]]]},"properties":{"bbl":"1008410012","address":"49 WEST 39 STREET","owner":"KENDOR DEVELOPMENT LLC","bldgclass":"S9","landuse":"04","zonedist1":"M1-9A/R12","zonedist2":null,"overlay1":null,"spdist1":"MSX","lotarea":2063,"bldgarea":9660,"comarea":3460,"resarea":6200,"officearea":1730,"retailarea":1730,"numfloors":5,"numbldgs":1,"unitsres":5,"unitstotal":8,"yearbuilt":1910,"yearalter1":1985,"builtfar":4.68,"residfar":15,"commfar":15,"facilfar":15,"lotfront":21.25,"lotdepth":98.75,"borough":"MN","block":841,"lot":12}},{"type":"Feature","geometry":{"type":"Polygon","coordinates":[[[-73.984404,40.752887],[-73.984394,40.752883],[-73.984572,40.752638],[-73.984641,40.752667],[-73.984463,40.752912],[-73.984404,40.752887]]]},"properties":{"bbl":"1008410013","address":"47 WEST 39 STREET","owner":"KENDOR DEVELOPMENT LLC","bldgclass":"K1","landuse":"05","zonedist1":"M1-9A/R12","zonedist2":null,"overlay1":null,"spdist1":"MSX","lotarea":2063,"bldgarea":1951,"comarea":1951,"resarea":0,"officearea":0,"retailarea":1951,"numfloors":1,"numbldgs":1,"unitsres":0,"unitstotal":1,"yearbuilt":1925,"yearalter1":0,"builtfar":0.95,"residfar":15,"commfar":15,"facilfar":15,"lotfront":21.5,"lotdepth":98.75,"borough":"MN","block":841,"lot":13}},{"type":"Feature","geometry":{"type":"Polygon","coordinates":[[[-73.98433,40.752856],[-73.984508,40.752611],[-73.984572,40.752638],[-73.984394,40.752883],[-73.98433,40.752856]]]},"properties":{"bbl":"1008410014","address":"45 WEST 39 STREET","owner":"WEST 39TH ASSOCIATES, LLC","bldgclass":"S9","landuse":"04","zonedist1":"M1-9A/R12","zonedist2":null,"overlay1":null,"spdist1":"MSX","lotarea":2123,"bldgarea":6211,"comarea":2000,"resarea":4211,"officearea":0,"retailarea":2000,"numfloors":5,"numbldgs":1,"unitsres":6,"unitstotal":8,"yearbuilt":1925,"yearalter1":0,"builtfar":2.93,"residfar":15,"commfar":15,"facilfar":15,"lotfront":21.5,"lotdepth":98.75,"borough":"MN","block":841,"lot":14}},{"type":"Feature","geometry":{"type":"Polygon","coordinates":[[[-73.984157,40.752464],[-73.984296,40.752522],[-73.984118,40.752767],[-73.984018,40.752724],[-73.983979,40.752708],[-73.984157,40.752464]]]},"properties":{"bbl":"1008410018","address":"35 WEST 39 STREET","owner":"B W W 39 CO","bldgclass":"O6","landuse":"05","zonedist1":"M1-9A/R12","zonedist2":null,"overlay1":null,"spdist1":"MSX","lotarea":4345,"bldgarea":51000,"comarea":51000,"resarea":0,"officearea":46200,"retailarea":4800,"numfloors":12,"numbldgs":1,"unitsres":0,"unitstotal":43,"yearbuilt":1912,"yearalter1":1989,"builtfar":11.74,"residfar":15,"commfar":15,"facilfar":15,"lotfront":44,"lotdepth":98.75,"borough":"MN","block":841,"lot":18}},{"type":"Feature","geometry":{"type":"Polygon","coordinates":[[[-73.983776,40.752623],[-73.983694,40.752588],[-73.983569,40.752536],[-73.983747,40.752291],[-73.984157,40.752464],[-73.983979,40.752708],[-73.983776,40.752623]]]},"properties":{"bbl":"1008410020","address":"25 WEST 39 STREET","owner":"25 BRYANT LLC","bldgclass":"O6","landuse":"05","zonedist1":"M1-9A/R12","zonedist2":null,"overlay1":null,"spdist1":"MSX","lotarea":12343,"bldgarea":208528,"comarea":208528,"resarea":0,"officearea":197909,"retailarea":0,"numfloors":16,"numbldgs":1,"unitsres":0,"unitstotal":18,"yearbuilt":1906,"yearalter1":1989,"builtfar":16.89,"residfar":15,"commfar":15,"facilfar":15,"lotfront":125,"lotdepth":98.75,"borough":"MN","block":841,"lot":20}},{"type":"Feature","geometry":{"type":"Polygon","coordinates":[[[-73.983535,40.752521],[-73.983498,40.752506],[-73.983676,40.752261],[-73.983747,40.752291],[-73.983569,40.752536],[-73.983535,40.752521]]]},"properties":{"bbl":"1008410021","address":"32 WEST 40 STREET","owner":"40TH STREET TENANTS CORP","bldgclass":"C6","landuse":"02","zonedist1":"M1-9A/R12","zonedist2":null,"overlay1":null,"spdist1":"MSX","lotarea":2452,"bldgarea":10329,"comarea":2000,"resarea":8329,"officearea":0,"retailarea":2000,"numfloors":5,"numbldgs":1,"unitsres":12,"unitstotal":13,"yearbuilt":1920,"yearalter1":1983,"builtfar":4.21,"residfar":15,"commfar":15,"facilfar":15,"lotfront":25,"lotdepth":98.75,"borough":"MN","block":841,"lot":21}},{"type":"Feature","geometry":{"type":"Polygon","coordinates":[[[-73.983676,40.752261],[-73.983498,40.752506],[-73.98344,40.752481],[-73.983424,40.752475],[-73.983602,40.75223],[-73.983676,40.752261]]]},"properties":{"bbl":"1008410026","address":"21 WEST 39 STREET","owner":"PANTHEON REALTY INC.","bldgclass":"O5","landuse":"05","zonedist1":"M1-9A/R12","zonedist2":null,"overlay1":null,"spdist1":"MSX","lotarea":2468,"bldgarea":13689,"comarea":13689,"resarea":0,"officearea":11689,"retailarea":2000,"numfloors":6,"numbldgs":1,"unitsres":0,"unitstotal":7,"yearbuilt":1920,"yearalter1":1984,"builtfar":5.55,"residfar":15,"commfar":15,"facilfar":15,"lotfront":25,"lotdepth":98.75,"borough":"MN","block":841,"lot":26}},{"type":"Feature","geometry":{"type":"Polygon","coordinates":[[[-73.982496,40.752402],[-73.982673,40.752159],[-73.982795,40.75221],[-73.982873,40.752243],[-73.982696,40.752486],[-73.982496,40.752402]]]},"properties":{"bbl":"1008410054","address":"8 WEST 40 STREET","owner":"AB 40TH STREET","bldgclass":"O4","landuse":"05","zonedist1":"C5-3","zonedist2":null,"overlay1":null,"spdist1":"MiD","lotarea":6170,"bldgarea":115307,"comarea":115307,"resarea":0,"officearea":110907,"retailarea":4400,"numfloors":23,"numbldgs":1,"unitsres":0,"unitstotal":17,"yearbuilt":1916,"yearalter1":1987,"builtfar":18.69,"residfar":10,"commfar":15,"facilfar":15,"lotfront":62.5,"lotdepth":98.75,"borough":"MN","block":841,"lot":54}},{"type":"Feature","geometry":{"type":"Polygon","coordinates":[[[-73.982873,40.752243],[-73.982952,40.752276],[-73.982775,40.75252],[-73.982696,40.752486],[-73.982873,40.752243]]]},"properties":{"bbl":"1008410057","address":"12 WEST 40 STREET","owner":"THE GREATER NEW YORK CORPORATION OF","bldgclass":"M1","landuse":"08","zonedist1":"C5-3","zonedist2":null,"overlay1":null,"spdist1":"MiD","lotarea":2472,"bldgarea":7335,"comarea":7335,"resarea":0,"officearea":0,"retailarea":3173,"numfloors":3,"numbldgs":1,"unitsres":0,"unitstotal":4,"yearbuilt":1915,"yearalter1":1951,"builtfar":2.97,"residfar":10,"commfar":15,"facilfar":15,"lotfront":25,"lotdepth":98.75,"borough":"MN","block":841,"lot":57}},{"type":"Feature","geometry":{"type":"Polygon","coordinates":[[[-73.983358,40.752765],[-73.983535,40.752521],[-73.983569,40.752536],[-73.983694,40.752588],[-73.983517,40.752832],[-73.983358,40.752765]]]},"properties":{"bbl":"1008410069","address":"30 WEST 40 STREET","owner":"40TH STREET TENANTS CORP","bldgclass":"D4","landuse":"03","zonedist1":"C6-4.5","zonedist2":null,"overlay1":null,"spdist1":"MiD","lotarea":4943,"bldgarea":69925,"comarea":1400,"resarea":68525,"officearea":0,"retailarea":1400,"numfloors":12,"numbldgs":1,"unitsres":62,"unitstotal":64,"yearbuilt":1907,"yearalter1":1983,"builtfar":14.15,"residfar":10,"commfar":12,"facilfar":12,"lotfront":50,"lotdepth":98.75,"borough":"MN","block":841,"lot":69}},{"type":"Feature","geometry":{"type":"Polygon","coordinates":[[[-73.983517,40.752832],[-73.983694,40.752588],[-73.983776,40.752623],[-73.983599,40.752866],[-73.983517,40.752832]]]},"properties":{"bbl":"1008410070","address":"36 WEST 40 STREET","owner":"40TH STREET TENANTS CORP","bldgclass":"DC","landuse":null,"zonedist1":"C6-4.5","zonedist2":null,"overlay1":null,"spdist1":"MiD","lotarea":2550,"bldgarea":11666,"comarea":1400,"resarea":10266,"officearea":0,"retailarea":1400,"numfloors":6,"numbldgs":1,"unitsres":10,"unitstotal":11,"yearbuilt":1930,"yearalter1":1981,"builtfar":4.57,"residfar":10,"commfar":12,"facilfar":12,"lotfront":26,"lotdepth":98.75,"borough":"MN","block":841,"lot":70}},{"type":"Feature","geometry":{"type":"Polygon","coordinates":[[[-73.984404,40.752887],[-73.984226,40.75313],[-73.984072,40.753065],[-73.984249,40.752822],[-73.984259,40.752826],[-73.98433,40.752856],[-73.984394,40.752883],[-73.984404,40.752887]]]},"properties":{"bbl":"1008410080","address":"54 WEST 40 STREET","owner":"54 WEST 40TH REALTY LLC","bldgclass":"O6","landuse":"05","zonedist1":"C6-4.5","zonedist2":null,"overlay1":null,"spdist1":"MiD","lotarea":4945,"bldgarea":40667,"comarea":40667,"resarea":0,"officearea":40167,"retailarea":500,"numfloors":11,"numbldgs":1,"unitsres":0,"unitstotal":1,"yearbuilt":1903,"yearalter1":2012,"builtfar":8.22,"residfar":10,"commfar":12,"facilfar":12,"lotfront":50,"lotdepth":98.75,"borough":"MN","block":841,"lot":80}},{"type":"Feature","geometry":{"type":"Polygon","coordinates":[[[-73.984456,40.753227],[-73.984633,40.752983],[-73.984802,40.753055],[-73.984733,40.753149],[-73.984625,40.753298],[-73.984456,40.753227]]]},"properties":{"bbl":"1008410085","address":"70 WEST 40 STREET","owner":"MILLTEX DISTRIBUTORS LLC","bldgclass":"O6","landuse":"05","zonedist1":"C6-4.5","zonedist2":null,"overlay1":null,"spdist1":"MiD","lotarea":5036,"bldgarea":68081,"comarea":68081,"resarea":0,"officearea":64081,"retailarea":4000,"numfloors":16,"numbldgs":1,"unitsres":0,"unitstotal":21,"yearbuilt":1922,"yearalter1":1988,"builtfar":13.52,"residfar":10,"commfar":12,"facilfar":12,"lotfront":51,"lotdepth":98.75,"borough":"MN","block":841,"lot":85}},{"type":"Feature","geometry":{"type":"Polygon","coordinates":[[[-73.98524,40.751622],[-73.985418,40.751379],[-73.985486,40.751407],[-73.985308,40.751651],[-73.98524,40.751622]]]},"properties":{"bbl":"1008390014","address":"47 WEST 37 STREET","owner":"37TH STREET MANAGEMENT INC","bldgclass":"K4","landuse":"04","zonedist1":"M1-9A/R12","zonedist2":null,"overlay1":null,"spdist1":"MSX","lotarea":1975,"bldgarea":5100,"comarea":3300,"resarea":1800,"officearea":900,"retailarea":2400,"numfloors":5,"numbldgs":1,"unitsres":1,"unitstotal":4,"yearbuilt":1910,"yearalter1":2015,"builtfar":2.58,"residfar":15,"commfar":15,"facilfar":15,"lotfront":20,"lotdepth":98.75,"borough":"MN","block":839,"lot":14}},{"type":"Feature","geometry":{"type":"Polygon","coordinates":[[[-73.984099,40.751461],[-73.984277,40.751218],[-73.984333,40.751242],[-73.984434,40.751284],[-73.984256,40.751528],[-73.984099,40.751461]]]},"properties":{"bbl":"1008390063","address":"28 WEST 38 STREET","owner":"26-30 WEST 38 ST OWNERS CORP","bldgclass":"D0","landuse":"03","zonedist1":"M1-9A/R12","zonedist2":null,"overlay1":null,"spdist1":"MSX","lotarea":4937,"bldgarea":55870,"comarea":4000,"resarea":51870,"officearea":0,"retailarea":4000,"numfloors":12,"numbldgs":1,"unitsres":22,"unitstotal":24,"yearbuilt":1910,"yearalter1":1987,"builtfar":11.32,"residfar":15,"commfar":15,"facilfar":15,"lotfront":50,"lotdepth":98.75,"borough":"MN","block":839,"lot":63}},{"type":"Feature","geometry":{"type":"Polygon","coordinates":[[[-73.984538,40.751647],[-73.98447,40.751619],[-73.984649,40.751374],[-73.984716,40.751402],[-73.984538,40.751647]]]},"properties":{"bbl":"1008390068","address":"38 WEST 38 STREET","owner":"38TH STREET REALTY,","bldgclass":"O5","landuse":"05","zonedist1":"M1-9A/R12","zonedist2":null,"overlay1":null,"spdist1":"MSX","lotarea":2074,"bldgarea":10000,"comarea":10000,"resarea":0,"officearea":8000,"retailarea":2000,"numfloors":5,"numbldgs":1,"unitsres":0,"unitstotal":5,"yearbuilt":1915,"yearalter1":0,"builtfar":4.82,"residfar":15,"commfar":15,"facilfar":15,"lotfront":21,"lotdepth":98.75,"borough":"MN","block":839,"lot":68}},{"type":"Feature","geometry":{"type":"Polygon","coordinates":[[[-73.985281,40.752117],[-73.985093,40.752373],[-73.985092,40.752373],[-73.984968,40.752321],[-73.984921,40.752301],[-73.985108,40.752044],[-73.985281,40.752117]]]},"properties":{"bbl":"1008407501","address":"57 WEST 38 STREET","owner":"57 W 38 ST CONDOMINIUM","bldgclass":"RI","landuse":"05","zonedist1":"M1-9A/R12","zonedist2":null,"overlay1":null,"spdist1":"MSX","lotarea":5300,"bldgarea":53775,"comarea":53775,"resarea":0,"officearea":45265,"retailarea":4040,"numfloors":12,"numbldgs":1,"unitsres":0,"unitstotal":14,"yearbuilt":1915,"yearalter1":0,"builtfar":10.15,"residfar":15,"commfar":15,"facilfar":15,"lotfront":52.17,"lotdepth":98.75,"borough":"MN","block":840,"lot":7501}},{"type":"Feature","geometry":{"type":"Polygon","coordinates":[[[-73.984508,40.752611],[-73.98433,40.752856],[-73.984259,40.752826],[-73.984437,40.752581],[-73.984508,40.752611]]]},"properties":{"bbl":"1008410015","address":"43 WEST 39 STREET","owner":"43 WEST 39TH REALTY LLC","bldgclass":"S9","landuse":"04","zonedist1":"M1-9A/R12","zonedist2":null,"overlay1":null,"spdist1":"MSX","lotarea":2173,"bldgarea":7127,"comarea":2850,"resarea":4277,"officearea":1425,"retailarea":1425,"numfloors":5,"numbldgs":1,"unitsres":4,"unitstotal":6,"yearbuilt":1910,"yearalter1":2013,"builtfar":3.28,"residfar":15,"commfar":15,"facilfar":15,"lotfront":22,"lotdepth":98.75,"borough":"MN","block":841,"lot":15}},{"type":"Feature","geometry":{"type":"Polygon","coordinates":[[[-73.98334,40.75212],[-73.983162,40.752364],[-73.983103,40.75234],[-73.983029,40.752309],[-73.982952,40.752276],[-73.982873,40.752243],[-73.982795,40.75221],[-73.982973,40.751965],[-73.98334,40.75212]]]},"properties":{"bbl":"1008410031","address":"1 WEST 39 STREET","owner":"452 FIFTH OWNERS LLC","bldgclass":"O3","landuse":"05","zonedist1":"M1-9A/R12","zonedist2":null,"overlay1":null,"spdist1":"MSX","lotarea":11520,"bldgarea":123090,"comarea":123090,"resarea":0,"officearea":123090,"retailarea":0,"numfloors":12,"numbldgs":1,"unitsres":0,"unitstotal":1,"yearbuilt":1923,"yearalter1":1982,"builtfar":10.68,"residfar":15,"commfar":15,"facilfar":15,"lotfront":116.67,"lotdepth":98.75,"borough":"MN","block":841,"lot":31}},{"type":"Feature","geometry":{"type":"Polygon","coordinates":[[[-73.983263,40.752725],[-73.98344,40.752481],[-73.983498,40.752506],[-73.983535,40.752521],[-73.983358,40.752765],[-73.983263,40.752725]]]},"properties":{"bbl":"1008410066","address":"28 WEST 40 STREET","owner":"40TH STREET TENANTS CORP","bldgclass":"C6","landuse":"02","zonedist1":"C6-4.5","zonedist2":"C5-3","overlay1":null,"spdist1":"MiD","lotarea":2940,"bldgarea":8508,"comarea":1500,"resarea":7008,"officearea":0,"retailarea":1500,"numfloors":4.5,"numbldgs":1,"unitsres":10,"unitstotal":11,"yearbuilt":1920,"yearalter1":1983,"builtfar":2.89,"residfar":10,"commfar":12,"facilfar":12,"lotfront":30,"lotdepth":98.75,"borough":"MN","block":841,"lot":66}},{"type":"Feature","geometry":{"type":"Polygon","coordinates":[[[-73.983599,40.752866],[-73.983776,40.752623],[-73.983979,40.752708],[-73.984018,40.752724],[-73.98384,40.752968],[-73.983599,40.752866]]]},"properties":{"bbl":"1008410071","address":"38 WEST 40 STREET","owner":"PHILIPS BRYANT PARK LLC","bldgclass":"H1","landuse":"05","zonedist1":"C6-4.5","zonedist2":null,"overlay1":null,"spdist1":"MiD","lotarea":7604,"bldgarea":124035,"comarea":null,"resarea":null,"officearea":null,"retailarea":null,"numfloors":23,"numbldgs":1,"unitsres":0,"unitstotal":1,"yearbuilt":1924,"yearalter1":1987,"builtfar":16.31,"residfar":10,"commfar":12,"facilfar":12,"lotfront":77,"lotdepth":98.75,"borough":"MN","block":841,"lot":71}},{"type":"Feature","geometry":{"type":"Polygon","coordinates":[[[-73.984437,40.752581],[-73.984259,40.752826],[-73.984249,40.752822],[-73.984072,40.753065],[-73.98384,40.752968],[-73.984018,40.752724],[-73.984118,40.752767],[-73.984296,40.752522],[-73.984437,40.752581]]]},"properties":{"bbl":"1008410075","address":"50 WEST 40 STREET","owner":"WEST 40TH REALTY LLC","bldgclass":"W5","landuse":"08","zonedist1":"C6-4.5","zonedist2":"M1-9A/R12","overlay1":null,"spdist1":"MiD","lotarea":11455,"bldgarea":91000,"comarea":null,"resarea":null,"officearea":null,"retailarea":null,"numfloors":5,"numbldgs":1,"unitsres":0,"unitstotal":1,"yearbuilt":1924,"yearalter1":1987,"builtfar":7.94,"residfar":10,"commfar":12,"facilfar":12,"lotfront":72,"lotdepth":197.5,"borough":"MN","block":841,"lot":75}},{"type":"Feature","geometry":{"type":"Polygon","coordinates":[[[-73.984226,40.75313],[-73.984404,40.752887],[-73.984463,40.752912],[-73.984529,40.75294],[-73.984633,40.752983],[-73.984456,40.753227],[-73.984226,40.75313]]]},"properties":{"bbl":"1008410081","address":"60 WEST 40 STREET","owner":"THE 58 TO 64 40 ST CORP","bldgclass":"O6","landuse":"05","zonedist1":"C6-4.5","zonedist2":null,"overlay1":null,"spdist1":"MiD","lotarea":7308,"bldgarea":99058,"comarea":99058,"resarea":0,"officearea":95058,"retailarea":4000,"numfloors":16,"numbldgs":1,"unitsres":0,"unitstotal":19,"yearbuilt":1921,"yearalter1":0,"builtfar":13.55,"residfar":10,"commfar":12,"facilfar":12,"lotfront":74,"lotdepth":98.75,"borough":"MN","block":841,"lot":81}},{"type":"Feature","geometry":{"type":"Polygon","coordinates":[[[-73.981099,40.751495],[-73.981107,40.751499],[-73.980927,40.751747],[-73.980762,40.751678],[-73.980865,40.751536],[-73.980943,40.75143],[-73.981023,40.751463],[-73.9812,40.75122],[-73.981276,40.751252],[-73.981099,40.751495]]]},"properties":{"bbl":"1008690064","address":"16 EAST 40 STREET","owner":"16 EAST 40 REALTY LL","bldgclass":"O6","landuse":"05","zonedist1":"C5-2.5","zonedist2":null,"overlay1":null,"spdist1":"MiD","lotarea":7400,"bldgarea":89423,"comarea":89423,"resarea":0,"officearea":83423,"retailarea":6000,"numfloors":12,"numbldgs":1,"unitsres":0,"unitstotal":22,"yearbuilt":1911,"yearalter1":0,"builtfar":12.08,"residfar":10,"commfar":12,"facilfar":12,"lotfront":51,"lotdepth":197.5,"borough":"MN","block":869,"lot":64}},{"type":"Feature","geometry":{"type":"Polygon","coordinates":[[[-73.981578,40.751697],[-73.981414,40.751628],[-73.981591,40.751385],[-73.982086,40.751593],[-73.981933,40.751804],[-73.981602,40.751665],[-73.981578,40.751697]]]},"properties":{"bbl":"1008697501","address":"445 5 AVENUE","owner":"FIFTH AVE CONDO - B.H.S. MGMNT(445)","bldgclass":"RM","landuse":"04","zonedist1":"C5-3","zonedist2":null,"overlay1":null,"spdist1":"MiD","lotarea":13350,"bldgarea":208968,"comarea":80031,"resarea":128937,"officearea":63132,"retailarea":16899,"numfloors":33,"numbldgs":1,"unitsres":174,"unitstotal":185,"yearbuilt":1986,"yearalter1":0,"builtfar":15.65,"residfar":10,"commfar":15,"facilfar":15,"lotfront":0,"lotdepth":0,"borough":"MN","block":869,"lot":7501}},{"type":"Feature","geometry":{"type":"Polygon","coordinates":[[[-73.981154,40.751843],[-73.981335,40.751595],[-73.981329,40.751592],[-73.981506,40.751349],[-73.981591,40.751385],[-73.981414,40.751628],[-73.981578,40.751697],[-73.981602,40.751665],[-73.981933,40.751804],[-73.981728,40.752085],[-73.981154,40.751843]]]},"properties":{"bbl":"1008690074","address":"453 5 AVENUE","owner":"NEW YORK PUBLIC LIBRARY","bldgclass":"P8","landuse":"08","zonedist1":"C5-3","zonedist2":"C5-2.5","overlay1":null,"spdist1":"MiD","lotarea":21190,"bldgarea":177136,"comarea":177136,"resarea":0,"officearea":0,"retailarea":0,"numfloors":7,"numbldgs":1,"unitsres":0,"unitstotal":1,"yearbuilt":1915,"yearalter1":2019,"builtfar":8.36,"residfar":10,"commfar":15,"facilfar":15,"lotfront":112.83,"lotdepth":175,"borough":"MN","block":869,"lot":74}},{"type":"Feature","geometry":{"type":"Polygon","coordinates":[[[-73.984361,40.754808],[-73.984716,40.754322],[-73.985654,40.754715],[-73.985298,40.755202],[-73.985147,40.755138],[-73.985072,40.755107],[-73.984361,40.754808]]]},"properties":{"bbl":"1009947501","address":"1095 AVENUE OF THE AMERICAS","owner":"1095 AVE OF THE AMERICAS CONDO","bldgclass":"RI","landuse":"05","zonedist1":"C6-6","zonedist2":"C5-3","overlay1":null,"spdist1":"MiD","lotarea":56781,"bldgarea":1041794,"comarea":1041794,"resarea":0,"officearea":944064,"retailarea":82662,"numfloors":41,"numbldgs":2,"unitsres":0,"unitstotal":11,"yearbuilt":1972,"yearalter1":2007,"builtfar":18.35,"residfar":10,"commfar":15,"facilfar":15,"lotfront":197.5,"lotdepth":300,"borough":"MN","block":994,"lot":7501}},{"type":"Feature","geometry":{"type":"Polygon","coordinates":[[[-73.985688,40.755366],[-73.985864,40.755127],[-73.985865,40.755127],[-73.986046,40.75488],[-73.986098,40.754902],[-73.985977,40.755067],[-73.986082,40.75511],[-73.986021,40.755193],[-73.986373,40.75534],[-73.986285,40.755617],[-73.985688,40.755366]]]},"properties":{"bbl":"1009947502","address":"1462 BROADWAY","owner":"UNAVAILABLE OWNER","bldgclass":"RC","landuse":"05","zonedist1":"C6-7","zonedist2":null,"overlay1":null,"spdist1":"MiD","lotarea":19800,"bldgarea":282879,"comarea":45653,"resarea":0,"officearea":0,"retailarea":40186,"numfloors":16,"numbldgs":1,"unitsres":0,"unitstotal":3,"yearbuilt":1907,"yearalter1":0,"builtfar":14.29,"residfar":10,"commfar":15,"facilfar":15,"lotfront":102.5,"lotdepth":185.5,"borough":"MN","block":994,"lot":7502}},{"type":"Feature","geometry":{"type":"Polygon","coordinates":[[[-73.985444,40.755263],[-73.985619,40.755024],[-73.985699,40.755058],[-73.985686,40.755076],[-73.985771,40.755112],[-73.985784,40.755093],[-73.985786,40.755094],[-73.985864,40.755127],[-73.985688,40.755366],[-73.985609,40.755333],[-73.985524,40.755297],[-73.985444,40.755263]]]},"properties":{"bbl":"1009947503","address":"136 WEST 42 STREET","owner":"UNAVAILABLE OWNER","bldgclass":"RC","landuse":"05","zonedist1":"C6-7","zonedist2":null,"overlay1":null,"spdist1":"MiD","lotarea":7173,"bldgarea":152686,"comarea":15966,"resarea":0,"officearea":0,"retailarea":15966,"numfloors":37,"numbldgs":1,"unitsres":0,"unitstotal":2,"yearbuilt":2012,"yearalter1":0,"builtfar":21.29,"residfar":10,"commfar":15,"facilfar":15,"lotfront":74.5,"lotdepth":98.75,"borough":"MN","block":994,"lot":7503}},{"type":"Feature","geometry":{"type":"Polygon","coordinates":[[[-73.985977,40.755067],[-73.986098,40.754902],[-73.986464,40.755055],[-73.986373,40.75534],[-73.986021,40.755193],[-73.986082,40.75511],[-73.985977,40.755067]]]},"properties":{"bbl":"1009947504","address":"1460 BROADWAY","owner":"UNAVAILABLE OWNER","bldgclass":"RC","landuse":"05","zonedist1":"C6-7","zonedist2":null,"overlay1":null,"spdist1":"MiD","lotarea":11368,"bldgarea":181503,"comarea":181503,"resarea":0,"officearea":145398,"retailarea":36105,"numfloors":16,"numbldgs":1,"unitsres":0,"unitstotal":3,"yearbuilt":1952,"yearalter1":1999,"builtfar":15.97,"residfar":10,"commfar":15,"facilfar":15,"lotfront":102.5,"lotdepth":113.37,"borough":"MN","block":994,"lot":7504}},{"type":"Feature","geometry":{"type":"Polygon","coordinates":[[[-73.986396,40.756404],[-73.986464,40.756173],[-73.986511,40.756014],[-73.9867,40.756097],[-73.986518,40.75635],[-73.98646,40.75643],[-73.986396,40.756404]]]},"properties":{"bbl":"1009950001","address":"1475 BROADWAY","owner":"JAMESTOWN OTS, L.P.","bldgclass":"K2","landuse":"05","zonedist1":"C6-7","zonedist2":null,"overlay1":null,"spdist1":"MiD","lotarea":3475,"bldgarea":150125,"comarea":150125,"resarea":0,"officearea":0,"retailarea":140669,"numfloors":22,"numbldgs":1,"unitsres":0,"unitstotal":2,"yearbuilt":1908,"yearalter1":1965,"builtfar":43.2,"residfar":10,"commfar":15,"facilfar":15,"lotfront":143,"lotdepth":58.33,"borough":"MN","block":995,"lot":1}},{"type":"Feature","geometry":{"type":"Polygon","coordinates":[[[-73.985248,40.75612],[-73.985603,40.755627],[-73.985947,40.755771],[-73.986199,40.755878],[-73.986157,40.756021],[-73.98603,40.75645],[-73.985248,40.75612]]]},"properties":{"bbl":"1009950005","address":"1472 BROADWAY","owner":"NYC ECONOMIC DEVELOPMENT CORPORATION","bldgclass":"O4","landuse":"05","zonedist1":"C6-7","zonedist2":null,"overlay1":null,"spdist1":"MiD","lotarea":45800,"bldgarea":1642675,"comarea":1642675,"resarea":0,"officearea":1597675,"retailarea":45000,"numfloors":51,"numbldgs":1,"unitsres":0,"unitstotal":2,"yearbuilt":1998,"yearalter1":2016,"builtfar":35.87,"residfar":10,"commfar":15,"facilfar":15,"lotfront":208.46,"lotdepth":256.27,"borough":"MN","block":995,"lot":5}},{"type":"Feature","geometry":{"type":"Polygon","coordinates":[[[-73.983826,40.755521],[-73.98418,40.755027],[-73.985603,40.755627],[-73.985248,40.75612],[-73.983826,40.755521]]]},"properties":{"bbl":"1009950033","address":"1111 AVENUE OF THE AMERICAS","owner":"ONE BRYANT PARK","bldgclass":"O4","landuse":"05","zonedist1":"C6-6","zonedist2":"C6-5.5","overlay1":null,"spdist1":"MiD","lotarea":87863,"bldgarea":2245112,"comarea":2245112,"resarea":0,"officearea":2189226,"retailarea":55886,"numfloors":55,"numbldgs":1,"unitsres":0,"unitstotal":48,"yearbuilt":2005,"yearalter1":0,"builtfar":25.55,"residfar":10,"commfar":15,"facilfar":15,"lotfront":200.83,"lotdepth":437.5,"borough":"MN","block":995,"lot":33}},{"type":"Feature","geometry":{"type":"Polygon","coordinates":[[[-73.985396,40.756681],[-73.985572,40.756435],[-73.985966,40.7566],[-73.985716,40.757133],[-73.985298,40.756959],[-73.985473,40.756714],[-73.985404,40.756685],[-73.985396,40.756681]]]},"properties":{"bbl":"1009960001","address":"1500 BROADWAY","owner":"ZAPCO 1500 INVESTMENT, L.P.","bldgclass":"O4","landuse":"05","zonedist1":"C6-7T","zonedist2":null,"overlay1":null,"spdist1":"MiD","lotarea":25570,"bldgarea":493107,"comarea":493107,"resarea":0,"officearea":401298,"retailarea":82148,"numfloors":33,"numbldgs":1,"unitsres":0,"unitstotal":69,"yearbuilt":1972,"yearalter1":1989,"builtfar":19.28,"residfar":10,"commfar":14,"facilfar":14,"lotfront":203.77,"lotdepth":125.5,"borough":"MN","block":996,"lot":1}},{"type":"Feature","geometry":{"type":"Polygon","coordinates":[[[-73.984869,40.75678],[-73.985044,40.756535],[-73.985013,40.756521],[-73.985189,40.756275],[-73.985375,40.756353],[-73.985199,40.756599],[-73.985024,40.756844],[-73.984869,40.75678]]]},"properties":{"bbl":"1009960012","address":"141 WEST 43 STREET","owner":"TIMES SQUARE GARAGE,","bldgclass":"G1","landuse":"10","zonedist1":"C6-5.5","zonedist2":null,"overlay1":null,"spdist1":"MiD","lotarea":11050,"bldgarea":77000,"comarea":77000,"resarea":0,"officearea":0,"retailarea":0,"numfloors":7,"numbldgs":1,"unitsres":0,"unitstotal":1,"yearbuilt":1999,"yearalter1":0,"builtfar":6.97,"residfar":10,"commfar":12,"facilfar":12,"lotfront":60,"lotdepth":200.83,"borough":"MN","block":996,"lot":12}},{"type":"Feature","geometry":{"type":"Polygon","coordinates":[[[-73.984796,40.756431],[-73.984562,40.756333],[-73.984738,40.756087],[-73.985189,40.756275],[-73.985013,40.756521],[-73.98495,40.756495],[-73.984898,40.756473],[-73.984796,40.756431]]]},"properties":{"bbl":"1009960014","address":"127 WEST 43 STREET","owner":"THE WOODSTOCK HOUSING DEVELOPMENT FUND C ORPORATION","bldgclass":"HR","landuse":"05","zonedist1":"C6-5.5","zonedist2":null,"overlay1":null,"spdist1":"MiD","lotarea":14476,"bldgarea":172065,"comarea":8000,"resarea":0,"officearea":0,"retailarea":8000,"numfloors":13,"numbldgs":1,"unitsres":0,"unitstotal":3,"yearbuilt":1902,"yearalter1":1985,"builtfar":11.89,"residfar":10,"commfar":12,"facilfar":12,"lotfront":144.17,"lotdepth":100.42,"borough":"MN","block":996,"lot":14}},{"type":"Feature","geometry":{"type":"Polygon","coordinates":[[[-73.983714,40.755659],[-73.984271,40.755892],[-73.984095,40.756138],[-73.984312,40.756229],[-73.984137,40.756474],[-73.983364,40.756151],[-73.983714,40.755659]]]},"properties":{"bbl":"1009960029","address":"1133 AVENUE OF THE AMERICAS","owner":"DOLP 1133 PROPERTIES III LLC","bldgclass":"O4","landuse":"05","zonedist1":"C6-6","zonedist2":"C6-5.5","overlay1":null,"spdist1":"MiD","lotarea":42050,"bldgarea":1039529,"comarea":1039529,"resarea":0,"officearea":968284,"retailarea":26357,"numfloors":44,"numbldgs":2,"unitsres":0,"unitstotal":9,"yearbuilt":1968,"yearalter1":2015,"builtfar":24.72,"residfar":10,"commfar":15,"facilfar":15,"lotfront":200.83,"lotdepth":243.75,"borough":"MN","block":996,"lot":29}},{"type":"Feature","geometry":{"type":"Polygon","coordinates":[[[-73.984137,40.756474],[-73.984312,40.756229],[-73.984493,40.756304],[-73.984552,40.756329],[-73.984377,40.756574],[-73.984137,40.756474]]]},"properties":{"bbl":"1009960043","address":"120 WEST 44 STREET","owner":"O & O PROPERTIES CORP","bldgclass":"H3","landuse":"05","zonedist1":"C6-5.5","zonedist2":null,"overlay1":null,"spdist1":"MiD","lotarea":7500,"bldgarea":99109,"comarea":6000,"resarea":0,"officearea":0,"retailarea":6000,"numfloors":16,"numbldgs":1,"unitsres":0,"unitstotal":3,"yearbuilt":1933,"yearalter1":1986,"builtfar":13.21,"residfar":10,"commfar":12,"facilfar":12,"lotfront":75,"lotdepth":100.42,"borough":"MN","block":996,"lot":43}},{"type":"Feature","geometry":{"type":"Polygon","coordinates":[[[-73.984552,40.756329],[-73.984562,40.756333],[-73.984796,40.756431],[-73.984621,40.756676],[-73.984377,40.756574],[-73.984552,40.756329]]]},"properties":{"bbl":"1009960046","address":"130 WEST 44 STREET","owner":"MANHATTAN INITIATIVEINC.","bldgclass":"H1","landuse":"05","zonedist1":"C6-5.5","zonedist2":null,"overlay1":null,"spdist1":"MiD","lotarea":7656,"bldgarea":75421,"comarea":3700,"resarea":0,"officearea":0,"retailarea":3700,"numfloors":10,"numbldgs":1,"unitsres":0,"unitstotal":1,"yearbuilt":1905,"yearalter1":2009,"builtfar":9.85,"residfar":10,"commfar":12,"facilfar":12,"lotfront":76.25,"lotdepth":100.42,"borough":"MN","block":996,"lot":46}},{"type":"Feature","geometry":{"type":"Polygon","coordinates":[[[-73.984898,40.756473],[-73.984723,40.756719],[-73.984621,40.756676],[-73.984796,40.756431],[-73.984898,40.756473]]]},"properties":{"bbl":"1009960049","address":"136 WEST 44 STREET","owner":"136 W44 DEVELOPMENT LLC","bldgclass":"V1","landuse":"11","zonedist1":"C6-5.5","zonedist2":null,"overlay1":null,"spdist1":"MiD","lotarea":3515,"bldgarea":0,"comarea":null,"resarea":null,"officearea":null,"retailarea":null,"numfloors":null,"numbldgs":0,"unitsres":0,"unitstotal":0,"yearbuilt":0,"yearalter1":0,"builtfar":0,"residfar":10,"commfar":12,"facilfar":12,"lotfront":35,"lotdepth":100.42,"borough":"MN","block":996,"lot":49}},{"type":"Feature","geometry":{"type":"Polygon","coordinates":[[[-73.984723,40.756719],[-73.984898,40.756473],[-73.98495,40.756495],[-73.984775,40.75674],[-73.984723,40.756719]]]},"properties":{"bbl":"1009960050","address":"140 WEST 44 STREET","owner":"140 W44 DEVELOPMENT LLC","bldgclass":"O5","landuse":"05","zonedist1":"C6-5.5","zonedist2":null,"overlay1":null,"spdist1":"MiD","lotarea":1506,"bldgarea":3000,"comarea":1000,"resarea":2000,"officearea":0,"retailarea":1000,"numfloors":3,"numbldgs":1,"unitsres":2,"unitstotal":3,"yearbuilt":1910,"yearalter1":0,"builtfar":1.99,"residfar":10,"commfar":12,"facilfar":12,"lotfront":15,"lotdepth":100.42,"borough":"MN","block":996,"lot":50}},{"type":"Feature","geometry":{"type":"Polygon","coordinates":[[[-73.984775,40.75674],[-73.98495,40.756495],[-73.985013,40.756521],[-73.985044,40.756535],[-73.984869,40.75678],[-73.984775,40.75674]]]},"properties":{"bbl":"1009960051","address":"142 WEST 44 STREET","owner":"EASTERN PORK PRODUCTS COMPANY, LLC","bldgclass":"D6","landuse":"04","zonedist1":"C6-5.5","zonedist2":null,"overlay1":null,"spdist1":"MiD","lotarea":3015,"bldgarea":23869,"comarea":3945,"resarea":19924,"officearea":1080,"retailarea":2865,"numfloors":10,"numbldgs":1,"unitsres":23,"unitstotal":25,"yearbuilt":1906,"yearalter1":1981,"builtfar":7.92,"residfar":10,"commfar":12,"facilfar":12,"lotfront":30,"lotdepth":100.42,"borough":"MN","block":996,"lot":51}},{"type":"Feature","geometry":{"type":"Polygon","coordinates":[[[-73.985329,40.756653],[-73.985154,40.756898],[-73.985024,40.756844],[-73.985199,40.756599],[-73.985329,40.756653]]]},"properties":{"bbl":"1009960054","address":"152 WEST 44 STREET","owner":"KING DAVID DEVELOPMEN","bldgclass":"K4","landuse":"04","zonedist1":"C6-7T","zonedist2":"C6-5.5","overlay1":null,"spdist1":"MiD","lotarea":4100,"bldgarea":14401,"comarea":10837,"resarea":3564,"officearea":0,"retailarea":7273,"numfloors":4,"numbldgs":1,"unitsres":8,"unitstotal":9,"yearbuilt":1910,"yearalter1":1954,"builtfar":3.51,"residfar":10,"commfar":14,"facilfar":14,"lotfront":40.67,"lotdepth":100.42,"borough":"MN","block":996,"lot":54}},{"type":"Feature","geometry":{"type":"Polygon","coordinates":[[[-73.985329,40.756653],[-73.985396,40.756681],[-73.985404,40.756685],[-73.985229,40.75693],[-73.985154,40.756898],[-73.985329,40.756653]]]},"properties":{"bbl":"1009960056","address":"156 WEST 44 STREET","owner":"VAN DORN REALTY LLC","bldgclass":"D6","landuse":"04","zonedist1":"C6-7T","zonedist2":null,"overlay1":null,"spdist1":"MiD","lotarea":2410,"bldgarea":23569,"comarea":5439,"resarea":18130,"officearea":3626,"retailarea":1813,"numfloors":12,"numbldgs":1,"unitsres":9,"unitstotal":12,"yearbuilt":1925,"yearalter1":1979,"builtfar":9.78,"residfar":10,"commfar":14,"facilfar":14,"lotfront":24,"lotdepth":100.42,"borough":"MN","block":996,"lot":56}},{"type":"Feature","geometry":{"type":"Polygon","coordinates":[[[-73.984628,40.757492],[-73.984805,40.757249],[-73.984922,40.757298],[-73.985103,40.757051],[-73.985678,40.757293],[-73.985429,40.757829],[-73.984628,40.757492]]]},"properties":{"bbl":"1009970001","address":"1514 BROADWAY","owner":"44-45 BROADWAY REALTY CO","bldgclass":"K2","landuse":"05","zonedist1":"C6-7T","zonedist2":null,"overlay1":null,"spdist1":"MiD","lotarea":44475,"bldgarea":119000,"comarea":119000,"resarea":0,"officearea":2000,"retailarea":114000,"numfloors":4,"numbldgs":1,"unitsres":0,"unitstotal":29,"yearbuilt":1938,"yearalter1":2001,"builtfar":2.68,"residfar":10,"commfar":14,"facilfar":14,"lotfront":203.77,"lotdepth":256.36,"borough":"MN","block":997,"lot":1}},{"type":"Feature","geometry":{"type":"Polygon","coordinates":[[[-73.984208,40.757315],[-73.984385,40.757072],[-73.984417,40.757086],[-73.984598,40.756838],[-73.985103,40.757051],[-73.984922,40.757298],[-73.984805,40.757249],[-73.984628,40.757492],[-73.984208,40.757315]]]},"properties":{"bbl":"1009970010","address":"153 WEST 44 STREET","owner":"CDL WEST 45TH STREETL.P.","bldgclass":"H1","landuse":"05","zonedist1":"C6-5.5","zonedist2":null,"overlay1":null,"spdist1":"MiD","lotarea":16820,"bldgarea":471985,"comarea":1985,"resarea":0,"officearea":0,"retailarea":1985,"numfloors":48,"numbldgs":3,"unitsres":0,"unitstotal":1,"yearbuilt":1988,"yearalter1":2016,"builtfar":28.06,"residfar":10,"commfar":12,"facilfar":12,"lotfront":117.42,"lotdepth":200.83,"borough":"MN","block":997,"lot":10}},{"type":"Feature","geometry":{"type":"Polygon","coordinates":[[[-73.987486,40.754683],[-73.987683,40.754766],[-73.987571,40.75492],[-73.987374,40.754838],[-73.987486,40.754683]]]},"properties":{"bbl":"1009930001","address":"561 7 AVENUE","owner":"151 WEST ASSOCIATES LLC","bldgclass":"O4","landuse":"05","zonedist1":"C5-3","zonedist2":null,"overlay1":null,"spdist1":"MiD","lotarea":3555,"bldgarea":71741,"comarea":71741,"resarea":0,"officearea":67441,"retailarea":4300,"numfloors":21,"numbldgs":1,"unitsres":0,"unitstotal":26,"yearbuilt":1925,"yearalter1":1989,"builtfar":20.18,"residfar":10,"commfar":15,"facilfar":15,"lotfront":59.25,"lotdepth":60,"borough":"MN","block":993,"lot":1}},{"type":"Feature","geometry":{"type":"Polygon","coordinates":[[[-73.9871,40.754829],[-73.98714,40.754773],[-73.987067,40.754759],[-73.987121,40.754692],[-73.987194,40.754706],[-73.987275,40.754594],[-73.987423,40.754656],[-73.987243,40.754905],[-73.98718,40.754878],[-73.987197,40.754854],[-73.987166,40.754841],[-73.9871,40.754829]]]},"properties":{"bbl":"1009930005","address":"143 WEST 40 STREET","owner":"1435 BROADWAY LLC","bldgclass":"G9","landuse":"07","zonedist1":"C5-3","zonedist2":null,"overlay1":null,"spdist1":"MiD","lotarea":5155,"bldgarea":43571,"comarea":43571,"resarea":0,"officearea":0,"retailarea":813,"numfloors":9,"numbldgs":1,"unitsres":0,"unitstotal":2,"yearbuilt":1964,"yearalter1":0,"builtfar":8.45,"residfar":10,"commfar":15,"facilfar":15,"lotfront":50,"lotdepth":98.75,"borough":"MN","block":993,"lot":5}},{"type":"Feature","geometry":{"type":"Polygon","coordinates":[[[-73.986276,40.754564],[-73.986322,40.754501],[-73.98612,40.754417],[-73.98594,40.754663],[-73.985748,40.754582],[-73.985928,40.754336],[-73.985862,40.754308],[-73.986036,40.75407],[-73.986681,40.754343],[-73.986573,40.754688],[-73.986276,40.754564]]]},"properties":{"bbl":"1009930011","address":"1440 BROADWAY","owner":"1440 BROADWAY NY OWNER, LLC","bldgclass":"O4","landuse":"05","zonedist1":"C5-3","zonedist2":"C5-2.5","overlay1":null,"spdist1":"MiD","lotarea":30200,"bldgarea":747576,"comarea":747576,"resarea":0,"officearea":722821,"retailarea":23635,"numfloors":25,"numbldgs":1,"unitsres":0,"unitstotal":44,"yearbuilt":1924,"yearalter1":2018,"builtfar":24.75,"residfar":10,"commfar":15,"facilfar":15,"lotfront":128.08,"lotdepth":203.83,"borough":"MN","block":993,"lot":11}},{"type":"Feature","geometry":{"type":"Polygon","coordinates":[[[-73.984979,40.753938],[-73.98537,40.754102],[-73.98519,40.754348],[-73.984799,40.754184],[-73.984979,40.753938]]]},"properties":{"bbl":"1009930036","address":"1071 AVENUE OF THE AMERICAS","owner":"4 BRYANT PARK ASSOCIATES LLC","bldgclass":"O6","landuse":"05","zonedist1":"C5-3","zonedist2":null,"overlay1":null,"spdist1":"MiD","lotarea":12343,"bldgarea":174028,"comarea":174028,"resarea":0,"officearea":146648,"retailarea":27180,"numfloors":12,"numbldgs":1,"unitsres":0,"unitstotal":29,"yearbuilt":1919,"yearalter1":2001,"builtfar":14.1,"residfar":10,"commfar":15,"facilfar":15,"lotfront":98.75,"lotdepth":125,"borough":"MN","block":993,"lot":36}},{"type":"Feature","geometry":{"type":"Polygon","coordinates":[[[-73.9866,40.75575],[-73.986775,40.755192],[-73.987245,40.755382],[-73.986886,40.755871],[-73.9866,40.75575]]]},"properties":{"bbl":"1009940001","address":"1459 BROADWAY","owner":"NYC DEPARTMENT OF CITYWIDE ADMINISTRATIVE SERVICES","bldgclass":"O4","landuse":"05","zonedist1":"C6-7","zonedist2":null,"overlay1":null,"spdist1":"MiD","lotarea":22448,"bldgarea":1079378,"comarea":1079378,"resarea":0,"officearea":1059378,"retailarea":20000,"numfloors":48,"numbldgs":1,"unitsres":0,"unitstotal":70,"yearbuilt":2002,"yearalter1":0,"builtfar":48.08,"residfar":10,"commfar":15,"facilfar":15,"lotfront":205,"lotdepth":141.16,"borough":"MN","block":994,"lot":1}},{"type":"Feature","geometry":{"type":"Polygon","coordinates":[[[-73.985864,40.755127],[-73.985786,40.755094],[-73.985967,40.754847],[-73.986046,40.75488],[-73.985865,40.755127],[-73.985864,40.755127]]]},"properties":{"bbl":"1009940016","address":"141 WEST 41 STREET","owner":"JMVD REALTY NY LLC","bldgclass":"O5","landuse":"05","zonedist1":"C6-7","zonedist2":null,"overlay1":null,"spdist1":"MiD","lotarea":2468,"bldgarea":8545,"comarea":8545,"resarea":0,"officearea":6545,"retailarea":2000,"numfloors":5,"numbldgs":1,"unitsres":0,"unitstotal":6,"yearbuilt":1900,"yearalter1":0,"builtfar":3.46,"residfar":10,"commfar":15,"facilfar":15,"lotfront":25,"lotdepth":98.75,"borough":"MN","block":994,"lot":16}},{"type":"Feature","geometry":{"type":"Polygon","coordinates":[[[-73.985329,40.756653],[-73.985199,40.756599],[-73.985375,40.756353],[-73.985572,40.756435],[-73.985396,40.756681],[-73.985329,40.756653]]]},"properties":{"bbl":"1009960009","address":"147 WEST 43 STREET","owner":"PATRICIA HAMILTON AS","bldgclass":"H2","landuse":"05","zonedist1":"C6-7T","zonedist2":null,"overlay1":null,"spdist1":"MiD","lotarea":6030,"bldgarea":30150,"comarea":5025,"resarea":0,"officearea":0,"retailarea":5025,"numfloors":6,"numbldgs":1,"unitsres":0,"unitstotal":2,"yearbuilt":1910,"yearalter1":0,"builtfar":5,"residfar":10,"commfar":14,"facilfar":14,"lotfront":60,"lotdepth":100.42,"borough":"MN","block":996,"lot":9}},{"type":"Feature","geometry":{"type":"Polygon","coordinates":[[[-73.984552,40.756329],[-73.984493,40.756304],[-73.984669,40.756058],[-73.984738,40.756087],[-73.984562,40.756333],[-73.984552,40.756329]]]},"properties":{"bbl":"1009960020","address":"125 WEST 43 STREET","owner":"CHARLES U MARTEL","bldgclass":"S9","landuse":"04","zonedist1":"C6-5.5","zonedist2":null,"overlay1":null,"spdist1":"MiD","lotarea":2092,"bldgarea":7293,"comarea":1800,"resarea":5493,"officearea":0,"retailarea":1800,"numfloors":5,"numbldgs":1,"unitsres":6,"unitstotal":8,"yearbuilt":1910,"yearalter1":0,"builtfar":3.49,"residfar":10,"commfar":12,"facilfar":12,"lotfront":20.83,"lotdepth":100.42,"borough":"MN","block":996,"lot":20}},{"type":"Feature","geometry":{"type":"Polygon","coordinates":[[[-73.983569,40.757875],[-73.983756,40.757619],[-73.983803,40.757639],[-73.983866,40.757665],[-73.983929,40.757692],[-73.983993,40.757719],[-73.984008,40.757725],[-73.983821,40.757981],[-73.983569,40.757875]]]},"properties":{"bbl":"1009980047","address":"126 WEST 46 STREET","owner":"NYMZ, LLC","bldgclass":"H1","landuse":"05","zonedist1":"C6-5.5","zonedist2":null,"overlay1":null,"spdist1":"MiD","lotarea":8033,"bldgarea":113969,"comarea":5000,"resarea":0,"officearea":0,"retailarea":5000,"numfloors":17,"numbldgs":1,"unitsres":0,"unitstotal":2,"yearbuilt":1912,"yearalter1":1999,"builtfar":14.19,"residfar":10,"commfar":12,"facilfar":12,"lotfront":80,"lotdepth":100.42,"borough":"MN","block":998,"lot":47}},{"type":"Feature","geometry":{"type":"Polygon","coordinates":[[[-73.983141,40.758513],[-73.983319,40.758261],[-73.9834,40.758295],[-73.98344,40.758311],[-73.983261,40.758564],[-73.983141,40.758513]]]},"properties":{"bbl":"1009990048","address":"132 WEST 47 STREET","owner":"47TH HOTEL ASSOCIATES LLC","bldgclass":"H3","landuse":"05","zonedist1":"C6-5.5","zonedist2":null,"overlay1":null,"spdist1":"MiD","lotarea":3766,"bldgarea":30375,"comarea":1870,"resarea":0,"officearea":0,"retailarea":1500,"numfloors":9,"numbldgs":1,"unitsres":0,"unitstotal":1,"yearbuilt":1939,"yearalter1":2010,"builtfar":8.07,"residfar":10,"commfar":12,"facilfar":12,"lotfront":37.5,"lotdepth":100.42,"borough":"MN","block":999,"lot":48}},{"type":"Feature","geometry":{"type":"Polygon","coordinates":[[[-73.984026,40.758553],[-73.983844,40.75881],[-73.983616,40.758714],[-73.983801,40.758458],[-73.983864,40.758484],[-73.983918,40.758507],[-73.984026,40.758553]]]},"properties":{"bbl":"1009990054","address":"150 WEST 47 STREET","owner":"EKA 150 WEST 47TH STREET LLC","bldgclass":"D6","landuse":"04","zonedist1":"C6-5.5","zonedist2":null,"overlay1":null,"spdist1":"MiD","lotarea":7112,"bldgarea":66182,"comarea":5000,"resarea":61182,"officearea":0,"retailarea":5000,"numfloors":13,"numbldgs":1,"unitsres":103,"unitstotal":105,"yearbuilt":1979,"yearalter1":1989,"builtfar":9.31,"residfar":10,"commfar":12,"facilfar":12,"lotfront":70.83,"lotdepth":100.42,"borough":"MN","block":999,"lot":54}},{"type":"Feature","geometry":{"type":"Polygon","coordinates":[[[-73.982885,40.759771],[-73.982886,40.759771],[-73.982737,40.759978],[-73.981084,40.759305],[-73.981436,40.758813],[-73.983012,40.759456],[-73.982839,40.759695],[-73.982916,40.759727],[-73.982885,40.759771]]]},"properties":{"bbl":"1010010029","address":"1221 AVENUE OF THE AMERICAS","owner":"1221 AVENUE HOLDINGS LLC","bldgclass":"O4","landuse":"05","zonedist1":"C6-5.5","zonedist2":"C6-6","overlay1":null,"spdist1":"MiD","lotarea":102452,"bldgarea":2636182,"comarea":2636182,"resarea":0,"officearea":2391820,"retailarea":85131,"numfloors":51,"numbldgs":1,"unitsres":0,"unitstotal":71,"yearbuilt":1971,"yearalter1":0,"builtfar":25.73,"residfar":10,"commfar":12,"facilfar":12,"lotfront":200.83,"lotdepth":525.25,"borough":"MN","block":1001,"lot":29}},{"type":"Feature","geometry":{"type":"Polygon","coordinates":[[[-73.984275,40.757026],[-73.984227,40.757006],[-73.984408,40.756759],[-73.984598,40.756838],[-73.984417,40.757086],[-73.984385,40.757072],[-73.984275,40.757026]]]},"properties":{"bbl":"1009970017","address":"133 WEST 44 STREET","owner":"CDL WEST 45TH STREET,","bldgclass":"H1","landuse":"05","zonedist1":"C6-5.5","zonedist2":null,"overlay1":null,"spdist1":"MiD","lotarea":6025,"bldgarea":85000,"comarea":null,"resarea":null,"officearea":null,"retailarea":null,"numfloors":21,"numbldgs":1,"unitsres":0,"unitstotal":1,"yearbuilt":1998,"yearalter1":0,"builtfar":14.11,"residfar":10,"commfar":12,"facilfar":12,"lotfront":60,"lotdepth":100.42,"borough":"MN","block":997,"lot":17}},{"type":"Feature","geometry":{"type":"Polygon","coordinates":[[[-73.983667,40.756446],[-73.983486,40.756694],[-73.983785,40.75682],[-73.983608,40.757063],[-73.982913,40.75677],[-73.983272,40.75628],[-73.983667,40.756446]]]},"properties":{"bbl":"1009970029","address":"1155 AVENUE OF THE AMERICAS","owner":"DOLP 1155 PROPERTIES II LLC","bldgclass":"O4","landuse":"05","zonedist1":"C6-6","zonedist2":null,"overlay1":null,"spdist1":"MiD","lotarea":33639,"bldgarea":734668,"comarea":734668,"resarea":0,"officearea":686025,"retailarea":11510,"numfloors":40,"numbldgs":1,"unitsres":0,"unitstotal":43,"yearbuilt":1984,"yearalter1":2016,"builtfar":21.84,"residfar":10,"commfar":15,"facilfar":15,"lotfront":200,"lotdepth":210,"borough":"MN","block":997,"lot":29}},{"type":"Feature","geometry":{"type":"Polygon","coordinates":[[[-73.983608,40.757063],[-73.983785,40.75682],[-73.983912,40.756873],[-73.984227,40.757006],[-73.984275,40.757026],[-73.984097,40.757269],[-73.983608,40.757063]]]},"properties":{"bbl":"1009970041","address":"120 WEST 45 STREET","owner":"33RD T45 LLC","bldgclass":"O4","landuse":"05","zonedist1":"C6-5.5","zonedist2":null,"overlay1":null,"spdist1":"MiD","lotarea":15565,"bldgarea":426056,"comarea":426056,"resarea":0,"officearea":414076,"retailarea":2736,"numfloors":40,"numbldgs":1,"unitsres":0,"unitstotal":66,"yearbuilt":1988,"yearalter1":0,"builtfar":27.37,"residfar":10,"commfar":12,"facilfar":12,"lotfront":155,"lotdepth":100.42,"borough":"MN","block":997,"lot":41}},{"type":"Feature","geometry":{"type":"Polygon","coordinates":[[[-73.984097,40.757269],[-73.984275,40.757026],[-73.984385,40.757072],[-73.984208,40.757315],[-73.984097,40.757269]]]},"properties":{"bbl":"1009970047","address":"132 WEST 45 STREET","owner":"B.K.B.W. REALTY CORP.","bldgclass":"H3","landuse":"05","zonedist1":"C6-5.5","zonedist2":null,"overlay1":null,"spdist1":"MiD","lotarea":3518,"bldgarea":22880,"comarea":null,"resarea":null,"officearea":null,"retailarea":null,"numfloors":8,"numbldgs":1,"unitsres":0,"unitstotal":1,"yearbuilt":1900,"yearalter1":1988,"builtfar":6.5,"residfar":10,"commfar":12,"facilfar":12,"lotfront":35,"lotdepth":100.42,"borough":"MN","block":997,"lot":47}},{"type":"Feature","geometry":{"type":"Polygon","coordinates":[[[-73.98425,40.758161],[-73.984437,40.757906],[-73.984339,40.757864],[-73.98432,40.757856],[-73.984499,40.757611],[-73.98477,40.757725],[-73.984591,40.75797],[-73.984483,40.757925],[-73.984296,40.75818],[-73.98425,40.758161]]]},"properties":{"bbl":"1009980008","address":"149 WEST 45 STREET","owner":"LYCEUM THEATRE CORP","bldgclass":"J4","landuse":"05","zonedist1":"C6-5.5","zonedist2":null,"overlay1":null,"spdist1":"MiD","lotarea":10125,"bldgarea":27922,"comarea":27922,"resarea":0,"officearea":0,"retailarea":0,"numfloors":6,"numbldgs":1,"unitsres":0,"unitstotal":1,"yearbuilt":1903,"yearalter1":1988,"builtfar":2.76,"residfar":10,"commfar":12,"facilfar":12,"lotfront":85.73,"lotdepth":200.84,"borough":"MN","block":998,"lot":8}},{"type":"Feature","geometry":{"type":"Polygon","coordinates":[[[-73.984292,40.757844],[-73.984246,40.757825],[-73.9842,40.757806],[-73.984149,40.757785],[-73.984103,40.757765],[-73.984282,40.75752],[-73.984499,40.757611],[-73.98432,40.757856],[-73.984292,40.757844]]]},"properties":{"bbl":"1009980012","address":"145 WEST 45 STREET","owner":"550 STEWART ACQUISITION LLC","bldgclass":"O6","landuse":"05","zonedist1":"C6-5.5","zonedist2":null,"overlay1":null,"spdist1":"MiD","lotarea":6886,"bldgarea":76660,"comarea":76660,"resarea":0,"officearea":69460,"retailarea":7200,"numfloors":12,"numbldgs":1,"unitsres":0,"unitstotal":85,"yearbuilt":1911,"yearalter1":1989,"builtfar":11.13,"residfar":10,"commfar":12,"facilfar":12,"lotfront":68.58,"lotdepth":100.42,"borough":"MN","block":998,"lot":12}},{"type":"Feature","geometry":{"type":"Polygon","coordinates":[[[-73.983653,40.757517],[-73.983799,40.757317],[-73.983982,40.757394],[-73.983836,40.757594],[-73.983653,40.757517]]]},"properties":{"bbl":"1009980018","address":"125 WEST 45 STREET","owner":"FERRADO HOTELS LLC","bldgclass":"H3","landuse":"05","zonedist1":"C6-5.5","zonedist2":null,"overlay1":null,"spdist1":"MiD","lotarea":4715,"bldgarea":57520,"comarea":4670,"resarea":0,"officearea":0,"retailarea":4670,"numfloors":16,"numbldgs":1,"unitsres":0,"unitstotal":2,"yearbuilt":1928,"yearalter1":2004,"builtfar":12.2,"residfar":10,"commfar":12,"facilfar":12,"lotfront":57.5,"lotdepth":82,"borough":"MN","block":998,"lot":18}},{"type":"Feature","geometry":{"type":"Polygon","coordinates":[[[-73.983593,40.757492],[-73.983464,40.757438],[-73.983611,40.757238],[-73.983739,40.757291],[-73.983593,40.757492]]]},"properties":{"bbl":"1009980021","address":"121 WEST 45 STREET","owner":"121 WEST 45TH OWNER LLC","bldgclass":"K2","landuse":"05","zonedist1":"C6-5.5","zonedist2":null,"overlay1":null,"spdist1":"MiD","lotarea":3116,"bldgarea":11556,"comarea":11556,"resarea":0,"officearea":0,"retailarea":11556,"numfloors":4,"numbldgs":1,"unitsres":0,"unitstotal":1,"yearbuilt":1920,"yearalter1":2018,"builtfar":3.71,"residfar":10,"commfar":12,"facilfar":12,"lotfront":38.33,"lotdepth":82,"borough":"MN","block":998,"lot":21}},{"type":"Feature","geometry":{"type":"Polygon","coordinates":[[[-73.983611,40.757238],[-73.983464,40.757438],[-73.983432,40.757483],[-73.983353,40.757449],[-73.983532,40.757204],[-73.983611,40.757238]]]},"properties":{"bbl":"1009980023","address":"119 WEST 45 STREET","owner":"119 W 45TH MANAGEMENT LLC","bldgclass":"H2","landuse":"05","zonedist1":"C6-5.5","zonedist2":null,"overlay1":null,"spdist1":"MiD","lotarea":2510,"bldgarea":13039,"comarea":2000,"resarea":0,"officearea":0,"retailarea":2000,"numfloors":6,"numbldgs":1,"unitsres":0,"unitstotal":1,"yearbuilt":1920,"yearalter1":2015,"builtfar":5.19,"residfar":10,"commfar":12,"facilfar":12,"lotfront":25,"lotdepth":100.42,"borough":"MN","block":998,"lot":23}},{"type":"Feature","geometry":{"type":"Polygon","coordinates":[[[-73.983353,40.757449],[-73.983274,40.757416],[-73.983211,40.75739],[-73.98339,40.757144],[-73.983532,40.757204],[-73.983353,40.757449]]]},"properties":{"bbl":"1009980024","address":"115 WEST 45 STREET","owner":"KIAMIE NEW YORK CORP","bldgclass":"O6","landuse":"05","zonedist1":"C6-5.5","zonedist2":"C6-6","overlay1":null,"spdist1":"MiD","lotarea":4523,"bldgarea":53281,"comarea":53281,"resarea":0,"officearea":43281,"retailarea":10000,"numfloors":12,"numbldgs":1,"unitsres":0,"unitstotal":29,"yearbuilt":1925,"yearalter1":1987,"builtfar":11.78,"residfar":10,"commfar":12,"facilfar":12,"lotfront":45,"lotdepth":100.42,"borough":"MN","block":998,"lot":24}},{"type":"Feature","geometry":{"type":"Polygon","coordinates":[[[-73.983201,40.757065],[-73.983021,40.75731],[-73.983211,40.75739],[-73.983274,40.757416],[-73.983087,40.757672],[-73.982449,40.757404],[-73.982816,40.756903],[-73.983201,40.757065]]]},"properties":{"bbl":"1009980029","address":"1177 AVENUE OF THE AMERICAS","owner":"1177 PROPERTY LLC","bldgclass":"O4","landuse":"05","zonedist1":"C6-6","zonedist2":null,"overlay1":null,"spdist1":"MiD","lotarea":32134,"bldgarea":912955,"comarea":912955,"resarea":0,"officearea":879778,"retailarea":29132,"numfloors":47,"numbldgs":1,"unitsres":0,"unitstotal":76,"yearbuilt":1988,"yearalter1":2016,"builtfar":28.41,"residfar":10,"commfar":15,"facilfar":15,"lotfront":200.83,"lotdepth":200,"borough":"MN","block":998,"lot":29}},{"type":"Feature","geometry":{"type":"Polygon","coordinates":[[[-73.983869,40.758001],[-73.983821,40.757981],[-73.984008,40.757725],[-73.984056,40.757745],[-73.983869,40.758001]]]},"properties":{"bbl":"1009980050","address":"134 WEST 46 STREET","owner":"WEST 46TH STREET PARTNERS LLC","bldgclass":"S5","landuse":"04","zonedist1":"C6-5.5","zonedist2":null,"overlay1":null,"spdist1":"MiD","lotarea":1506,"bldgarea":7150,"comarea":3000,"resarea":4150,"officearea":0,"retailarea":3000,"numfloors":5,"numbldgs":1,"unitsres":5,"unitstotal":6,"yearbuilt":1920,"yearalter1":1988,"builtfar":4.75,"residfar":10,"commfar":12,"facilfar":12,"lotfront":15,"lotdepth":100.42,"borough":"MN","block":998,"lot":50}},{"type":"Feature","geometry":{"type":"Polygon","coordinates":[[[-73.984013,40.758061],[-73.983962,40.75804],[-73.984149,40.757785],[-73.9842,40.757806],[-73.984013,40.758061]]]},"properties":{"bbl":"1009980052","address":"140 WEST 46 STREET","owner":"LUCKY MAC'S REALTY LLC","bldgclass":"D6","landuse":"04","zonedist1":"C6-5.5","zonedist2":null,"overlay1":null,"spdist1":"MiD","lotarea":1506,"bldgarea":5685,"comarea":2274,"resarea":3411,"officearea":0,"retailarea":2274,"numfloors":5,"numbldgs":1,"unitsres":8,"unitstotal":9,"yearbuilt":1920,"yearalter1":2009,"builtfar":3.77,"residfar":10,"commfar":12,"facilfar":12,"lotfront":15,"lotdepth":100.42,"borough":"MN","block":998,"lot":52}},{"type":"Feature","geometry":{"type":"Polygon","coordinates":[[[-73.984105,40.7581],[-73.984059,40.758081],[-73.984246,40.757825],[-73.984292,40.757844],[-73.984105,40.7581]]]},"properties":{"bbl":"1009980053","address":"144 WEST 46 STREET","owner":"WEST 46TH STREET REALTY LLC","bldgclass":"K4","landuse":"04","zonedist1":"C6-5.5","zonedist2":null,"overlay1":null,"spdist1":"MiD","lotarea":1506,"bldgarea":5960,"comarea":4768,"resarea":1192,"officearea":1192,"retailarea":2384,"numfloors":5,"numbldgs":1,"unitsres":1,"unitstotal":3,"yearbuilt":1920,"yearalter1":0,"builtfar":3.96,"residfar":10,"commfar":12,"facilfar":12,"lotfront":15,"lotdepth":100.42,"borough":"MN","block":998,"lot":53}},{"type":"Feature","geometry":{"type":"Polygon","coordinates":[[[-73.984105,40.7581],[-73.984292,40.757844],[-73.98432,40.757856],[-73.984339,40.757864],[-73.984152,40.75812],[-73.984105,40.7581]]]},"properties":{"bbl":"1009980054","address":"146 WEST 46 STREET","owner":"MKY REALTOR CORP","bldgclass":"S9","landuse":"04","zonedist1":"C6-5.5","zonedist2":null,"overlay1":null,"spdist1":"MiD","lotarea":1506,"bldgarea":5835,"comarea":2334,"resarea":3501,"officearea":0,"retailarea":2334,"numfloors":5,"numbldgs":1,"unitsres":6,"unitstotal":8,"yearbuilt":1920,"yearalter1":2009,"builtfar":3.87,"residfar":10,"commfar":12,"facilfar":12,"lotfront":15,"lotdepth":100.42,"borough":"MN","block":998,"lot":54}},{"type":"Feature","geometry":{"type":"Polygon","coordinates":[[[-73.984437,40.757906],[-73.98425,40.758161],[-73.984152,40.75812],[-73.984339,40.757864],[-73.984437,40.757906]]]},"properties":{"bbl":"1009980055","address":"150 WEST 46 STREET","owner":"S & R PROPERTIES OFNEW YORK INC","bldgclass":"O6","landuse":"05","zonedist1":"C6-5.5","zonedist2":null,"overlay1":null,"spdist1":"MiD","lotarea":3013,"bldgarea":20250,"comarea":20250,"resarea":0,"officearea":13500,"retailarea":6750,"numfloors":7,"numbldgs":1,"unitsres":0,"unitstotal":3,"yearbuilt":1920,"yearalter1":1990,"builtfar":6.72,"residfar":10,"commfar":12,"facilfar":12,"lotfront":30,"lotdepth":100.42,"borough":"MN","block":998,"lot":55}},{"type":"Feature","geometry":{"type":"Polygon","coordinates":[[[-73.983593,40.757492],[-73.983739,40.757291],[-73.983799,40.757317],[-73.983653,40.757517],[-73.983593,40.757492]]]},"properties":{"bbl":"1009980120","address":"123 WEST 45 STREET","owner":"ABT MANAGEMENT LLC","bldgclass":"K4","landuse":"04","zonedist1":"C6-5.5","zonedist2":null,"overlay1":null,"spdist1":"MiD","lotarea":1571,"bldgarea":6020,"comarea":6020,"resarea":0,"officearea":0,"retailarea":2684,"numfloors":5,"numbldgs":1,"unitsres":0,"unitstotal":3,"yearbuilt":1930,"yearalter1":0,"builtfar":3.83,"residfar":10,"commfar":12,"facilfar":12,"lotfront":19.17,"lotdepth":82,"borough":"MN","block":998,"lot":120}},{"type":"Feature","geometry":{"type":"Polygon","coordinates":[[[-73.983916,40.758021],[-73.984103,40.757765],[-73.984149,40.757785],[-73.983962,40.75804],[-73.983916,40.758021]]]},"properties":{"bbl":"1009980151","address":"138 WEST 46 STREET","owner":"138 WEST 46TH STREETREALTY COMPANY","bldgclass":"S9","landuse":"04","zonedist1":"C6-5.5","zonedist2":null,"overlay1":null,"spdist1":"MiD","lotarea":1506,"bldgarea":7320,"comarea":2988,"resarea":4332,"officearea":0,"retailarea":2988,"numfloors":5,"numbldgs":1,"unitsres":6,"unitstotal":8,"yearbuilt":1924,"yearalter1":2005,"builtfar":4.86,"residfar":10,"commfar":12,"facilfar":12,"lotfront":15,"lotdepth":100.42,"borough":"MN","block":998,"lot":151}},{"type":"Feature","geometry":{"type":"Polygon","coordinates":[[[-73.9842,40.757806],[-73.984246,40.757825],[-73.984059,40.758081],[-73.984013,40.758061],[-73.9842,40.757806]]]},"properties":{"bbl":"1009980152","address":"142 WEST 46 STREET","owner":"LUCKY MAC'S REALTY LLC","bldgclass":"S5","landuse":"04","zonedist1":"C6-5.5","zonedist2":null,"overlay1":null,"spdist1":"MiD","lotarea":1506,"bldgarea":6990,"comarea":3000,"resarea":3990,"officearea":0,"retailarea":3000,"numfloors":5,"numbldgs":1,"unitsres":6,"unitstotal":7,"yearbuilt":1924,"yearalter1":2009,"builtfar":4.64,"residfar":10,"commfar":12,"facilfar":12,"lotfront":15,"lotdepth":100.42,"borough":"MN","block":998,"lot":152}},{"type":"Feature","geometry":{"type":"Polygon","coordinates":[[[-73.984718,40.758288],[-73.984679,40.758342],[-73.984296,40.75818],[-73.984483,40.757925],[-73.984591,40.75797],[-73.98477,40.757725],[-73.985368,40.757977],[-73.98504,40.758423],[-73.984718,40.758288]]]},"properties":{"bbl":"1009987501","address":"1538 BROADWAY","owner":"BERTELSMANN PROPERTY","bldgclass":"RC","landuse":"05","zonedist1":"C6-7T","zonedist2":null,"overlay1":null,"spdist1":"MiD","lotarea":38700,"bldgarea":919865,"comarea":919865,"resarea":0,"officearea":713211,"retailarea":130695,"numfloors":42,"numbldgs":1,"unitsres":0,"unitstotal":5,"yearbuilt":1989,"yearalter1":0,"builtfar":23.77,"residfar":10,"commfar":14,"facilfar":14,"lotfront":180.08,"lotdepth":186.06,"borough":"MN","block":998,"lot":7501}},{"type":"Feature","geometry":{"type":"Polygon","coordinates":[[[-73.984067,40.75857],[-73.984242,40.758326],[-73.984311,40.758355],[-73.984634,40.758492],[-73.984561,40.758592],[-73.984824,40.758703],[-73.98472,40.758847],[-73.984458,40.758736],[-73.984135,40.758599],[-73.984067,40.75857]]]},"properties":{"bbl":"1009990003","address":" BROADWAY","owner":"ACTORS EQUITY HOLDING CORP","bldgclass":"O6","landuse":"05","zonedist1":"C6-7T","zonedist2":null,"overlay1":null,"spdist1":"MiD","lotarea":16842,"bldgarea":236119,"comarea":236119,"resarea":0,"officearea":220093,"retailarea":16026,"numfloors":17,"numbldgs":1,"unitsres":0,"unitstotal":84,"yearbuilt":1925,"yearalter1":0,"builtfar":14.02,"residfar":10,"commfar":14,"facilfar":14,"lotfront":60,"lotdepth":200,"borough":"MN","block":999,"lot":3}},{"type":"Feature","geometry":{"type":"Polygon","coordinates":[[[-73.984026,40.758553],[-73.983918,40.758507],[-73.984094,40.758263],[-73.984242,40.758326],[-73.984067,40.75857],[-73.984026,40.758553]]]},"properties":{"bbl":"1009990009","address":"151 WEST 46 STREET","owner":"ELO EQUITY","bldgclass":"O6","landuse":"05","zonedist1":"C6-5.5","zonedist2":null,"overlay1":null,"spdist1":"MiD","lotarea":5025,"bldgarea":61160,"comarea":61160,"resarea":0,"officearea":56160,"retailarea":5000,"numfloors":14,"numbldgs":1,"unitsres":0,"unitstotal":2,"yearbuilt":1928,"yearalter1":0,"builtfar":12.17,"residfar":10,"commfar":12,"facilfar":12,"lotfront":50,"lotdepth":100.42,"borough":"MN","block":999,"lot":9}},{"type":"Feature","geometry":{"type":"Polygon","coordinates":[[[-73.983918,40.758507],[-73.983864,40.758484],[-73.98404,40.75824],[-73.984094,40.758263],[-73.983918,40.758507]]]},"properties":{"bbl":"1009990011","address":"149 WEST 46 STREET","owner":"MONTAGUE-LEE LIMITED PARTNERSHIP","bldgclass":"K4","landuse":"04","zonedist1":"C6-5.5","zonedist2":null,"overlay1":null,"spdist1":"MiD","lotarea":1883,"bldgarea":6972,"comarea":6972,"resarea":0,"officearea":0,"retailarea":3486,"numfloors":4,"numbldgs":1,"unitsres":0,"unitstotal":3,"yearbuilt":1920,"yearalter1":2000,"builtfar":3.7,"residfar":10,"commfar":12,"facilfar":12,"lotfront":18.75,"lotdepth":100.42,"borough":"MN","block":999,"lot":11}},{"type":"Feature","geometry":{"type":"Polygon","coordinates":[[[-73.983319,40.758261],[-73.983276,40.758242],[-73.983456,40.757993],[-73.98358,40.758045],[-73.9834,40.758295],[-73.983319,40.758261]]]},"properties":{"bbl":"1009990017","address":"129 WEST 46 STREET","owner":"KEY HOTELS, LLC","bldgclass":"H3","landuse":"05","zonedist1":"C6-5.5","zonedist2":null,"overlay1":null,"spdist1":"MiD","lotarea":3766,"bldgarea":27250,"comarea":2250,"resarea":0,"officearea":0,"retailarea":2250,"numfloors":9,"numbldgs":1,"unitsres":0,"unitstotal":2,"yearbuilt":1902,"yearalter1":1988,"builtfar":7.24,"residfar":10,"commfar":12,"facilfar":12,"lotfront":37.5,"lotdepth":100.42,"borough":"MN","block":999,"lot":17}},{"type":"Feature","geometry":{"type":"Polygon","coordinates":[[[-73.982612,40.758289],[-73.982795,40.758035],[-73.982902,40.75808],[-73.98308,40.757834],[-73.983456,40.757993],[-73.983276,40.758242],[-73.983251,40.758277],[-73.98318,40.758247],[-73.983024,40.758463],[-73.982612,40.758289]]]},"properties":{"bbl":"1009990019","address":"114 WEST 47 STREET","owner":"DOLP 114 PROPERTIES III LLC","bldgclass":"O4","landuse":"05","zonedist1":"C6-5.5","zonedist2":null,"overlay1":null,"spdist1":"MiD","lotarea":26100,"bldgarea":646995,"comarea":646995,"resarea":0,"officearea":600139,"retailarea":17349,"numfloors":25,"numbldgs":1,"unitsres":0,"unitstotal":40,"yearbuilt":1987,"yearalter1":2016,"builtfar":24.79,"residfar":10,"commfar":12,"facilfar":12,"lotfront":125,"lotdepth":200.83,"borough":"MN","block":999,"lot":19}},{"type":"Feature","geometry":{"type":"Polygon","coordinates":[[[-73.982353,40.757526],[-73.98308,40.757834],[-73.982902,40.75808],[-73.982795,40.758035],[-73.982612,40.758289],[-73.981991,40.758026],[-73.982353,40.757526]]]},"properties":{"bbl":"1009990029","address":"1185 AVENUE OF THE AMERICAS","owner":"SL GREEN REALTY CORP.","bldgclass":"O4","landuse":"05","zonedist1":"C6-6","zonedist2":null,"overlay1":null,"spdist1":"MiD","lotarea":42049,"bldgarea":1047390,"comarea":1047390,"resarea":0,"officearea":982230,"retailarea":22040,"numfloors":42,"numbldgs":2,"unitsres":0,"unitstotal":50,"yearbuilt":1970,"yearalter1":0,"builtfar":24.91,"residfar":10,"commfar":15,"facilfar":15,"lotfront":200.83,"lotdepth":225,"borough":"MN","block":999,"lot":29}},{"type":"Feature","geometry":{"type":"Polygon","coordinates":[[[-73.983024,40.758463],[-73.98318,40.758247],[-73.983251,40.758277],[-73.983276,40.758242],[-73.983319,40.758261],[-73.983141,40.758513],[-73.983024,40.758463]]]},"properties":{"bbl":"1009990046","address":"128 WEST 47 STREET","owner":"47TH HOTEL ASSOCIATES LLC","bldgclass":"H3","landuse":"05","zonedist1":"C6-5.5","zonedist2":null,"overlay1":null,"spdist1":"MiD","lotarea":3581,"bldgarea":18370,"comarea":1933,"resarea":0,"officearea":0,"retailarea":1,"numfloors":7,"numbldgs":1,"unitsres":0,"unitstotal":2,"yearbuilt":1910,"yearalter1":2006,"builtfar":5.13,"residfar":10,"commfar":12,"facilfar":12,"lotfront":37.5,"lotdepth":100.42,"borough":"MN","block":999,"lot":46}},{"type":"Feature","geometry":{"type":"Polygon","coordinates":[[[-73.983553,40.758687],[-73.983738,40.758431],[-73.983801,40.758458],[-73.983616,40.758714],[-73.983553,40.758687]]]},"properties":{"bbl":"1009990053","address":"146 WEST 47 STREET","owner":"146 W 47TH ST. LLC","bldgclass":"K2","landuse":"05","zonedist1":"C6-5.5","zonedist2":null,"overlay1":null,"spdist1":"MiD","lotarea":1883,"bldgarea":7000,"comarea":7000,"resarea":0,"officearea":0,"retailarea":7000,"numfloors":3,"numbldgs":1,"unitsres":0,"unitstotal":1,"yearbuilt":1920,"yearalter1":0,"builtfar":3.72,"residfar":10,"commfar":12,"facilfar":12,"lotfront":18.75,"lotdepth":100.42,"borough":"MN","block":999,"lot":53}},{"type":"Feature","geometry":{"type":"Polygon","coordinates":[[[-73.983864,40.758484],[-73.983801,40.758458],[-73.983977,40.758213],[-73.98404,40.75824],[-73.983864,40.758484]]]},"properties":{"bbl":"1009990111","address":"147 WEST 46 STREET","owner":"MONTAGUE-LEE LIMITED PARTNERSHIP","bldgclass":"K9","landuse":"05","zonedist1":"C6-5.5","zonedist2":null,"overlay1":null,"spdist1":"MiD","lotarea":1883,"bldgarea":6972,"comarea":6972,"resarea":0,"officearea":0,"retailarea":3486,"numfloors":4,"numbldgs":1,"unitsres":0,"unitstotal":3,"yearbuilt":1920,"yearalter1":2000,"builtfar":3.7,"residfar":10,"commfar":12,"facilfar":12,"lotfront":18.75,"lotdepth":100.42,"borough":"MN","block":999,"lot":111}},{"type":"Feature","geometry":{"type":"Polygon","coordinates":[[[-73.983867,40.759307],[-73.983809,40.759282],[-73.983746,40.759256],[-73.983929,40.759003],[-73.984449,40.759223],[-73.984268,40.759475],[-73.983867,40.759307]]]},"properties":{"bbl":"1010000001","address":"701 7 AVENUE","owner":"20 TSQ GROUNDCO LLC","bldgclass":"H1","landuse":"05","zonedist1":"C6-7T","zonedist2":null,"overlay1":null,"spdist1":"MiD","lotarea":16066,"bldgarea":369864,"comarea":76998,"resarea":0,"officearea":0,"retailarea":76998,"numfloors":42,"numbldgs":1,"unitsres":0,"unitstotal":4,"yearbuilt":1909,"yearalter1":1930,"builtfar":23.02,"residfar":10,"commfar":14,"facilfar":14,"lotfront":160,"lotdepth":100.42,"borough":"MN","block":1000,"lot":1}},{"type":"Feature","geometry":{"type":"Polygon","coordinates":[[[-73.983702,40.759238],[-73.983647,40.759214],[-73.983542,40.759171],[-73.983486,40.759147],[-73.983669,40.758893],[-73.983929,40.759003],[-73.983746,40.759256],[-73.983702,40.759238]]]},"properties":{"bbl":"1010000007","address":"157 WEST 47 STREET","owner":"157 WEST 47TH STREET HOTEL OWNER LP","bldgclass":"HB","landuse":"05","zonedist1":"C6-5.5","zonedist2":"C6-7T","overlay1":null,"spdist1":"MiD","lotarea":8040,"bldgarea":60619,"comarea":8000,"resarea":0,"officearea":0,"retailarea":8000,"numfloors":10,"numbldgs":1,"unitsres":0,"unitstotal":2,"yearbuilt":1906,"yearalter1":1988,"builtfar":7.54,"residfar":10,"commfar":12,"facilfar":12,"lotfront":80,"lotdepth":100.42,"borough":"MN","block":1000,"lot":7}},{"type":"Feature","geometry":{"type":"Polygon","coordinates":[[[-73.981547,40.758644],[-73.981908,40.758149],[-73.983295,40.758735],[-73.983111,40.75899],[-73.982995,40.758941],[-73.98282,40.759183],[-73.981547,40.758644]]]},"properties":{"bbl":"1010000029","address":"1211 AVENUE OF THE AMERICAS","owner":"1211 6TH AVENUE SYNDICATION PARTNERS JV,  L.P.","bldgclass":"O4","landuse":"05","zonedist1":"C6-5.5","zonedist2":"C6-6","overlay1":null,"spdist1":"MiD","lotarea":84855,"bldgarea":1984228,"comarea":1984228,"resarea":0,"officearea":1911850,"retailarea":21061,"numfloors":45,"numbldgs":1,"unitsres":0,"unitstotal":109,"yearbuilt":1973,"yearalter1":2016,"builtfar":23.38,"residfar":10,"commfar":12,"facilfar":12,"lotfront":200.83,"lotdepth":440,"borough":"MN","block":1000,"lot":29}},{"type":"Feature","geometry":{"type":"Polygon","coordinates":[[[-73.983875,40.759543],[-73.983919,40.759482],[-73.984183,40.759593],[-73.984138,40.759655],[-73.983875,40.759543]]]},"properties":{"bbl":"1010000062","address":"717 7 AVENUE","owner":"717 SEVENTH LLC","bldgclass":"K4","landuse":"04","zonedist1":"C6-7T","zonedist2":null,"overlay1":null,"spdist1":"MiD","lotarea":1975,"bldgarea":3450,"comarea":3450,"resarea":0,"officearea":0,"retailarea":1725,"numfloors":4,"numbldgs":1,"unitsres":0,"unitstotal":1,"yearbuilt":1920,"yearalter1":0,"builtfar":1.75,"residfar":10,"commfar":14,"facilfar":14,"lotfront":25,"lotdepth":79,"borough":"MN","block":1000,"lot":62}},{"type":"Feature","geometry":{"type":"Polygon","coordinates":[[[-73.98369,40.759552],[-73.983867,40.759307],[-73.984268,40.759475],[-73.984183,40.759593],[-73.983919,40.759482],[-73.983875,40.759543],[-73.983827,40.759609],[-73.98369,40.759552]]]},"properties":{"bbl":"1010000064","address":"711 7 AVENUE","owner":"CORNER LOCATIONS II","bldgclass":"H1","landuse":"05","zonedist1":"C6-7T","zonedist2":null,"overlay1":null,"spdist1":"MiD","lotarea":8067,"bldgarea":138464,"comarea":null,"resarea":null,"officearea":null,"retailarea":null,"numfloors":32,"numbldgs":3,"unitsres":0,"unitstotal":1,"yearbuilt":2023,"yearalter1":0,"builtfar":17.16,"residfar":10,"commfar":14,"facilfar":14,"lotfront":50,"lotdepth":120,"borough":"MN","block":1000,"lot":64}},{"type":"Feature","geometry":{"type":"Polygon","coordinates":[[[-73.982916,40.759727],[-73.982839,40.759695],[-73.983012,40.759456],[-73.983144,40.759509],[-73.982972,40.759748],[-73.982974,40.759749],[-73.982792,40.760001],[-73.982737,40.759978],[-73.982886,40.759771],[-73.982885,40.759771],[-73.982916,40.759727]]]},"properties":{"bbl":"1010010012","address":"WEST 48 STREET","owner":"1221 AVENUE HOLDINGS","bldgclass":"Z9","landuse":null,"zonedist1":"C6-5.5","zonedist2":null,"overlay1":null,"spdist1":"MiD","lotarea":5754,"bldgarea":0,"comarea":null,"resarea":null,"officearea":null,"retailarea":null,"numfloors":null,"numbldgs":0,"unitsres":0,"unitstotal":0,"yearbuilt":0,"yearalter1":0,"builtfar":0,"residfar":10,"commfar":12,"facilfar":12,"lotfront":40,"lotdepth":200.83,"borough":"MN","block":1001,"lot":12}},{"type":"Feature","geometry":{"type":"Polygon","coordinates":[[[-73.987637,40.755378],[-73.987768,40.755197],[-73.988086,40.75533],[-73.987954,40.755512],[-73.987637,40.755378]]]},"properties":{"bbl":"1010127502","address":"200 WEST 41 STREET","owner":"UNAVAILABLE OWNER","bldgclass":"RC","landuse":"05","zonedist1":"C6-7","zonedist2":null,"overlay1":null,"spdist1":"MiD","lotarea":7275,"bldgarea":150338,"comarea":150338,"resarea":0,"officearea":137127,"retailarea":12743,"numfloors":21,"numbldgs":1,"unitsres":0,"unitstotal":68,"yearbuilt":1926,"yearalter1":0,"builtfar":20.67,"residfar":10,"commfar":15,"facilfar":15,"lotfront":100,"lotdepth":72.75,"borough":"MN","block":1012,"lot":7502}},{"type":"Feature","geometry":{"type":"Polygon","coordinates":[[[-73.989101,40.756484],[-73.989278,40.75624],[-73.989752,40.75644],[-73.990075,40.756576],[-73.990029,40.756638],[-73.989984,40.756701],[-73.98971,40.757079],[-73.989387,40.756943],[-73.98929,40.756902],[-73.989479,40.756642],[-73.989264,40.756552],[-73.989101,40.756484]]]},"properties":{"bbl":"1010137501","address":"640 8 AVENUE","owner":"UNAVAILABLE OWNER","bldgclass":"RC","landuse":"05","zonedist1":"C6-7","zonedist2":"C6-6.5","overlay1":null,"spdist1":"MiD","lotarea":37854,"bldgarea":789726,"comarea":789726,"resarea":0,"officearea":742761,"retailarea":46965,"numfloors":40,"numbldgs":1,"unitsres":0,"unitstotal":2,"yearbuilt":2007,"yearalter1":0,"builtfar":20.86,"residfar":10,"commfar":15,"facilfar":15,"lotfront":197.5,"lotdepth":250,"borough":"MN","block":1013,"lot":7501}},{"type":"Feature","geometry":{"type":"Polygon","coordinates":[[[-73.988037,40.755547],[-73.987954,40.755512],[-73.988086,40.75533],[-73.988139,40.755257],[-73.988222,40.755292],[-73.988037,40.755547]]]},"properties":{"bbl":"1010120037","address":"206 WEST 41 STREET","owner":"NEDERLANDER THEATRICAL","bldgclass":"H3","landuse":"05","zonedist1":"C6-7","zonedist2":null,"overlay1":null,"spdist1":"MiD","lotarea":2469,"bldgarea":11562,"comarea":2110,"resarea":0,"officearea":0,"retailarea":2110,"numfloors":6,"numbldgs":1,"unitsres":47,"unitstotal":48,"yearbuilt":1900,"yearalter1":2002,"builtfar":4.68,"residfar":10,"commfar":15,"facilfar":15,"lotfront":25,"lotdepth":98.75,"borough":"MN","block":1012,"lot":37}},{"type":"Feature","geometry":{"type":"Polygon","coordinates":[[[-73.987877,40.756307],[-73.988062,40.756052],[-73.988237,40.756126],[-73.988417,40.755877],[-73.988494,40.75591],[-73.988129,40.756413],[-73.987877,40.756307]]]},"properties":{"bbl":"1010130042","address":"221 WEST 41 STREET","owner":"YS 220W42 OWNER LLC","bldgclass":"O4","landuse":"05","zonedist1":"C6-7","zonedist2":"C6-6.5","overlay1":null,"spdist1":"MiD","lotarea":10109,"bldgarea":235300,"comarea":235300,"resarea":0,"officearea":195300,"retailarea":40000,"numfloors":25,"numbldgs":1,"unitsres":0,"unitstotal":1,"yearbuilt":1921,"yearalter1":1999,"builtfar":23.28,"residfar":10,"commfar":15,"facilfar":15,"lotfront":77.33,"lotdepth":197.5,"borough":"MN","block":1013,"lot":42}},{"type":"Feature","geometry":{"type":"Polygon","coordinates":[[[-73.988823,40.757308],[-73.988357,40.757112],[-73.988109,40.757007],[-73.988296,40.756746],[-73.989559,40.75728],[-73.989372,40.75754],[-73.988823,40.757308]]]},"properties":{"bbl":"1010140001","address":"660 8 AVENUE","owner":"DTA FEE OWNER LLC","bldgclass":"K4","landuse":"04","zonedist1":"C6-7","zonedist2":null,"overlay1":null,"spdist1":"MiD","lotarea":40200,"bldgarea":150000,"comarea":150000,"resarea":0,"officearea":0,"retailarea":60000,"numfloors":6,"numbldgs":1,"unitsres":0,"unitstotal":16,"yearbuilt":1998,"yearalter1":0,"builtfar":3.73,"residfar":10,"commfar":15,"facilfar":15,"lotfront":400,"lotdepth":100.5,"borough":"MN","block":1014,"lot":1}},{"type":"Feature","geometry":{"type":"Polygon","coordinates":[[[-73.988061,40.756986],[-73.987874,40.756907],[-73.987891,40.756883],[-73.98806,40.756646],[-73.988296,40.756746],[-73.988109,40.757007],[-73.988061,40.756986]]]},"properties":{"bbl":"1010140017","address":"229 WEST 42 STREET","owner":"THE NEW 42ND ST., INC.","bldgclass":"J5","landuse":"05","zonedist1":"C6-7","zonedist2":null,"overlay1":null,"spdist1":"MiD","lotarea":7538,"bldgarea":84000,"comarea":84000,"resarea":0,"officearea":24200,"retailarea":1000,"numfloors":10,"numbldgs":1,"unitsres":0,"unitstotal":10,"yearbuilt":1999,"yearalter1":0,"builtfar":11.14,"residfar":10,"commfar":15,"facilfar":15,"lotfront":75,"lotdepth":100.5,"borough":"MN","block":1014,"lot":17}},{"type":"Feature","geometry":{"type":"Polygon","coordinates":[[[-73.987365,40.756692],[-73.987266,40.75665],[-73.987453,40.756389],[-73.987668,40.756481],[-73.987482,40.756742],[-73.987365,40.756692]]]},"properties":{"bbl":"1010140025","address":"207 WEST 42 STREET","owner":"THE NEW 42ND ST., INC.","bldgclass":"J4","landuse":"05","zonedist1":"C6-7","zonedist2":null,"overlay1":null,"spdist1":"MiD","lotarea":6928,"bldgarea":27738,"comarea":27738,"resarea":0,"officearea":0,"retailarea":0,"numfloors":5,"numbldgs":1,"unitsres":0,"unitstotal":1,"yearbuilt":1903,"yearalter1":1989,"builtfar":4,"residfar":10,"commfar":15,"facilfar":15,"lotfront":69,"lotdepth":100.42,"borough":"MN","block":1014,"lot":25}},{"type":"Feature","geometry":{"type":"Polygon","coordinates":[[[-73.987182,40.756948],[-73.987365,40.756692],[-73.987482,40.756742],[-73.987668,40.756481],[-73.987728,40.756506],[-73.987542,40.756767],[-73.987832,40.756889],[-73.987849,40.756865],[-73.987891,40.756883],[-73.987874,40.756907],[-73.988061,40.756986],[-73.987878,40.757242],[-73.987182,40.756948]]]},"properties":{"bbl":"1010140039","address":"214 WEST 43 STREET","owner":"NYC ECONOMIC DEVELOPMENT CORPORATION","bldgclass":"J4","landuse":"05","zonedist1":"C6-5","zonedist2":"C6-7","overlay1":null,"spdist1":"MiD","lotarea":24176,"bldgarea":85092,"comarea":85092,"resarea":0,"officearea":0,"retailarea":0,"numfloors":4,"numbldgs":2,"unitsres":0,"unitstotal":1,"yearbuilt":1903,"yearalter1":2017,"builtfar":3.52,"residfar":10,"commfar":10,"facilfar":10,"lotfront":219.33,"lotdepth":200.83,"borough":"MN","block":1014,"lot":39}},{"type":"Feature","geometry":{"type":"Polygon","coordinates":[[[-73.987878,40.757242],[-73.988061,40.756986],[-73.988109,40.757007],[-73.988357,40.757112],[-73.988175,40.757368],[-73.987878,40.757242]]]},"properties":{"bbl":"1010140041","address":"218 WEST 43 STREET","owner":"THE NEW 42ND ST., INC.","bldgclass":"J4","landuse":"05","zonedist1":"C6-5","zonedist2":null,"overlay1":null,"spdist1":"MiD","lotarea":9708,"bldgarea":36000,"comarea":36000,"resarea":0,"officearea":0,"retailarea":0,"numfloors":4,"numbldgs":1,"unitsres":0,"unitstotal":1,"yearbuilt":2000,"yearalter1":0,"builtfar":3.71,"residfar":10,"commfar":10,"facilfar":10,"lotfront":96.67,"lotdepth":100.42,"borough":"MN","block":1014,"lot":41}},{"type":"Feature","geometry":{"type":"Polygon","coordinates":[[[-73.988823,40.757308],[-73.98864,40.757564],[-73.988175,40.757368],[-73.988357,40.757112],[-73.988823,40.757308]]]},"properties":{"bbl":"1010140055","address":"250 WEST 43 STREET","owner":"250 WEST 43 OWNER LLC","bldgclass":"H3","landuse":"05","zonedist1":"C6-5","zonedist2":null,"overlay1":null,"spdist1":"MiD","lotarea":14500,"bldgarea":238818,"comarea":null,"resarea":null,"officearea":null,"retailarea":null,"numfloors":22,"numbldgs":1,"unitsres":0,"unitstotal":1,"yearbuilt":1929,"yearalter1":2016,"builtfar":16.47,"residfar":10,"commfar":10,"facilfar":10,"lotfront":145,"lotdepth":100,"borough":"MN","block":1014,"lot":55}},{"type":"Feature","geometry":{"type":"Polygon","coordinates":[[[-73.98864,40.757564],[-73.988823,40.757308],[-73.989372,40.75754],[-73.98919,40.757796],[-73.98864,40.757564]]]},"properties":{"bbl":"1010140058","address":"270 WEST 43 STREET","owner":"WESTIN HOTEL","bldgclass":"H2","landuse":"05","zonedist1":"C6-4","zonedist2":"C6-5","overlay1":null,"spdist1":"MiD","lotarea":17574,"bldgarea":690000,"comarea":1590,"resarea":0,"officearea":0,"retailarea":1590,"numfloors":46,"numbldgs":1,"unitsres":0,"unitstotal":3,"yearbuilt":2000,"yearalter1":0,"builtfar":39.26,"residfar":10,"commfar":10,"facilfar":10,"lotfront":175,"lotdepth":100.42,"borough":"MN","block":1014,"lot":58}},{"type":"Feature","geometry":{"type":"Polygon","coordinates":[[[-73.988622,40.757964],[-73.98858,40.758024],[-73.98845,40.757969],[-73.988283,40.757898],[-73.988461,40.757648],[-73.989102,40.757919],[-73.988966,40.75811],[-73.988622,40.757964]]]},"properties":{"bbl":"1010150001","address":"680 8 AVENUE","owner":"COMMON GROUND COMMUNITY HOUSING DEVELOPM ENT FUND C","bldgclass":"D5","landuse":"03","zonedist1":"C6-5","zonedist2":"C6-4","overlay1":null,"spdist1":"MiD","lotarea":17575,"bldgarea":211466,"comarea":3740,"resarea":207726,"officearea":1500,"retailarea":2240,"numfloors":15,"numbldgs":1,"unitsres":652,"unitstotal":656,"yearbuilt":1920,"yearalter1":1986,"builtfar":12.03,"residfar":10,"commfar":10,"facilfar":10,"lotfront":75.25,"lotdepth":200,"borough":"MN","block":1015,"lot":1}},{"type":"Feature","geometry":{"type":"Polygon","coordinates":[[[-73.98858,40.758024],[-73.988622,40.757964],[-73.988966,40.75811],[-73.988924,40.758169],[-73.98858,40.758024]]]},"properties":{"bbl":"1010150004","address":"688 8 AVENUE","owner":"688 DC LLC","bldgclass":"S5","landuse":"04","zonedist1":"C6-4","zonedist2":null,"overlay1":null,"spdist1":"MiD","lotarea":2508,"bldgarea":8484,"comarea":3394,"resarea":5090,"officearea":0,"retailarea":3394,"numfloors":5,"numbldgs":1,"unitsres":5,"unitstotal":6,"yearbuilt":1920,"yearalter1":2017,"builtfar":3.38,"residfar":10,"commfar":10,"facilfar":10,"lotfront":25.08,"lotdepth":100,"borough":"MN","block":1015,"lot":4}},{"type":"Feature","geometry":{"type":"Polygon","coordinates":[[[-73.988461,40.757648],[-73.988283,40.757898],[-73.988054,40.757801],[-73.98805,40.7578],[-73.988229,40.75755],[-73.988461,40.757648]]]},"properties":{"bbl":"1010150010","address":"249 WEST 43 STREET","owner":"249 WEST 43 STREET LLC","bldgclass":"G1","landuse":"10","zonedist1":"C6-5","zonedist2":null,"overlay1":null,"spdist1":"MiD","lotarea":7532,"bldgarea":35408,"comarea":35408,"resarea":0,"officearea":0,"retailarea":150,"numfloors":5,"numbldgs":1,"unitsres":0,"unitstotal":1,"yearbuilt":1949,"yearalter1":1989,"builtfar":4.7,"residfar":10,"commfar":10,"facilfar":10,"lotfront":75,"lotdepth":100.42,"borough":"MN","block":1015,"lot":10}},{"type":"Feature","geometry":{"type":"Polygon","coordinates":[[[-73.988557,40.758169],[-73.988513,40.758229],[-73.988476,40.758213],[-73.988429,40.758279],[-73.988275,40.758214],[-73.98845,40.757969],[-73.98858,40.758024],[-73.988924,40.758169],[-73.988839,40.758288],[-73.988557,40.758169]]]},"properties":{"bbl":"1010150059","address":"260 WEST 44 STREET","owner":"DEE CEE ASSOCIATES LP","bldgclass":"O5","landuse":"05","zonedist1":"C6-4","zonedist2":"C6-5","overlay1":null,"spdist1":"MiD","lotarea":10030,"bldgarea":41287,"comarea":41287,"resarea":0,"officearea":28287,"retailarea":13000,"numfloors":6,"numbldgs":1,"unitsres":0,"unitstotal":12,"yearbuilt":1920,"yearalter1":0,"builtfar":4.12,"residfar":10,"commfar":10,"facilfar":10,"lotfront":50,"lotdepth":100.42,"borough":"MN","block":1015,"lot":59}},{"type":"Feature","geometry":{"type":"Polygon","coordinates":[[[-73.988839,40.758288],[-73.988749,40.758414],[-73.988429,40.758279],[-73.988476,40.758213],[-73.988513,40.758229],[-73.988557,40.758169],[-73.988839,40.758288]]]},"properties":{"bbl":"1010150061","address":"694 8 AVENUE","owner":"DEE CEE ASSOCIATES, LLC","bldgclass":"O5","landuse":"05","zonedist1":"C6-4","zonedist2":null,"overlay1":null,"spdist1":"MiD","lotarea":5000,"bldgarea":23000,"comarea":23000,"resarea":0,"officearea":14400,"retailarea":8600,"numfloors":5,"numbldgs":2,"unitsres":0,"unitstotal":8,"yearbuilt":1900,"yearalter1":1998,"builtfar":4.6,"residfar":10,"commfar":10,"facilfar":10,"lotfront":50.21,"lotdepth":95.94,"borough":"MN","block":1015,"lot":61}},{"type":"Feature","geometry":{"type":"Polygon","coordinates":[[[-73.987223,40.757125],[-73.986867,40.757619],[-73.986202,40.757338],[-73.986556,40.756843],[-73.987223,40.757125]]]},"properties":{"bbl":"1010157502","address":"1501 BROADWAY","owner":"PARAMOUNT LEASEHOLD L.P.","bldgclass":"R0","landuse":null,"zonedist1":"C6-7T","zonedist2":null,"overlay1":null,"spdist1":"MiD","lotarea":41586,"bldgarea":1330298,"comarea":null,"resarea":null,"officearea":null,"retailarea":null,"numfloors":32,"numbldgs":1,"unitsres":null,"unitstotal":null,"yearbuilt":1926,"yearalter1":2016,"builtfar":31.99,"residfar":10,"commfar":14,"facilfar":14,"lotfront":200.83,"lotdepth":207,"borough":"MN","block":1015,"lot":7502}},{"type":"Feature","geometry":{"type":"Polygon","coordinates":[[[-73.987977,40.758551],[-73.98796,40.758574],[-73.987705,40.758468],[-73.987887,40.758217],[-73.988326,40.758401],[-73.988161,40.758628],[-73.987977,40.758551]]]},"properties":{"bbl":"1010160005","address":"245 WEST 44 STREET","owner":"MAJESTIC THEATRE, LLC","bldgclass":"J4","landuse":"05","zonedist1":"C6-5","zonedist2":null,"overlay1":null,"spdist1":"MiD","lotarea":13625,"bldgarea":33250,"comarea":33250,"resarea":0,"officearea":0,"retailarea":0,"numfloors":5,"numbldgs":1,"unitsres":0,"unitstotal":1,"yearbuilt":1927,"yearalter1":0,"builtfar":2.44,"residfar":10,"commfar":10,"facilfar":10,"lotfront":140.5,"lotdepth":100.42,"borough":"MN","block":1016,"lot":5}},{"type":"Feature","geometry":{"type":"Polygon","coordinates":[[[-73.986084,40.757466],[-73.987154,40.757912],[-73.986791,40.758411],[-73.985721,40.757965],[-73.986084,40.757466]]]},"properties":{"bbl":"1010160036","address":"1515 BROADWAY","owner":"1515 BROADWAY OWNER LLC","bldgclass":"O4","landuse":"05","zonedist1":"C6-7T","zonedist2":null,"overlay1":null,"spdist1":"MiD","lotarea":65764,"bldgarea":1721814,"comarea":1721814,"resarea":0,"officearea":1440374,"retailarea":173145,"numfloors":54,"numbldgs":1,"unitsres":0,"unitstotal":1,"yearbuilt":1970,"yearalter1":1990,"builtfar":26.18,"residfar":10,"commfar":14,"facilfar":14,"lotfront":200.83,"lotdepth":327.42,"borough":"MN","block":1016,"lot":36}},{"type":"Feature","geometry":{"type":"Polygon","coordinates":[[[-73.987491,40.758703],[-73.987672,40.758454],[-73.987705,40.758468],[-73.98796,40.758574],[-73.987958,40.758577],[-73.987909,40.758695],[-73.987795,40.758794],[-73.987775,40.758821],[-73.987491,40.758703]]]},"properties":{"bbl":"1010160055","address":"242 WEST 45 STREET","owner":"JACOBS THEATRE, LLC","bldgclass":"J4","landuse":"05","zonedist1":"C6-5","zonedist2":null,"overlay1":null,"spdist1":"MiD","lotarea":9275,"bldgarea":27000,"comarea":27000,"resarea":0,"officearea":0,"retailarea":0,"numfloors":5,"numbldgs":1,"unitsres":0,"unitstotal":1,"yearbuilt":1927,"yearalter1":2006,"builtfar":2.91,"residfar":10,"commfar":10,"facilfar":10,"lotfront":88.17,"lotdepth":100.42,"borough":"MN","block":1016,"lot":55}},{"type":"Feature","geometry":{"type":"Polygon","coordinates":[[[-73.988651,40.758536],[-73.988288,40.759035],[-73.987963,40.758899],[-73.988161,40.758628],[-73.988326,40.758401],[-73.988651,40.758536]]]},"properties":{"bbl":"1010167501","address":"700 8 AVENUE","owner":"UNAVAILABLE OWNER","bldgclass":"RC","landuse":"05","zonedist1":"C6-4","zonedist2":null,"overlay1":null,"spdist1":"MiD","lotarea":19982,"bldgarea":487156,"comarea":26883,"resarea":0,"officearea":0,"retailarea":26883,"numfloors":30,"numbldgs":1,"unitsres":0,"unitstotal":1332,"yearbuilt":1961,"yearalter1":0,"builtfar":24.38,"residfar":10,"commfar":10,"facilfar":10,"lotfront":200.83,"lotdepth":99.5,"borough":"MN","block":1016,"lot":7501}},{"type":"Feature","geometry":{"type":"Polygon","coordinates":[[[-73.988087,40.759312],[-73.988054,40.759356],[-73.987844,40.759268],[-73.987876,40.759223],[-73.988087,40.759312]]]},"properties":{"bbl":"1010170003","address":"730 8 AVENUE","owner":"EUGENE PROPERTIES LLC","bldgclass":"S5","landuse":"04","zonedist1":"C6-4","zonedist2":null,"overlay1":null,"spdist1":"MiD","lotarea":1238,"bldgarea":3950,"comarea":1000,"resarea":2950,"officearea":0,"retailarea":1000,"numfloors":4,"numbldgs":1,"unitsres":6,"unitstotal":7,"yearbuilt":1920,"yearalter1":1983,"builtfar":3.19,"residfar":10,"commfar":10,"facilfar":10,"lotfront":18.75,"lotdepth":66,"borough":"MN","block":1017,"lot":3}},{"type":"Feature","geometry":{"type":"Polygon","coordinates":[[[-73.986838,40.759247],[-73.987017,40.759002],[-73.98721,40.759083],[-73.987389,40.758837],[-73.987452,40.758863],[-73.987606,40.758928],[-73.987571,40.758976],[-73.987442,40.759152],[-73.987426,40.759174],[-73.987375,40.759152],[-73.987197,40.759397],[-73.986838,40.759247]]]},"properties":{"bbl":"1010170010","address":"249 WEST 45 STREET","owner":"IMPERIAL THEATRE, LLC","bldgclass":"J4","landuse":"05","zonedist1":"C6-5","zonedist2":null,"overlay1":null,"spdist1":"MiD","lotarea":18036,"bldgarea":40110,"comarea":40110,"resarea":0,"officearea":0,"retailarea":0,"numfloors":3,"numbldgs":1,"unitsres":0,"unitstotal":1,"yearbuilt":1923,"yearalter1":0,"builtfar":2.22,"residfar":10,"commfar":10,"facilfar":10,"lotfront":112.5,"lotdepth":200.83,"borough":"MN","block":1017,"lot":10}},{"type":"Feature","geometry":{"type":"Polygon","coordinates":[[[-73.98647,40.759094],[-73.986649,40.758847],[-73.986896,40.758951],[-73.987017,40.759002],[-73.986838,40.759247],[-73.98647,40.759094]]]},"properties":{"bbl":"1010170048","address":"226 WEST 46 STREET","owner":"NEDERLANDER 46TH ST.CP.","bldgclass":"J4","landuse":"05","zonedist1":"C6-7T","zonedist2":null,"overlay1":null,"spdist1":"MiD","lotarea":11296,"bldgarea":12920,"comarea":12920,"resarea":0,"officearea":0,"retailarea":0,"numfloors":5,"numbldgs":1,"unitsres":0,"unitstotal":1,"yearbuilt":1924,"yearalter1":2006,"builtfar":1.14,"residfar":10,"commfar":14,"facilfar":14,"lotfront":112.5,"lotdepth":100.42,"borough":"MN","block":1017,"lot":48}},{"type":"Feature","geometry":{"type":"Polygon","coordinates":[[[-73.987197,40.759397],[-73.987375,40.759152],[-73.987426,40.759174],[-73.98734,40.759293],[-73.987249,40.759418],[-73.987197,40.759397]]]},"properties":{"bbl":"1010170057","address":"252 WEST 46 STREET","owner":"PONSOLLE, JEAN CHRISTIAN","bldgclass":"K4","landuse":"04","zonedist1":"C6-5","zonedist2":null,"overlay1":null,"spdist1":"MiD","lotarea":1674,"bldgarea":4645,"comarea":3155,"resarea":1490,"officearea":1490,"retailarea":1665,"numfloors":4,"numbldgs":1,"unitsres":2,"unitstotal":5,"yearbuilt":1920,"yearalter1":1984,"builtfar":2.77,"residfar":10,"commfar":10,"facilfar":10,"lotfront":16.67,"lotdepth":100.42,"borough":"MN","block":1017,"lot":57}},{"type":"Feature","geometry":{"type":"Polygon","coordinates":[[[-73.985675,40.758123],[-73.987074,40.758706],[-73.986896,40.758951],[-73.986649,40.758847],[-73.98647,40.759094],[-73.985498,40.758689],[-73.985675,40.758123]]]},"properties":{"bbl":"1010177501","address":"1535 BROADWAY","owner":"UNAVAILABLE OWNER","bldgclass":"RC","landuse":"05","zonedist1":"C6-7T","zonedist2":null,"overlay1":null,"spdist1":"MiD","lotarea":74287,"bldgarea":1971406,"comarea":103921,"resarea":0,"officearea":0,"retailarea":51320,"numfloors":50,"numbldgs":1,"unitsres":0,"unitstotal":11,"yearbuilt":1995,"yearalter1":0,"builtfar":26.54,"residfar":10,"commfar":14,"facilfar":14,"lotfront":207.94,"lotdepth":433.94,"borough":"MN","block":1017,"lot":7501}},{"type":"Feature","geometry":{"type":"Polygon","coordinates":[[[-73.986543,40.759291],[-73.986786,40.759393],[-73.986606,40.759638],[-73.986363,40.759536],[-73.986543,40.759291]]]},"properties":{"bbl":"1010180013","address":"227 WEST 46 STREET","owner":"CHURCH OF SCIENTOLOGY NY","bldgclass":"M1","landuse":"08","zonedist1":"C6-5","zonedist2":null,"overlay1":null,"spdist1":"MiD","lotarea":7531,"bldgarea":47123,"comarea":47123,"resarea":0,"officearea":0,"retailarea":0,"numfloors":7,"numbldgs":1,"unitsres":0,"unitstotal":1,"yearbuilt":1919,"yearalter1":1957,"builtfar":6.26,"residfar":10,"commfar":10,"facilfar":10,"lotfront":75,"lotdepth":100.42,"borough":"MN","block":1018,"lot":13}},{"type":"Feature","geometry":{"type":"Polygon","coordinates":[[[-73.986206,40.75947],[-73.986387,40.759225],[-73.986543,40.759291],[-73.986363,40.759536],[-73.986206,40.75947]]]},"properties":{"bbl":"1010180016","address":"223 WEST 46 STREET","owner":"223 WEST 46TH STREET LLC","bldgclass":"H2","landuse":"05","zonedist1":"C6-5","zonedist2":null,"overlay1":null,"spdist1":"MiD","lotarea":5020,"bldgarea":61892,"comarea":null,"resarea":null,"officearea":null,"retailarea":null,"numfloors":21,"numbldgs":1,"unitsres":0,"unitstotal":0,"yearbuilt":2021,"yearalter1":0,"builtfar":12.33,"residfar":10,"commfar":10,"facilfar":10,"lotfront":50,"lotdepth":100.42,"borough":"MN","block":1018,"lot":16}},{"type":"Feature","geometry":{"type":"Polygon","coordinates":[[[-73.985809,40.759637],[-73.985996,40.759382],[-73.986049,40.759404],[-73.986229,40.759158],[-73.986387,40.759225],[-73.986206,40.75947],[-73.986363,40.759536],[-73.986606,40.759638],[-73.986786,40.759393],[-73.986865,40.759426],[-73.986685,40.759671],[-73.986497,40.759927],[-73.985809,40.759637]]]},"properties":{"bbl":"1010180018","address":"219 WEST 46 STREET","owner":"EDISON MANAGEMENT CO., L.L.C.","bldgclass":"H2","landuse":"05","zonedist1":"C6-5","zonedist2":null,"overlay1":null,"spdist1":"MiD","lotarea":29500,"bldgarea":399325,"comarea":null,"resarea":null,"officearea":null,"retailarea":null,"numfloors":22,"numbldgs":1,"unitsres":0,"unitstotal":2,"yearbuilt":1930,"yearalter1":0,"builtfar":13.54,"residfar":10,"commfar":10,"facilfar":10,"lotfront":217.5,"lotdepth":200.83,"borough":"MN","block":1018,"lot":18}},{"type":"Feature","geometry":{"type":"Polygon","coordinates":[[[-73.98579,40.758973],[-73.985704,40.75909],[-73.9854,40.758962],[-73.985447,40.758828],[-73.98579,40.758973]]]},"properties":{"bbl":"1010180026","address":"1551 BROADWAY","owner":"1551-1555 BROADWAY OWNER LLC","bldgclass":"K2","landuse":"05","zonedist1":"C6-7T","zonedist2":null,"overlay1":null,"spdist1":"MiD","lotarea":4350,"bldgarea":15450,"comarea":15450,"resarea":0,"officearea":0,"retailarea":15450,"numfloors":3,"numbldgs":1,"unitsres":0,"unitstotal":1,"yearbuilt":2008,"yearalter1":0,"builtfar":3.55,"residfar":10,"commfar":14,"facilfar":14,"lotfront":47.67,"lotdepth":100.25,"borough":"MN","block":1018,"lot":26}},{"type":"Feature","geometry":{"type":"Polygon","coordinates":[[[-73.985311,40.759215],[-73.985376,40.75903],[-73.98566,40.75915],[-73.98561,40.759219],[-73.985549,40.759302],[-73.985311,40.759215]]]},"properties":{"bbl":"1010180028","address":"1557 BROADWAY","owner":"DUFFY SQUARE ASSOC INC","bldgclass":"K4","landuse":"04","zonedist1":"C6-7T","zonedist2":null,"overlay1":null,"spdist1":"MiD","lotarea":5200,"bldgarea":19764,"comarea":19764,"resarea":0,"officearea":0,"retailarea":14824,"numfloors":3,"numbldgs":1,"unitsres":0,"unitstotal":1,"yearbuilt":1924,"yearalter1":0,"builtfar":3.8,"residfar":10,"commfar":14,"facilfar":14,"lotfront":70.83,"lotdepth":83.25,"borough":"MN","block":1018,"lot":28}},{"type":"Feature","geometry":{"type":"Polygon","coordinates":[[[-73.987012,40.756203],[-73.987453,40.756389],[-73.987266,40.75665],[-73.987365,40.756692],[-73.987182,40.756948],[-73.986643,40.75672],[-73.987012,40.756203]]]},"properties":{"bbl":"1010147501","address":"3 TIMES SQUARE","owner":"NYC DEPARTMENT OF CITYWIDE ADMINISTRATIVE SERVICES","bldgclass":"R0","landuse":null,"zonedist1":"C6-7","zonedist2":null,"overlay1":null,"spdist1":"MiD","lotarea":29630,"bldgarea":1049600,"comarea":null,"resarea":null,"officearea":null,"retailarea":null,"numfloors":32,"numbldgs":1,"unitsres":null,"unitstotal":null,"yearbuilt":1999,"yearalter1":0,"builtfar":35.42,"residfar":10,"commfar":15,"facilfar":15,"lotfront":200.1,"lotdepth":164,"borough":"MN","block":1014,"lot":7501}},{"type":"Feature","geometry":{"type":"Polygon","coordinates":[[[-73.98781,40.757698],[-73.987634,40.757943],[-73.987443,40.757862],[-73.987618,40.757617],[-73.98781,40.757698]]]},"properties":{"bbl":"1010150049","address":"234 WEST 44 STREET","owner":"THE SHUBERT ORGANIZATION INC","bldgclass":"O6","landuse":"05","zonedist1":"C6-5","zonedist2":null,"overlay1":null,"spdist1":"MiD","lotarea":5698,"bldgarea":55486,"comarea":55486,"resarea":0,"officearea":45486,"retailarea":10000,"numfloors":11,"numbldgs":1,"unitsres":0,"unitstotal":21,"yearbuilt":1927,"yearalter1":0,"builtfar":9.74,"residfar":10,"commfar":10,"facilfar":10,"lotfront":56.75,"lotdepth":100.42,"borough":"MN","block":1015,"lot":49}},{"type":"Feature","geometry":{"type":"Polygon","coordinates":[[[-73.987877,40.758046],[-73.98792,40.757986],[-73.987899,40.757977],[-73.987914,40.757955],[-73.987909,40.757953],[-73.987968,40.757871],[-73.987995,40.757883],[-73.988054,40.757801],[-73.988283,40.757898],[-73.98845,40.757969],[-73.988275,40.758214],[-73.987877,40.758046]]]},"properties":{"bbl":"1010150054","address":"246 WEST 44 STREET","owner":"JUJAMCYN THEATERS LLC","bldgclass":"J4","landuse":"05","zonedist1":"C6-5","zonedist2":null,"overlay1":null,"spdist1":"MiD","lotarea":12858,"bldgarea":31244,"comarea":31244,"resarea":0,"officearea":31244,"retailarea":0,"numfloors":8,"numbldgs":1,"unitsres":0,"unitstotal":4,"yearbuilt":1927,"yearalter1":2003,"builtfar":2.43,"residfar":10,"commfar":10,"facilfar":10,"lotfront":124.5,"lotdepth":100.42,"borough":"MN","block":1015,"lot":54}},{"type":"Feature","geometry":{"type":"Polygon","coordinates":[[[-73.985376,40.75903],[-73.9854,40.758962],[-73.985704,40.75909],[-73.98566,40.75915],[-73.985376,40.75903]]]},"properties":{"bbl":"1010180027","address":"1555 BROADWAY","owner":"1551-1555 BROADWAY OWNER LLC","bldgclass":"K2","landuse":"05","zonedist1":"C6-7T","zonedist2":null,"overlay1":null,"spdist1":"MiD","lotarea":1900,"bldgarea":6750,"comarea":6750,"resarea":0,"officearea":0,"retailarea":6750,"numfloors":3,"numbldgs":1,"unitsres":0,"unitstotal":1,"yearbuilt":2009,"yearalter1":0,"builtfar":3.55,"residfar":10,"commfar":14,"facilfar":14,"lotfront":23.83,"lotdepth":88.92,"borough":"MN","block":1018,"lot":27}},{"type":"Feature","geometry":{"type":"Polygon","coordinates":[[[-73.985706,40.759594],[-73.985894,40.759338],[-73.985996,40.759382],[-73.985809,40.759637],[-73.985706,40.759594]]]},"properties":{"bbl":"1010180044","address":"224 WEST 47 STREET","owner":"226 REALTY L.L.C. C/O","bldgclass":"O6","landuse":"05","zonedist1":"C6-7T","zonedist2":null,"overlay1":null,"spdist1":"MiD","lotarea":3300,"bldgarea":33659,"comarea":33659,"resarea":0,"officearea":30359,"retailarea":3300,"numfloors":10,"numbldgs":1,"unitsres":0,"unitstotal":23,"yearbuilt":1923,"yearalter1":1989,"builtfar":10.2,"residfar":10,"commfar":14,"facilfar":14,"lotfront":32.86,"lotdepth":100.42,"borough":"MN","block":1018,"lot":44}},{"type":"Feature","geometry":{"type":"Polygon","coordinates":[[[-73.99003,40.757195],[-73.990387,40.756704],[-73.990477,40.756581],[-73.990837,40.756087],[-73.993374,40.757158],[-73.993016,40.75765],[-73.991693,40.757092],[-73.991496,40.757172],[-73.991316,40.75742],[-73.991386,40.75745],[-73.991212,40.757689],[-73.991209,40.757693],[-73.99003,40.757195]]]},"properties":{"bbl":"1010320029","address":"641 8 AVENUE","owner":"PORT AUTHORITY OF NY AND NJ","bldgclass":"T9","landuse":"07","zonedist1":"C6-7","zonedist2":null,"overlay1":null,"spdist1":"MiD","lotarea":255000,"bldgarea":1500000,"comarea":1500000,"resarea":0,"officearea":0,"retailarea":0,"numfloors":6,"numbldgs":1,"unitsres":0,"unitstotal":1,"yearbuilt":1950,"yearalter1":0,"builtfar":5.88,"residfar":10,"commfar":15,"facilfar":15,"lotfront":197.5,"lotdepth":373.17,"borough":"MN","block":1032,"lot":29}},{"type":"Feature","geometry":{"type":"Polygon","coordinates":[[[-73.990292,40.75874],[-73.990258,40.758726],[-73.990437,40.758481],[-73.990524,40.758517],[-73.990345,40.758762],[-73.990292,40.75874]]]},"properties":{"bbl":"1010340019","address":"325 WEST 43 STREET","owner":"325 WEST 43 STREET HDFC","bldgclass":"C6","landuse":"02","zonedist1":"C6-2","zonedist2":null,"overlay1":null,"spdist1":"CL","lotarea":2510,"bldgarea":9535,"comarea":0,"resarea":9535,"officearea":0,"retailarea":0,"numfloors":5,"numbldgs":1,"unitsres":15,"unitstotal":15,"yearbuilt":1900,"yearalter1":1983,"builtfar":3.8,"residfar":6.02,"commfar":6,"facilfar":6.5,"lotfront":25,"lotdepth":100.42,"borough":"MN","block":1034,"lot":19}},{"type":"Feature","geometry":{"type":"Polygon","coordinates":[[[-73.989289,40.758202],[-73.989403,40.758046],[-73.989732,40.758184],[-73.989617,40.75834],[-73.989289,40.758202]]]},"properties":{"bbl":"1010340029","address":"681 8 AVENUE","owner":"PALACE FUNDING INC.","bldgclass":"J9","landuse":"05","zonedist1":"C6-4","zonedist2":null,"overlay1":null,"spdist1":"CL","lotarea":6000,"bldgarea":24000,"comarea":24000,"resarea":0,"officearea":0,"retailarea":7920,"numfloors":3,"numbldgs":1,"unitsres":0,"unitstotal":8,"yearbuilt":1929,"yearalter1":1998,"builtfar":4,"residfar":10,"commfar":10,"facilfar":10,"lotfront":60,"lotdepth":100,"borough":"MN","block":1034,"lot":29}},{"type":"Feature","geometry":{"type":"Polygon","coordinates":[[[-73.989221,40.758296],[-73.989257,40.758247],[-73.989585,40.758385],[-73.989551,40.758431],[-73.989221,40.758296]]]},"properties":{"bbl":"1010340032","address":"689 8 AVENUE","owner":"LYP VENTURES , LLC","bldgclass":"K4","landuse":"04","zonedist1":"C6-4","zonedist2":null,"overlay1":null,"spdist1":"CL","lotarea":2017,"bldgarea":5503,"comarea":2933,"resarea":2570,"officearea":0,"retailarea":2933,"numfloors":4,"numbldgs":1,"unitsres":4,"unitstotal":5,"yearbuilt":1920,"yearalter1":0,"builtfar":2.73,"residfar":10,"commfar":10,"facilfar":10,"lotfront":20.17,"lotdepth":100,"borough":"MN","block":1034,"lot":32}},{"type":"Feature","geometry":{"type":"Polygon","coordinates":[[[-73.990272,40.759553],[-73.990093,40.759798],[-73.989706,40.759635],[-73.989885,40.75939],[-73.990048,40.759459],[-73.990272,40.759553]]]},"properties":{"bbl":"1010350047","address":"330 WEST 45 STREET","owner":"TOWN HOUSE MANAGEMENT LLC","bldgclass":"D6","landuse":"04","zonedist1":"C6-2","zonedist2":null,"overlay1":null,"spdist1":"CL","lotarea":12301,"bldgarea":121156,"comarea":16180,"resarea":104976,"officearea":700,"retailarea":0,"numfloors":12,"numbldgs":1,"unitsres":130,"unitstotal":133,"yearbuilt":1964,"yearalter1":0,"builtfar":9.85,"residfar":6.02,"commfar":6,"facilfar":6.5,"lotfront":122.5,"lotdepth":100.42,"borough":"MN","block":1035,"lot":47}},{"type":"Feature","geometry":{"type":"Polygon","coordinates":[[[-73.988949,40.759814],[-73.988661,40.759693],[-73.988634,40.759682],[-73.988814,40.759435],[-73.989211,40.759602],[-73.989032,40.759849],[-73.988949,40.759814]]]},"properties":{"bbl":"1010360028","address":"305 WEST 45 STREET","owner":"BLDG 305 WEST 45TH STREET LLC","bldgclass":"D3","landuse":"03","zonedist1":"R8","zonedist2":"C6-4","overlay1":null,"spdist1":"CL","lotarea":12563,"bldgarea":44466,"comarea":0,"resarea":44466,"officearea":0,"retailarea":0,"numfloors":6,"numbldgs":1,"unitsres":85,"unitstotal":85,"yearbuilt":1914,"yearalter1":1986,"builtfar":3.54,"residfar":6.02,"commfar":0,"facilfar":6.5,"lotfront":125.08,"lotdepth":100.42,"borough":"MN","block":1036,"lot":28}},{"type":"Feature","geometry":{"type":"Polygon","coordinates":[[[-73.985092,40.758838],[-73.985108,40.758845],[-73.98496,40.759244],[-73.984833,40.75919],[-73.985092,40.758838]]]},"properties":{"bbl":"1010180065","address":"200 WEST 47 STREET","owner":"NYC DEPARTMENT OF PARKS AND RECREATION","bldgclass":"K1","landuse":"05","zonedist1":"PARK","zonedist2":null,"overlay1":null,"spdist1":null,"lotarea":3324,"bldgarea":3000,"comarea":3000,"resarea":0,"officearea":0,"retailarea":3000,"numfloors":1,"numbldgs":1,"unitsres":0,"unitstotal":1,"yearbuilt":2008,"yearalter1":0,"builtfar":0.9,"residfar":0,"commfar":0,"facilfar":0,"lotfront":149.17,"lotdepth":40.5,"borough":"MN","block":1018,"lot":65}},{"type":"Feature","geometry":{"type":"Polygon","coordinates":[[[-73.985549,40.759302],[-73.98561,40.759219],[-73.985635,40.759229],[-73.985574,40.759312],[-73.985566,40.759309],[-73.985549,40.759302]]]},"properties":{"bbl":"1010180128","address":"1567 BROADWAY","owner":"UNAVAILABLE OWNER","bldgclass":"Z9","landuse":null,"zonedist1":"C6-7T","zonedist2":null,"overlay1":null,"spdist1":"MiD","lotarea":257,"bldgarea":100,"comarea":100,"resarea":0,"officearea":0,"retailarea":0,"numfloors":null,"numbldgs":1,"unitsres":0,"unitstotal":1,"yearbuilt":0,"yearalter1":0,"builtfar":0.39,"residfar":10,"commfar":14,"facilfar":14,"lotfront":0,"lotdepth":0,"borough":"MN","block":1018,"lot":128}},{"type":"Feature","geometry":{"type":"Polygon","coordinates":[[[-73.985537,40.759365],[-73.98529,40.759274],[-73.985311,40.759215],[-73.985549,40.759302],[-73.985566,40.759309],[-73.985574,40.759312],[-73.985537,40.759365]]]},"properties":{"bbl":"1010180139","address":"1565 BROADWAY","owner":"1565 BROADWAY LLC","bldgclass":"K4","landuse":"04","zonedist1":"C6-7T","zonedist2":null,"overlay1":null,"spdist1":"MiD","lotarea":1503,"bldgarea":5159,"comarea":5159,"resarea":0,"officearea":0,"retailarea":1365,"numfloors":4,"numbldgs":1,"unitsres":0,"unitstotal":1,"yearbuilt":1920,"yearalter1":0,"builtfar":3.43,"residfar":10,"commfar":14,"facilfar":14,"lotfront":21,"lotdepth":71.58,"borough":"MN","block":1018,"lot":139}},{"type":"Feature","geometry":{"type":"Polygon","coordinates":[[[-73.990003,40.757806],[-73.990189,40.757551],[-73.990483,40.757675],[-73.990665,40.757752],[-73.990479,40.758007],[-73.990555,40.758039],[-73.990631,40.758071],[-73.99045,40.758319],[-73.990116,40.758179],[-73.9899,40.758088],[-73.990081,40.757839],[-73.990003,40.757806]]]},"properties":{"bbl":"1010337501","address":"313 WEST 42ND STREET","owner":"ARDEON REALTY CORP","bldgclass":"RM","landuse":"04","zonedist1":"C6-4","zonedist2":"C6-2","overlay1":null,"spdist1":"CL","lotarea":32637,"bldgarea":281959,"comarea":22014,"resarea":259945,"officearea":0,"retailarea":22014,"numfloors":32,"numbldgs":1,"unitsres":330,"unitstotal":333,"yearbuilt":2022,"yearalter1":0,"builtfar":8.64,"residfar":10,"commfar":10,"facilfar":10,"lotfront":175,"lotdepth":200.83,"borough":"MN","block":1033,"lot":7501}},{"type":"Feature","geometry":{"type":"Polygon","coordinates":[[[-73.989633,40.757731],[-73.989633,40.757731],[-73.989678,40.75767],[-73.989716,40.757618],[-73.989958,40.75772],[-73.990106,40.757517],[-73.990189,40.757551],[-73.990003,40.757806],[-73.989981,40.757836],[-73.989975,40.757834],[-73.989952,40.757865],[-73.989633,40.757731]]]},"properties":{"bbl":"1010337502","address":"303 WEST 42ND STREET","owner":"303 WEST 42ND STREET REALTY, L.L.C.","bldgclass":"RC","landuse":"05","zonedist1":"C6-4","zonedist2":null,"overlay1":null,"spdist1":"CL","lotarea":6351,"bldgarea":52901,"comarea":52901,"resarea":0,"officearea":43805,"retailarea":9096,"numfloors":12,"numbldgs":1,"unitsres":0,"unitstotal":2,"yearbuilt":1928,"yearalter1":0,"builtfar":8.33,"residfar":10,"commfar":10,"facilfar":10,"lotfront":25,"lotdepth":125.29,"borough":"MN","block":1033,"lot":7502}},{"type":"Feature","geometry":{"type":"Polygon","coordinates":[[[-73.989633,40.757731],[-73.989952,40.757865],[-73.989975,40.757834],[-73.989981,40.757836],[-73.990003,40.757806],[-73.990081,40.757839],[-73.9899,40.758088],[-73.989497,40.757918],[-73.989633,40.757731]]]},"properties":{"bbl":"1010337503","address":"300 WEST 43RD STREET","owner":"300 WEST 43RD PROPERTY OWNER, L.L.C.","bldgclass":"RC","landuse":"05","zonedist1":"C6-4","zonedist2":null,"overlay1":null,"spdist1":"CL","lotarea":10201,"bldgarea":54441,"comarea":54441,"resarea":0,"officearea":45033,"retailarea":9408,"numfloors":6,"numbldgs":1,"unitsres":0,"unitstotal":2,"yearbuilt":1928,"yearalter1":0,"builtfar":5.34,"residfar":10,"commfar":10,"facilfar":10,"lotfront":75.54,"lotdepth":125,"borough":"MN","block":1033,"lot":7503}},{"type":"Feature","geometry":{"type":"Polygon","coordinates":[[[-73.990107,40.758993],[-73.990292,40.75874],[-73.990345,40.758762],[-73.99043,40.758798],[-73.990432,40.758799],[-73.990247,40.759052],[-73.990107,40.758993]]]},"properties":{"bbl":"1010340046","address":"328 WEST 44 STREET","owner":"328 W. 44 STREET LLC","bldgclass":"C7","landuse":"04","zonedist1":"C6-2","zonedist2":null,"overlay1":null,"spdist1":"CL","lotarea":4418,"bldgarea":18580,"comarea":3000,"resarea":15580,"officearea":0,"retailarea":3000,"numfloors":6,"numbldgs":1,"unitsres":35,"unitstotal":37,"yearbuilt":1920,"yearalter1":1989,"builtfar":4.21,"residfar":6.02,"commfar":6,"facilfar":6.5,"lotfront":44,"lotdepth":100.42,"borough":"MN","block":1034,"lot":46}},{"type":"Feature","geometry":{"type":"Polygon","coordinates":[[[-73.989889,40.75825],[-73.990287,40.758418],[-73.990109,40.758663],[-73.989711,40.758495],[-73.989889,40.75825]]]},"properties":{"bbl":"1010347501","address":"311 WEST 43RD ST","owner":"DWF V 311 W 43RD, LLC","bldgclass":"RB","landuse":"05","zonedist1":"C6-2","zonedist2":null,"overlay1":null,"spdist1":"CL","lotarea":12552,"bldgarea":150110,"comarea":150110,"resarea":0,"officearea":150110,"retailarea":0,"numfloors":14,"numbldgs":1,"unitsres":0,"unitstotal":3,"yearbuilt":1925,"yearalter1":2013,"builtfar":11.96,"residfar":6.02,"commfar":6,"facilfar":6.5,"lotfront":125,"lotdepth":100.42,"borough":"MN","block":1034,"lot":7501}},{"type":"Feature","geometry":{"type":"Polygon","coordinates":[[[-73.981108,40.753434],[-73.981899,40.752347],[-73.983427,40.752989],[-73.982636,40.754076],[-73.981108,40.753434]]]},"properties":{"bbl":"1012570001","address":"476 5 AVENUE","owner":"NEW YORK PUBLIC LIBRARY","bldgclass":"P8","landuse":"08","zonedist1":"C5-3","zonedist2":null,"overlay1":null,"spdist1":"MiD","lotarea":219250,"bldgarea":284249,"comarea":284249,"resarea":0,"officearea":0,"retailarea":12440,"numfloors":3.5,"numbldgs":6,"unitsres":0,"unitstotal":3,"yearbuilt":1911,"yearalter1":2009,"builtfar":1.3,"residfar":10,"commfar":15,"facilfar":15,"lotfront":455,"lotdepth":482,"borough":"MN","block":1257,"lot":1}},{"type":"Feature","geometry":{"type":"Polygon","coordinates":[[[-73.983884,40.75488],[-73.983691,40.755145],[-73.98301,40.754858],[-73.983203,40.754593],[-73.983884,40.75488]]]},"properties":{"bbl":"1012580001","address":"47 WEST 42 STREET","owner":"1100 AVE. OF THE AMERICAS ASSOCS.","bldgclass":"O6","landuse":"05","zonedist1":"C6-6","zonedist2":null,"overlay1":null,"spdist1":"MiD","lotarea":20887,"bldgarea":338886,"comarea":338886,"resarea":0,"officearea":323886,"retailarea":15000,"numfloors":15,"numbldgs":1,"unitsres":0,"unitstotal":19,"yearbuilt":1906,"yearalter1":1980,"builtfar":16.22,"residfar":10,"commfar":15,"facilfar":15,"lotfront":100.42,"lotdepth":208,"borough":"MN","block":1258,"lot":1}},{"type":"Feature","geometry":{"type":"Polygon","coordinates":[[[-73.981391,40.754499],[-73.981577,40.754244],[-73.981446,40.754189],[-73.981634,40.753932],[-73.982242,40.754188],[-73.981868,40.7547],[-73.981391,40.754499]]]},"properties":{"bbl":"1012580021","address":"11 WEST 42 STREET","owner":"11 WEST 42 REALTY INVESTORS, LLC","bldgclass":"O4","landuse":"05","zonedist1":"C6-6","zonedist2":"C6-4.5","overlay1":null,"spdist1":"MiD","lotarea":34300,"bldgarea":949976,"comarea":949976,"resarea":0,"officearea":923736,"retailarea":26240,"numfloors":33,"numbldgs":1,"unitsres":0,"unitstotal":45,"yearbuilt":1926,"yearalter1":1979,"builtfar":27.7,"residfar":10,"commfar":15,"facilfar":15,"lotfront":191.67,"lotdepth":200.83,"borough":"MN","block":1258,"lot":21}},{"type":"Feature","geometry":{"type":"Polygon","coordinates":[[[-73.980779,40.753908],[-73.981184,40.754079],[-73.980998,40.754333],[-73.980593,40.754163],[-73.980779,40.753908]]]},"properties":{"bbl":"1012580040","address":"510 5 AVENUE","owner":"510 FIFTH PROPCO LLC","bldgclass":"O5","landuse":"05","zonedist1":"C5-3","zonedist2":null,"overlay1":null,"spdist1":"MiD","lotarea":12552,"bldgarea":57223,"comarea":57223,"resarea":0,"officearea":35223,"retailarea":22000,"numfloors":5,"numbldgs":1,"unitsres":0,"unitstotal":14,"yearbuilt":1954,"yearalter1":0,"builtfar":4.56,"residfar":10,"commfar":15,"facilfar":15,"lotfront":100.42,"lotdepth":125,"borough":"MN","block":1258,"lot":40}},{"type":"Feature","geometry":{"type":"Polygon","coordinates":[[[-73.981391,40.754499],[-73.980998,40.754333],[-73.981184,40.754079],[-73.981446,40.754189],[-73.981577,40.754244],[-73.981391,40.754499]]]},"properties":{"bbl":"1012580042","address":"4 WEST 43 STREET","owner":"HOLY SPIRIT ASSOC ETAL","bldgclass":"M9","landuse":"08","zonedist1":"C6-4.5","zonedist2":"C5-3","overlay1":null,"spdist1":"MiD","lotarea":12552,"bldgarea":72568,"comarea":72568,"resarea":0,"officearea":0,"retailarea":0,"numfloors":7,"numbldgs":1,"unitsres":0,"unitstotal":3,"yearbuilt":1900,"yearalter1":0,"builtfar":5.78,"residfar":10,"commfar":12,"facilfar":12,"lotfront":125,"lotdepth":100.42,"borough":"MN","block":1258,"lot":42}},{"type":"Feature","geometry":{"type":"Polygon","coordinates":[[[-73.982488,40.755129],[-73.98266,40.755201],[-73.982298,40.755696],[-73.982126,40.755624],[-73.982488,40.755129]]]},"properties":{"bbl":"1012590011","address":"47 WEST 43 STREET","owner":"MCROPP NEW YORK ROYAL44 LLC","bldgclass":"HB","landuse":"05","zonedist1":"C6-4.5","zonedist2":null,"overlay1":null,"spdist1":"MiD","lotarea":10041,"bldgarea":103750,"comarea":null,"resarea":null,"officearea":null,"retailarea":null,"numfloors":13,"numbldgs":1,"unitsres":0,"unitstotal":2,"yearbuilt":1900,"yearalter1":1988,"builtfar":10.33,"residfar":10,"commfar":12,"facilfar":12,"lotfront":50,"lotdepth":200.83,"borough":"MN","block":1259,"lot":11}},{"type":"Feature","geometry":{"type":"Polygon","coordinates":[[[-73.981408,40.755322],[-73.98159,40.755073],[-73.981337,40.754967],[-73.981516,40.754721],[-73.981973,40.754913],[-73.981793,40.755158],[-73.981754,40.755142],[-73.981571,40.755391],[-73.981408,40.755322]]]},"properties":{"bbl":"1012590019","address":"23 WEST 43 STREET","owner":"APF 28 W 44 OWNER L.P.","bldgclass":"O4","landuse":"05","zonedist1":"C6-4.5","zonedist2":null,"overlay1":null,"spdist1":"MiD","lotarea":19250,"bldgarea":287894,"comarea":287894,"resarea":0,"officearea":277874,"retailarea":10000,"numfloors":20,"numbldgs":1,"unitsres":0,"unitstotal":319,"yearbuilt":1920,"yearalter1":0,"builtfar":14.96,"residfar":10,"commfar":12,"facilfar":12,"lotfront":141.83,"lotdepth":200.83,"borough":"MN","block":1259,"lot":19}},{"type":"Feature","geometry":{"type":"Polygon","coordinates":[[[-73.98128,40.754943],[-73.981117,40.754875],[-73.981033,40.754839],[-73.981213,40.754594],[-73.981516,40.754721],[-73.981337,40.754967],[-73.98128,40.754943]]]},"properties":{"bbl":"1012590025","address":"15 WEST 43 STREET","owner":"15 WEST 43RD STREET LLC","bldgclass":"H5","landuse":"05","zonedist1":"C6-4.5","zonedist2":null,"overlay1":null,"spdist1":"MiD","lotarea":9681,"bldgarea":63860,"comarea":null,"resarea":null,"officearea":null,"retailarea":null,"numfloors":9,"numbldgs":1,"unitsres":0,"unitstotal":4,"yearbuilt":1962,"yearalter1":2008,"builtfar":6.6,"residfar":10,"commfar":12,"facilfar":12,"lotfront":96.42,"lotdepth":100.42,"borough":"MN","block":1259,"lot":25}},{"type":"Feature","geometry":{"type":"Polygon","coordinates":[[[-73.981117,40.754875],[-73.980935,40.755124],[-73.980136,40.754788],[-73.980347,40.754499],[-73.980756,40.754671],[-73.980726,40.754711],[-73.981033,40.754839],[-73.981117,40.754875]]]},"properties":{"bbl":"1012597502","address":"522 5 AVENUE","owner":"UNAVAILABLE OWNER","bldgclass":"RC","landuse":"05","zonedist1":"C5-3","zonedist2":"C6-4.5","overlay1":null,"spdist1":"MiD","lotarea":27025,"bldgarea":396192,"comarea":396192,"resarea":0,"officearea":371406,"retailarea":24786,"numfloors":23,"numbldgs":1,"unitsres":0,"unitstotal":11,"yearbuilt":1919,"yearalter1":1961,"builtfar":14.66,"residfar":10,"commfar":15,"facilfar":15,"lotfront":115.83,"lotdepth":250,"borough":"MN","block":1259,"lot":7502}},{"type":"Feature","geometry":{"type":"Polygon","coordinates":[[[-73.980444,40.754367],[-73.980497,40.754294],[-73.980906,40.754465],[-73.980852,40.754538],[-73.980804,40.754604],[-73.980756,40.754671],[-73.980347,40.754499],[-73.980396,40.754433],[-73.980444,40.754367]]]},"properties":{"bbl":"1012597503","address":"520 FIFTH AVENUE","owner":"520 FEE OWNER 2 LLC","bldgclass":"RM","landuse":"04","zonedist1":"C5-3","zonedist2":null,"overlay1":null,"spdist1":"MiD","lotarea":10625,"bldgarea":334027,"comarea":200948,"resarea":133079,"officearea":161558,"retailarea":38188,"numfloors":71,"numbldgs":1,"unitsres":100,"unitstotal":104,"yearbuilt":2024,"yearalter1":2022,"builtfar":31.44,"residfar":10,"commfar":15,"facilfar":15,"lotfront":85,"lotdepth":125,"borough":"MN","block":1259,"lot":7503}},{"type":"Feature","geometry":{"type":"Polygon","coordinates":[[[-73.98133,40.756112],[-73.981513,40.755861],[-73.981609,40.755901],[-73.981788,40.755656],[-73.981903,40.755704],[-73.981724,40.75595],[-73.98189,40.75602],[-73.981706,40.756272],[-73.98133,40.756112]]]},"properties":{"bbl":"1012600014","address":"45 WEST 44 STREET","owner":"KSSNY INC.","bldgclass":"H1","landuse":"05","zonedist1":"C6-4.5","zonedist2":null,"overlay1":null,"spdist1":"MiD","lotarea":15816,"bldgarea":294000,"comarea":null,"resarea":null,"officearea":null,"retailarea":null,"numfloors":30,"numbldgs":1,"unitsres":0,"unitstotal":1,"yearbuilt":1999,"yearalter1":1998,"builtfar":18.59,"residfar":10,"commfar":12,"facilfar":12,"lotfront":37.5,"lotdepth":200.84,"borough":"MN","block":1260,"lot":14}},{"type":"Feature","geometry":{"type":"Polygon","coordinates":[[[-73.981513,40.755861],[-73.981364,40.755797],[-73.981543,40.755552],[-73.981788,40.755656],[-73.981609,40.755901],[-73.981513,40.755861]]]},"properties":{"bbl":"1012600016","address":"39 WEST 44 STREET","owner":"NEW YORK YACHT CLUB CORP.","bldgclass":"H5","landuse":"05","zonedist1":"C6-4.5","zonedist2":null,"overlay1":null,"spdist1":"MiD","lotarea":7538,"bldgarea":39651,"comarea":19651,"resarea":0,"officearea":0,"retailarea":0,"numfloors":7,"numbldgs":1,"unitsres":0,"unitstotal":1,"yearbuilt":1900,"yearalter1":1986,"builtfar":5.26,"residfar":10,"commfar":12,"facilfar":12,"lotfront":75,"lotdepth":100.42,"borough":"MN","block":1260,"lot":16}},{"type":"Feature","geometry":{"type":"Polygon","coordinates":[[[-73.980424,40.755399],[-73.980602,40.755154],[-73.980684,40.755188],[-73.980837,40.755253],[-73.980658,40.755499],[-73.980646,40.755493],[-73.980582,40.755466],[-73.980535,40.755446],[-73.980505,40.755434],[-73.980424,40.755399]]]},"properties":{"bbl":"1012600028","address":"15 WEST 44 STREET","owner":"SINO-AMERICAN CULTURAL CENTER LLC","bldgclass":"O6","landuse":"05","zonedist1":"C6-4.5","zonedist2":null,"overlay1":null,"spdist1":"MiD","lotarea":7532,"bldgarea":52851,"comarea":52851,"resarea":0,"officearea":48351,"retailarea":4500,"numfloors":12,"numbldgs":1,"unitsres":0,"unitstotal":14,"yearbuilt":1914,"yearalter1":1985,"builtfar":7.02,"residfar":10,"commfar":12,"facilfar":12,"lotfront":75,"lotdepth":100.42,"borough":"MN","block":1260,"lot":28}},{"type":"Feature","geometry":{"type":"Polygon","coordinates":[[[-73.98024,40.755651],[-73.980424,40.755399],[-73.980505,40.755434],[-73.980535,40.755446],[-73.980582,40.755466],[-73.980646,40.755493],[-73.980658,40.755499],[-73.980711,40.755521],[-73.980528,40.755773],[-73.980462,40.755745],[-73.980398,40.755718],[-73.980351,40.755698],[-73.98024,40.755651]]]},"properties":{"bbl":"1012600045","address":"8 WEST 45TH STREET","owner":"HW W 45TH ST LLC","bldgclass":"V1","landuse":"11","zonedist1":"C6-4.5","zonedist2":null,"overlay1":null,"spdist1":"MiD","lotarea":9239,"bldgarea":0,"comarea":null,"resarea":null,"officearea":null,"retailarea":null,"numfloors":null,"numbldgs":0,"unitsres":0,"unitstotal":0,"yearbuilt":0,"yearalter1":2022,"builtfar":0,"residfar":10,"commfar":12,"facilfar":12,"lotfront":92,"lotdepth":100.42,"borough":"MN","block":1260,"lot":45}},{"type":"Feature","geometry":{"type":"Polygon","coordinates":[[[-73.98221,40.756155],[-73.982026,40.756407],[-73.981896,40.756352],[-73.982079,40.7561],[-73.982084,40.756102],[-73.98221,40.756155]]]},"properties":{"bbl":"1012600066","address":"62 WEST 45 STREET","owner":"RED CURRANT MANAGEMENT LLC","bldgclass":"O6","landuse":"05","zonedist1":"C6-4.5","zonedist2":null,"overlay1":null,"spdist1":"MiD","lotarea":4067,"bldgarea":44063,"comarea":44063,"resarea":0,"officearea":42063,"retailarea":2000,"numfloors":12,"numbldgs":1,"unitsres":0,"unitstotal":12,"yearbuilt":1911,"yearalter1":1960,"builtfar":10.83,"residfar":10,"commfar":12,"facilfar":12,"lotfront":40.5,"lotdepth":100.42,"borough":"MN","block":1260,"lot":66}},{"type":"Feature","geometry":{"type":"Polygon","coordinates":[[[-73.98073,40.755859],[-73.980913,40.755607],[-73.980974,40.755633],[-73.980791,40.755884],[-73.98073,40.755859]]]},"properties":{"bbl":"1012607501","address":"24 WEST 45 STREET","owner":"UNAVAILABLE OWNER","bldgclass":"RM","landuse":"04","zonedist1":"C6-4.5","zonedist2":null,"overlay1":null,"spdist1":"MiD","lotarea":2111,"bldgarea":13868,"comarea":1436,"resarea":12432,"officearea":0,"retailarea":1436,"numfloors":9,"numbldgs":1,"unitsres":8,"unitstotal":9,"yearbuilt":1902,"yearalter1":0,"builtfar":6.57,"residfar":10,"commfar":12,"facilfar":12,"lotfront":21,"lotdepth":100.42,"borough":"MN","block":1260,"lot":7501}},{"type":"Feature","geometry":{"type":"Polygon","coordinates":[[[-73.982026,40.756407],[-73.98221,40.756155],[-73.982269,40.756181],[-73.982331,40.756207],[-73.982382,40.756228],[-73.982397,40.756235],[-73.982336,40.756318],[-73.982213,40.756486],[-73.982148,40.756459],[-73.982086,40.756432],[-73.982026,40.756407]]]},"properties":{"bbl":"1012607502","address":"66 WEST 45 STREET","owner":"UNAVAILABLE OWNER","bldgclass":"RM","landuse":"04","zonedist1":"C6-4.5","zonedist2":"C6-6","overlay1":null,"spdist1":"MiD","lotarea":6024,"bldgarea":122920,"comarea":57153,"resarea":51097,"officearea":0,"retailarea":9342,"numfloors":48,"numbldgs":1,"unitsres":53,"unitstotal":220,"yearbuilt":2008,"yearalter1":2008,"builtfar":20.41,"residfar":10,"commfar":12,"facilfar":12,"lotfront":60,"lotdepth":100.42,"borough":"MN","block":1260,"lot":7502}},{"type":"Feature","geometry":{"type":"Polygon","coordinates":[[[-73.980602,40.755154],[-73.980424,40.755399],[-73.980193,40.755302],[-73.98001,40.755554],[-73.979685,40.755416],[-73.980048,40.754919],[-73.980602,40.755154]]]},"properties":{"bbl":"1012607503","address":"530 5 AVENUE","owner":"UNAVAILABLE OWNER","bldgclass":"RC","landuse":"05","zonedist1":"C5-3","zonedist2":null,"overlay1":null,"spdist1":"MiD","lotarea":27614,"bldgarea":446678,"comarea":446678,"resarea":0,"officearea":386839,"retailarea":59839,"numfloors":26,"numbldgs":1,"unitsres":0,"unitstotal":3,"yearbuilt":1957,"yearalter1":0,"builtfar":16.18,"residfar":10,"commfar":15,"facilfar":15,"lotfront":200.83,"lotdepth":175,"borough":"MN","block":1260,"lot":7503}},{"type":"Feature","geometry":{"type":"Polygon","coordinates":[[[-73.981348,40.756289],[-73.981166,40.756539],[-73.981143,40.756529],[-73.980949,40.756447],[-73.980911,40.756431],[-73.981093,40.756181],[-73.981348,40.756289]]]},"properties":{"bbl":"1012610016","address":"45 WEST 45 STREET","owner":"AFIAA 45 WEST 45TH STREET, LLC","bldgclass":"O6","landuse":"05","zonedist1":"C6-4.5","zonedist2":null,"overlay1":null,"spdist1":"MiD","lotarea":8158,"bldgarea":108929,"comarea":108929,"resarea":0,"officearea":101929,"retailarea":7000,"numfloors":16,"numbldgs":1,"unitsres":0,"unitstotal":13,"yearbuilt":1923,"yearalter1":1983,"builtfar":13.35,"residfar":10,"commfar":12,"facilfar":12,"lotfront":81.25,"lotdepth":100.42,"borough":"MN","block":1261,"lot":16}},{"type":"Feature","geometry":{"type":"Polygon","coordinates":[[[-73.980825,40.756395],[-73.980762,40.756368],[-73.980753,40.756364],[-73.980935,40.756114],[-73.981093,40.756181],[-73.980911,40.756431],[-73.980825,40.756395]]]},"properties":{"bbl":"1012610019","address":"35 WEST 45 STREET","owner":"35 W 45 ST ASSOC","bldgclass":"O6","landuse":"05","zonedist1":"C6-4.5","zonedist2":null,"overlay1":null,"spdist1":"MiD","lotarea":5025,"bldgarea":55623,"comarea":55623,"resarea":0,"officearea":51123,"retailarea":4500,"numfloors":12,"numbldgs":1,"unitsres":0,"unitstotal":12,"yearbuilt":1920,"yearalter1":0,"builtfar":11.07,"residfar":10,"commfar":12,"facilfar":12,"lotfront":50,"lotdepth":100.42,"borough":"MN","block":1261,"lot":19}},{"type":"Feature","geometry":{"type":"Polygon","coordinates":[[[-73.980935,40.756114],[-73.980753,40.756364],[-73.9807,40.756342],[-73.980637,40.756315],[-73.980575,40.756289],[-73.980519,40.756265],[-73.98045,40.756236],[-73.980434,40.756229],[-73.980616,40.755979],[-73.980935,40.756114]]]},"properties":{"bbl":"1012610021","address":"25 WEST 45 STREET","owner":"RSS COMM2014-CCRE15- NY W4F, LLC","bldgclass":"O6","landuse":"05","zonedist1":"C6-4.5","zonedist2":null,"overlay1":null,"spdist1":"MiD","lotarea":10041,"bldgarea":187567,"comarea":187567,"resarea":0,"officearea":170660,"retailarea":13487,"numfloors":16,"numbldgs":1,"unitsres":0,"unitstotal":37,"yearbuilt":1913,"yearalter1":0,"builtfar":18.68,"residfar":10,"commfar":12,"facilfar":12,"lotfront":100,"lotdepth":100.42,"borough":"MN","block":1261,"lot":21}},{"type":"Feature","geometry":{"type":"Polygon","coordinates":[[[-73.980616,40.755979],[-73.980434,40.756229],[-73.980388,40.75621],[-73.98036,40.756198],[-73.980542,40.755948],[-73.980616,40.755979]]]},"properties":{"bbl":"1012610025","address":"23 WEST 45 STREET","owner":"531 CENTRAL PARK AVE","bldgclass":"K2","landuse":"05","zonedist1":"C6-4.5","zonedist2":null,"overlay1":null,"spdist1":"MiD","lotarea":2510,"bldgarea":9100,"comarea":9100,"resarea":0,"officearea":0,"retailarea":9100,"numfloors":3,"numbldgs":1,"unitsres":0,"unitstotal":4,"yearbuilt":1929,"yearalter1":0,"builtfar":3.63,"residfar":10,"commfar":12,"facilfar":12,"lotfront":25,"lotdepth":100.42,"borough":"MN","block":1261,"lot":25}},{"type":"Feature","geometry":{"type":"Polygon","coordinates":[[[-73.980519,40.756265],[-73.980575,40.756289],[-73.9804,40.75653],[-73.980344,40.756506],[-73.980519,40.756265]]]},"properties":{"bbl":"1012610052","address":"24 WEST 46 STREET","owner":"LAWRENCE, GEORGE W","bldgclass":"S9","landuse":"04","zonedist1":"C6-4.5","zonedist2":null,"overlay1":null,"spdist1":"MiD","lotarea":1883,"bldgarea":5830,"comarea":1166,"resarea":4664,"officearea":0,"retailarea":1166,"numfloors":5,"numbldgs":1,"unitsres":2,"unitstotal":6,"yearbuilt":1920,"yearalter1":0,"builtfar":3.1,"residfar":10,"commfar":12,"facilfar":12,"lotfront":18.75,"lotdepth":100.42,"borough":"MN","block":1261,"lot":52}},{"type":"Feature","geometry":{"type":"Polygon","coordinates":[[[-73.980462,40.756556],[-73.980637,40.756315],[-73.9807,40.756342],[-73.980753,40.756364],[-73.980762,40.756368],[-73.980825,40.756395],[-73.980649,40.756635],[-73.980587,40.756609],[-73.980524,40.756582],[-73.980462,40.756556]]]},"properties":{"bbl":"1012610054","address":"30 WEST 46 STREET","owner":"TSN 46TH LLC","bldgclass":"H3","landuse":"05","zonedist1":"C6-4.5","zonedist2":null,"overlay1":null,"spdist1":"MiD","lotarea":6025,"bldgarea":92853,"comarea":1500,"resarea":0,"officearea":0,"retailarea":1500,"numfloors":21,"numbldgs":1,"unitsres":0,"unitstotal":0,"yearbuilt":2013,"yearalter1":2012,"builtfar":15.41,"residfar":10,"commfar":12,"facilfar":12,"lotfront":60,"lotdepth":100.42,"borough":"MN","block":1261,"lot":54}},{"type":"Feature","geometry":{"type":"Polygon","coordinates":[[[-73.980649,40.756635],[-73.980825,40.756395],[-73.980911,40.756431],[-73.980949,40.756447],[-73.980773,40.756688],[-73.980649,40.756635]]]},"properties":{"bbl":"1012610056","address":"34 WEST 46 STREET","owner":"REISMAN FAMILY PROPERTIES LLC","bldgclass":"O5","landuse":"05","zonedist1":"C6-4.5","zonedist2":null,"overlay1":null,"spdist1":"MiD","lotarea":4020,"bldgarea":16109,"comarea":16109,"resarea":0,"officearea":12887,"retailarea":3222,"numfloors":5,"numbldgs":1,"unitsres":0,"unitstotal":6,"yearbuilt":1914,"yearalter1":0,"builtfar":4.01,"residfar":10,"commfar":12,"facilfar":12,"lotfront":40,"lotdepth":100.42,"borough":"MN","block":1261,"lot":56}},{"type":"Feature","geometry":{"type":"Polygon","coordinates":[[[-73.981162,40.756852],[-73.981338,40.756612],[-73.981339,40.756612],[-73.981403,40.756639],[-73.981586,40.756389],[-73.982512,40.756782],[-73.982155,40.757272],[-73.981162,40.756852]]]},"properties":{"bbl":"1012617501","address":"1166 AVENUE OF THE AMERICAS","owner":"UNAVAILABLE OWNER","bldgclass":"RC","landuse":"05","zonedist1":"C6-4.5","zonedist2":"C6-6","overlay1":null,"spdist1":"MiD","lotarea":59873,"bldgarea":1204839,"comarea":1204839,"resarea":0,"officearea":27975,"retailarea":1176864,"numfloors":44,"numbldgs":2,"unitsres":0,"unitstotal":46,"yearbuilt":1975,"yearalter1":0,"builtfar":20.12,"residfar":10,"commfar":12,"facilfar":12,"lotfront":200.83,"lotdepth":310,"borough":"MN","block":1261,"lot":7501}},{"type":"Feature","geometry":{"type":"Polygon","coordinates":[[[-73.980861,40.757543],[-73.981041,40.757297],[-73.981218,40.757054],[-73.981392,40.757128],[-73.981215,40.757371],[-73.981242,40.757382],[-73.981062,40.757628],[-73.980861,40.757543]]]},"properties":{"bbl":"1012620009","address":"59 WEST 46 STREET","owner":"58 WEST MARKET LLC","bldgclass":"H3","landuse":"05","zonedist1":"C6-4.5","zonedist2":null,"overlay1":null,"spdist1":"MiD","lotarea":11850,"bldgarea":100678,"comarea":16454,"resarea":0,"officearea":0,"retailarea":15341,"numfloors":12,"numbldgs":2,"unitsres":0,"unitstotal":234,"yearbuilt":1906,"yearalter1":1989,"builtfar":8.5,"residfar":10,"commfar":12,"facilfar":12,"lotfront":55,"lotdepth":200.83,"borough":"MN","block":1262,"lot":9}},{"type":"Feature","geometry":{"type":"Polygon","coordinates":[[[-73.980203,40.757264],[-73.980382,40.757018],[-73.980442,40.757044],[-73.98051,40.757072],[-73.980571,40.757098],[-73.98063,40.757123],[-73.980451,40.75737],[-73.980203,40.757264]]]},"properties":{"bbl":"1012620056","address":"36 WEST 47 STREET","owner":"AMNA L L C","bldgclass":"O6","landuse":"05","zonedist1":"C6-4.5","zonedist2":null,"overlay1":null,"spdist1":"MiD","lotarea":8033,"bldgarea":97785,"comarea":97785,"resarea":0,"officearea":90785,"retailarea":7000,"numfloors":16,"numbldgs":1,"unitsres":0,"unitstotal":92,"yearbuilt":1924,"yearalter1":1985,"builtfar":12.17,"residfar":10,"commfar":12,"facilfar":12,"lotfront":80,"lotdepth":100.42,"borough":"MN","block":1262,"lot":56}},{"type":"Feature","geometry":{"type":"Polygon","coordinates":[[[-73.980794,40.757515],[-73.980974,40.757269],[-73.981041,40.757297],[-73.980861,40.757543],[-73.980794,40.757515]]]},"properties":{"bbl":"1012620063","address":"54 WEST 47 STREET","owner":"LUMIG ENTERPRISES CORP","bldgclass":"O5","landuse":"05","zonedist1":"C6-4.5","zonedist2":null,"overlay1":null,"spdist1":"MiD","lotarea":2111,"bldgarea":13012,"comarea":13012,"resarea":0,"officearea":10644,"retailarea":2368,"numfloors":6,"numbldgs":1,"unitsres":0,"unitstotal":2,"yearbuilt":1925,"yearalter1":0,"builtfar":6.16,"residfar":10,"commfar":12,"facilfar":12,"lotfront":21,"lotdepth":100.42,"borough":"MN","block":1262,"lot":63}},{"type":"Feature","geometry":{"type":"Polygon","coordinates":[[[-73.981062,40.757628],[-73.981242,40.757382],[-73.981555,40.757515],[-73.981535,40.757542],[-73.981595,40.757568],[-73.981558,40.757618],[-73.981435,40.757786],[-73.981062,40.757628]]]},"properties":{"bbl":"1012627501","address":"62 WEST 47 STREET","owner":"DIAMOND &JEWELRY IND COMM CONDO","bldgclass":"RC","landuse":"05","zonedist1":"C6-6","zonedist2":"C6-4.5","overlay1":null,"spdist1":"MiD","lotarea":11652,"bldgarea":134296,"comarea":134296,"resarea":0,"officearea":106994,"retailarea":27302,"numfloors":16,"numbldgs":1,"unitsres":0,"unitstotal":128,"yearbuilt":1926,"yearalter1":0,"builtfar":11.53,"residfar":10,"commfar":15,"facilfar":15,"lotfront":118,"lotdepth":100.42,"borough":"MN","block":1262,"lot":7501}},{"type":"Feature","geometry":{"type":"Polygon","coordinates":[[[-73.980451,40.75737],[-73.98063,40.757123],[-73.980808,40.75688],[-73.98087,40.756907],[-73.980946,40.756939],[-73.981009,40.756965],[-73.981075,40.756994],[-73.981151,40.757026],[-73.981218,40.757054],[-73.981041,40.757297],[-73.980974,40.757269],[-73.980794,40.757515],[-73.980727,40.757487],[-73.980589,40.757428],[-73.980513,40.757396],[-73.980451,40.75737]]]},"properties":{"bbl":"1012627502","address":"44 WEST 47 STREET","owner":"UNAVAILABLE OWNER","bldgclass":"RC","landuse":"05","zonedist1":"C6-4.5","zonedist2":null,"overlay1":null,"spdist1":"MiD","lotarea":24000,"bldgarea":487351,"comarea":487351,"resarea":0,"officearea":458082,"retailarea":8103,"numfloors":36,"numbldgs":1,"unitsres":0,"unitstotal":110,"yearbuilt":2009,"yearalter1":2009,"builtfar":20.31,"residfar":10,"commfar":12,"facilfar":12,"lotfront":130,"lotdepth":200,"borough":"MN","block":1262,"lot":7502}},{"type":"Feature","geometry":{"type":"Polygon","coordinates":[[[-73.981594,40.757502],[-73.981577,40.757524],[-73.981555,40.757515],[-73.981242,40.757382],[-73.981215,40.757371],[-73.981392,40.757128],[-73.982044,40.757404],[-73.981883,40.757624],[-73.981594,40.757502]]]},"properties":{"bbl":"1012627503","address":"1180 6TH AVE","owner":"NW 1180 AOA LLC","bldgclass":"RC","landuse":"05","zonedist1":"C6-6","zonedist2":"C6-4.5","overlay1":null,"spdist1":"MiD","lotarea":19700,"bldgarea":316418,"comarea":316418,"resarea":0,"officearea":298293,"retailarea":18125,"numfloors":22,"numbldgs":1,"unitsres":0,"unitstotal":33,"yearbuilt":1963,"yearalter1":0,"builtfar":16.06,"residfar":10,"commfar":15,"facilfar":15,"lotfront":90.83,"lotdepth":205,"borough":"MN","block":1262,"lot":7503}},{"type":"Feature","geometry":{"type":"Polygon","coordinates":[[[-73.980136,40.759689],[-73.978623,40.75905],[-73.978975,40.758566],[-73.980683,40.759287],[-73.980377,40.759708],[-73.980182,40.759626],[-73.980136,40.759689]]]},"properties":{"bbl":"1012657501","address":"1250 AVENUE OF THE AMERICAS","owner":"ROCKEFELLER CENTER PROPERTIES (RCP)","bldgclass":"RC","landuse":"05","zonedist1":"C5-2.5","zonedist2":"C5-3","overlay1":null,"spdist1":"MiD","lotarea":107766,"bldgarea":2122138,"comarea":2122138,"resarea":0,"officearea":2051112,"retailarea":71026,"numfloors":70,"numbldgs":1,"unitsres":0,"unitstotal":107,"yearbuilt":1937,"yearalter1":1989,"builtfar":19.69,"residfar":10,"commfar":12,"facilfar":12,"lotfront":175.46,"lotdepth":545,"borough":"MN","block":1265,"lot":7501}},{"type":"Feature","geometry":{"type":"Polygon","coordinates":[[[-73.980943,40.752221],[-73.98101,40.752248],[-73.980818,40.752511],[-73.980752,40.752483],[-73.980943,40.752221]]]},"properties":{"bbl":"1012750066","address":"8 EAST 41 STREET","owner":"MANHATTAN8E41 LLC","bldgclass":"O6","landuse":"05","zonedist1":"C5-2.5","zonedist2":"C5-3","overlay1":null,"spdist1":"MiD","lotarea":2150,"bldgarea":13836,"comarea":13836,"resarea":0,"officearea":12106,"retailarea":1730,"numfloors":8,"numbldgs":1,"unitsres":0,"unitstotal":8,"yearbuilt":1921,"yearalter1":2000,"builtfar":6.44,"residfar":10,"commfar":12,"facilfar":12,"lotfront":20.83,"lotdepth":103.08,"borough":"MN","block":1275,"lot":66}},{"type":"Feature","geometry":{"type":"Polygon","coordinates":[[[-73.981868,40.7547],[-73.982242,40.754188],[-73.982487,40.754292],[-73.982113,40.754804],[-73.981868,40.7547]]]},"properties":{"bbl":"1012580018","address":"29 WEST 42 STREET","owner":"DORMITORY AUTHORITY OF THE STATE OF NEW YORK","bldgclass":"W5","landuse":"08","zonedist1":"C6-6","zonedist2":"C6-4.5","overlay1":null,"spdist1":"MiD","lotarea":15666,"bldgarea":265200,"comarea":265200,"resarea":0,"officearea":265200,"retailarea":0,"numfloors":17,"numbldgs":1,"unitsres":0,"unitstotal":4,"yearbuilt":1912,"yearalter1":1981,"builtfar":16.93,"residfar":10,"commfar":15,"facilfar":15,"lotfront":78,"lotdepth":200.83,"borough":"MN","block":1258,"lot":18}},{"type":"Feature","geometry":{"type":"Polygon","coordinates":[[[-73.983417,40.755519],[-73.983055,40.756014],[-73.982298,40.755696],[-73.98266,40.755201],[-73.983417,40.755519]]]},"properties":{"bbl":"1012590001","address":"1120 AVENUE OF THE AMERICAS","owner":"HIPPODROME LAND COMPANY, LLC","bldgclass":"O4","landuse":"05","zonedist1":"C6-6","zonedist2":"C6-4.5","overlay1":null,"spdist1":"MiD","lotarea":48199,"bldgarea":615000,"comarea":615000,"resarea":0,"officearea":452297,"retailarea":19703,"numfloors":21,"numbldgs":1,"unitsres":0,"unitstotal":1,"yearbuilt":1962,"yearalter1":2004,"builtfar":12.76,"residfar":10,"commfar":15,"facilfar":15,"lotfront":200.83,"lotdepth":240,"borough":"MN","block":1259,"lot":1}},{"type":"Feature","geometry":{"type":"Polygon","coordinates":[[[-73.981866,40.755515],[-73.982049,40.755266],[-73.982155,40.75531],[-73.982335,40.755065],[-73.982488,40.755129],[-73.982126,40.755624],[-73.981866,40.755515]]]},"properties":{"bbl":"1012590014","address":"40 WEST 44 STREET","owner":"ASSOS OF BAR OF NY","bldgclass":"O2","landuse":"05","zonedist1":"C6-4.5","zonedist2":null,"overlay1":null,"spdist1":"MiD","lotarea":13850,"bldgarea":43298,"comarea":43298,"resarea":0,"officearea":43298,"retailarea":0,"numfloors":4,"numbldgs":1,"unitsres":0,"unitstotal":1,"yearbuilt":1895,"yearalter1":1996,"builtfar":3.13,"residfar":10,"commfar":12,"facilfar":12,"lotfront":52.5,"lotdepth":200.83,"borough":"MN","block":1259,"lot":14}},{"type":"Feature","geometry":{"type":"Polygon","coordinates":[[[-73.982969,40.756155],[-73.98283,40.756345],[-73.982423,40.756173],[-73.982561,40.755983],[-73.982969,40.756155]]]},"properties":{"bbl":"1012600001","address":"1140 AVENUE OF THE AMERICAS","owner":"ARC NYC1140SIXTH, LLC","bldgclass":"O4","landuse":"05","zonedist1":"C6-6","zonedist2":null,"overlay1":null,"spdist1":"MiD","lotarea":9375,"bldgarea":179513,"comarea":179513,"resarea":0,"officearea":171949,"retailarea":7564,"numfloors":20,"numbldgs":1,"unitsres":0,"unitstotal":84,"yearbuilt":1931,"yearalter1":2007,"builtfar":19.15,"residfar":10,"commfar":15,"facilfar":15,"lotfront":75,"lotdepth":125,"borough":"MN","block":1260,"lot":1}},{"type":"Feature","geometry":{"type":"Polygon","coordinates":[[[-73.982382,40.756228],[-73.982423,40.756173],[-73.98283,40.756345],[-73.982729,40.756484],[-73.982336,40.756318],[-73.982397,40.756235],[-73.982382,40.756228]]]},"properties":{"bbl":"1012600004","address":"1150 AVENUE OF THE AMERICAS","owner":"MONEAL 1150 OWNER LLC","bldgclass":"V1","landuse":"11","zonedist1":"C6-6","zonedist2":null,"overlay1":null,"spdist1":"MiD","lotarea":7375,"bldgarea":0,"comarea":null,"resarea":null,"officearea":null,"retailarea":null,"numfloors":null,"numbldgs":1,"unitsres":0,"unitstotal":0,"yearbuilt":0,"yearalter1":2016,"builtfar":0,"residfar":10,"commfar":15,"facilfar":15,"lotfront":60.42,"lotdepth":125,"borough":"MN","block":1260,"lot":4}},{"type":"Feature","geometry":{"type":"Polygon","coordinates":[[[-73.982084,40.756102],[-73.982263,40.755856],[-73.982561,40.755983],[-73.982423,40.756173],[-73.982382,40.756228],[-73.982331,40.756207],[-73.982269,40.756181],[-73.98221,40.756155],[-73.982084,40.756102]]]},"properties":{"bbl":"1012600007","address":"59 WEST 44 STREET","owner":"REGENCY 44TH STREET LLC","bldgclass":"H2","landuse":"05","zonedist1":"C6-4.5","zonedist2":"C6-6","overlay1":null,"spdist1":"MiD","lotarea":9221,"bldgarea":77358,"comarea":null,"resarea":null,"officearea":null,"retailarea":null,"numfloors":3,"numbldgs":3,"unitsres":0,"unitstotal":2,"yearbuilt":1902,"yearalter1":0,"builtfar":8.39,"residfar":10,"commfar":12,"facilfar":12,"lotfront":91.83,"lotdepth":100.42,"borough":"MN","block":1260,"lot":7}},{"type":"Feature","geometry":{"type":"Polygon","coordinates":[[[-73.981953,40.756047],[-73.982132,40.755801],[-73.982263,40.755856],[-73.982084,40.756102],[-73.982079,40.7561],[-73.982017,40.756074],[-73.981953,40.756047]]]},"properties":{"bbl":"1012600010","address":"55 WEST 44 STREET","owner":"CITY CLUB HOTEL REALTY, LLC","bldgclass":"HB","landuse":"05","zonedist1":"C6-4.5","zonedist2":null,"overlay1":null,"spdist1":"MiD","lotarea":4502,"bldgarea":33478,"comarea":null,"resarea":null,"officearea":null,"retailarea":null,"numfloors":9,"numbldgs":1,"unitsres":0,"unitstotal":4,"yearbuilt":1904,"yearalter1":2000,"builtfar":7.44,"residfar":10,"commfar":12,"facilfar":12,"lotfront":44.83,"lotdepth":100.42,"borough":"MN","block":1260,"lot":10}},{"type":"Feature","geometry":{"type":"Polygon","coordinates":[[[-73.980791,40.755884],[-73.980974,40.755633],[-73.981153,40.755387],[-73.981543,40.755552],[-73.981364,40.755797],[-73.981324,40.75578],[-73.98114,40.756032],[-73.980791,40.755884]]]},"properties":{"bbl":"1012600020","address":"27 WEST 44 STREET","owner":"HARVARD CLUB OF NEW YORK CITY","bldgclass":"H5","landuse":"05","zonedist1":"C6-4.5","zonedist2":null,"overlay1":null,"spdist1":"MiD","lotarea":23597,"bldgarea":152820,"comarea":null,"resarea":null,"officearea":null,"retailarea":null,"numfloors":8,"numbldgs":1,"unitsres":77,"unitstotal":78,"yearbuilt":1894,"yearalter1":1998,"builtfar":6.48,"residfar":10,"commfar":12,"facilfar":12,"lotfront":125,"lotdepth":200.83,"borough":"MN","block":1260,"lot":20}},{"type":"Feature","geometry":{"type":"Polygon","coordinates":[[[-73.980528,40.755773],[-73.980711,40.755521],[-73.980658,40.755499],[-73.980837,40.755253],[-73.981153,40.755387],[-73.980974,40.755633],[-73.980913,40.755607],[-73.98073,40.755859],[-73.980528,40.755773]]]},"properties":{"bbl":"1012600024","address":"19 WEST 44 STREET","owner":"19 W 44 OWNER LLC","bldgclass":"O6","landuse":"05","zonedist1":"C6-4.5","zonedist2":null,"overlay1":null,"spdist1":"MiD","lotarea":16250,"bldgarea":235199,"comarea":235199,"resarea":0,"officearea":222211,"retailarea":11126,"numfloors":16,"numbldgs":2,"unitsres":0,"unitstotal":150,"yearbuilt":1916,"yearalter1":1989,"builtfar":14.47,"residfar":10,"commfar":12,"facilfar":12,"lotfront":100,"lotdepth":200.83,"borough":"MN","block":1260,"lot":24}},{"type":"Feature","geometry":{"type":"Polygon","coordinates":[[[-73.982017,40.756074],[-73.981834,40.756326],[-73.981706,40.756272],[-73.98189,40.75602],[-73.981953,40.756047],[-73.982017,40.756074]]]},"properties":{"bbl":"1012600064","address":"56 WEST 45 STREET","owner":"3Y-PLAZA LLC","bldgclass":"O6","landuse":"05","zonedist1":"C6-4.5","zonedist2":null,"overlay1":null,"spdist1":"MiD","lotarea":4016,"bldgarea":58538,"comarea":58538,"resarea":0,"officearea":52138,"retailarea":6400,"numfloors":17,"numbldgs":1,"unitsres":0,"unitstotal":62,"yearbuilt":1914,"yearalter1":1988,"builtfar":14.58,"residfar":10,"commfar":12,"facilfar":12,"lotfront":40,"lotdepth":100.42,"borough":"MN","block":1260,"lot":64}},{"type":"Feature","geometry":{"type":"Polygon","coordinates":[[[-73.982017,40.756074],[-73.982079,40.7561],[-73.981896,40.756352],[-73.981834,40.756326],[-73.982017,40.756074]]]},"properties":{"bbl":"1012600065","address":"60 WEST 45 STREET","owner":"SHUYUANMEN LLC","bldgclass":"S9","landuse":"04","zonedist1":"C6-4.5","zonedist2":null,"overlay1":null,"spdist1":"MiD","lotarea":1958,"bldgarea":6216,"comarea":1554,"resarea":4662,"officearea":0,"retailarea":1554,"numfloors":4,"numbldgs":1,"unitsres":4,"unitstotal":6,"yearbuilt":1920,"yearalter1":0,"builtfar":3.17,"residfar":10,"commfar":12,"facilfar":12,"lotfront":19.5,"lotdepth":100.42,"borough":"MN","block":1260,"lot":65}},{"type":"Feature","geometry":{"type":"Polygon","coordinates":[[[-73.981339,40.756612],[-73.981338,40.756612],[-73.981277,40.756586],[-73.981211,40.756558],[-73.981166,40.756539],[-73.981348,40.756289],[-73.981521,40.756362],[-73.981339,40.756612]]]},"properties":{"bbl":"1012610015","address":"49 WEST 45 STREET","owner":"FAMURB COMPANY","bldgclass":"O6","landuse":"05","zonedist1":"C6-4.5","zonedist2":null,"overlay1":null,"spdist1":"MiD","lotarea":5649,"bldgarea":59841,"comarea":59841,"resarea":0,"officearea":57841,"retailarea":2000,"numfloors":12.5,"numbldgs":1,"unitsres":0,"unitstotal":14,"yearbuilt":1922,"yearalter1":0,"builtfar":10.59,"residfar":10,"commfar":12,"facilfar":12,"lotfront":56.25,"lotdepth":100.42,"borough":"MN","block":1261,"lot":15}},{"type":"Feature","geometry":{"type":"Polygon","coordinates":[[[-73.980542,40.755948],[-73.98036,40.756198],[-73.980283,40.756165],[-73.980465,40.755915],[-73.980542,40.755948]]]},"properties":{"bbl":"1012610026","address":"21 WEST 45 STREET","owner":"21 WEST 45TH ASSOCIATES, LLC","bldgclass":"K4","landuse":"04","zonedist1":"C6-4.5","zonedist2":null,"overlay1":null,"spdist1":"MiD","lotarea":2510,"bldgarea":14274,"comarea":14274,"resarea":0,"officearea":4758,"retailarea":9516,"numfloors":6,"numbldgs":1,"unitsres":0,"unitstotal":8,"yearbuilt":1920,"yearalter1":1968,"builtfar":5.69,"residfar":10,"commfar":12,"facilfar":12,"lotfront":25,"lotdepth":100.42,"borough":"MN","block":1261,"lot":26}},{"type":"Feature","geometry":{"type":"Polygon","coordinates":[[[-73.98045,40.756236],[-73.980519,40.756265],[-73.980344,40.756506],[-73.980275,40.756477],[-73.98045,40.756236]]]},"properties":{"bbl":"1012610051","address":"22 WEST 46 STREET","owner":"PEARL BUILDING CORPORATION","bldgclass":"K4","landuse":"04","zonedist1":"C6-4.5","zonedist2":null,"overlay1":null,"spdist1":"MiD","lotarea":2008,"bldgarea":7760,"comarea":7760,"resarea":0,"officearea":3610,"retailarea":4150,"numfloors":5,"numbldgs":1,"unitsres":0,"unitstotal":5,"yearbuilt":1925,"yearalter1":0,"builtfar":3.86,"residfar":10,"commfar":12,"facilfar":12,"lotfront":20,"lotdepth":100.42,"borough":"MN","block":1261,"lot":51}},{"type":"Feature","geometry":{"type":"Polygon","coordinates":[[[-73.980637,40.756315],[-73.980462,40.756556],[-73.9804,40.75653],[-73.980575,40.756289],[-73.980637,40.756315]]]},"properties":{"bbl":"1012610053","address":"26 WEST 46 STREET","owner":"LU FAMILY CO INC","bldgclass":"K4","landuse":"04","zonedist1":"C6-4.5","zonedist2":null,"overlay1":null,"spdist1":"MiD","lotarea":1883,"bldgarea":5830,"comarea":5830,"resarea":0,"officearea":0,"retailarea":1800,"numfloors":5,"numbldgs":1,"unitsres":0,"unitstotal":1,"yearbuilt":1920,"yearalter1":1984,"builtfar":3.1,"residfar":10,"commfar":12,"facilfar":12,"lotfront":18.75,"lotdepth":100.42,"borough":"MN","block":1261,"lot":53}},{"type":"Feature","geometry":{"type":"Polygon","coordinates":[[[-73.980949,40.756447],[-73.981143,40.756529],[-73.980968,40.75677],[-73.980773,40.756688],[-73.980949,40.756447]]]},"properties":{"bbl":"1012610057","address":"38 WEST 46 STREET","owner":"HIPPODROME LAND COMPANY, LLC","bldgclass":"G1","landuse":"10","zonedist1":"C6-4.5","zonedist2":null,"overlay1":null,"spdist1":"MiD","lotarea":6276,"bldgarea":57738,"comarea":57738,"resarea":0,"officearea":0,"retailarea":0,"numfloors":7,"numbldgs":1,"unitsres":0,"unitstotal":1,"yearbuilt":1967,"yearalter1":0,"builtfar":9.2,"residfar":10,"commfar":12,"facilfar":12,"lotfront":62.5,"lotdepth":100.42,"borough":"MN","block":1261,"lot":57}},{"type":"Feature","geometry":{"type":"Polygon","coordinates":[[[-73.981036,40.756799],[-73.980968,40.75677],[-73.981143,40.756529],[-73.981166,40.756539],[-73.981211,40.756558],[-73.981036,40.756799]]]},"properties":{"bbl":"1012610060","address":"44 WEST 46 STREET","owner":"46TH STREET CALLAGY FAMILY LLC","bldgclass":"K2","landuse":"05","zonedist1":"C6-4.5","zonedist2":null,"overlay1":null,"spdist1":"MiD","lotarea":2008,"bldgarea":8655,"comarea":8655,"resarea":0,"officearea":0,"retailarea":8655,"numfloors":5,"numbldgs":1,"unitsres":0,"unitstotal":1,"yearbuilt":1985,"yearalter1":0,"builtfar":4.31,"residfar":10,"commfar":12,"facilfar":12,"lotfront":20,"lotdepth":100.42,"borough":"MN","block":1261,"lot":60}},{"type":"Feature","geometry":{"type":"Polygon","coordinates":[[[-73.981277,40.756586],[-73.981338,40.756612],[-73.981162,40.756852],[-73.981102,40.756827],[-73.981277,40.756586]]]},"properties":{"bbl":"1012610061","address":"48 WEST 46 STREET","owner":"REISMAN FAMILY PROPERTIES LLC","bldgclass":"K4","landuse":"04","zonedist1":"C6-4.5","zonedist2":null,"overlay1":null,"spdist1":"MiD","lotarea":2008,"bldgarea":7500,"comarea":7500,"resarea":0,"officearea":2400,"retailarea":5100,"numfloors":5,"numbldgs":1,"unitsres":0,"unitstotal":6,"yearbuilt":1920,"yearalter1":0,"builtfar":3.74,"residfar":10,"commfar":12,"facilfar":12,"lotfront":20,"lotdepth":100.42,"borough":"MN","block":1261,"lot":61}},{"type":"Feature","geometry":{"type":"Polygon","coordinates":[[[-73.981339,40.756612],[-73.981521,40.756362],[-73.981586,40.756389],[-73.981403,40.756639],[-73.981339,40.756612]]]},"properties":{"bbl":"1012610112","address":"55 WEST 45 STREET","owner":"REISMAN FAMILY PROPERTIES LLC","bldgclass":"O6","landuse":"05","zonedist1":"C6-4.5","zonedist2":null,"overlay1":null,"spdist1":"MiD","lotarea":1883,"bldgarea":11921,"comarea":11921,"resarea":0,"officearea":10211,"retailarea":1710,"numfloors":7,"numbldgs":1,"unitsres":0,"unitstotal":8,"yearbuilt":1920,"yearalter1":1997,"builtfar":6.33,"residfar":10,"commfar":12,"facilfar":12,"lotfront":18.75,"lotdepth":100.42,"borough":"MN","block":1261,"lot":112}},{"type":"Feature","geometry":{"type":"Polygon","coordinates":[[[-73.980454,40.756923],[-73.980561,40.756776],[-73.98062,40.756801],[-73.980442,40.757044],[-73.980382,40.757018],[-73.980452,40.756922],[-73.980454,40.756923]]]},"properties":{"bbl":"1012620019","address":"39 WEST 46 STREET","owner":"CHUN-BONG LEE, INC.","bldgclass":"S9","landuse":"04","zonedist1":"C6-4.5","zonedist2":null,"overlay1":null,"spdist1":"MiD","lotarea":1975,"bldgarea":6830,"comarea":2050,"resarea":4780,"officearea":0,"retailarea":2050,"numfloors":5,"numbldgs":1,"unitsres":6,"unitstotal":10,"yearbuilt":1920,"yearalter1":0,"builtfar":3.46,"residfar":10,"commfar":12,"facilfar":12,"lotfront":19.5,"lotdepth":100.42,"borough":"MN","block":1262,"lot":19}},{"type":"Feature","geometry":{"type":"Polygon","coordinates":[[[-73.980382,40.757018],[-73.980303,40.756985],[-73.980373,40.756889],[-73.980372,40.756888],[-73.980479,40.756741],[-73.980561,40.756776],[-73.980454,40.756923],[-73.980452,40.756922],[-73.980382,40.757018]]]},"properties":{"bbl":"1012620020","address":"37 WEST 46 STREET","owner":"FRANCO REALTY LLC","bldgclass":"K4","landuse":"04","zonedist1":"C6-4.5","zonedist2":null,"overlay1":null,"spdist1":"MiD","lotarea":2600,"bldgarea":10785,"comarea":7068,"resarea":3717,"officearea":0,"retailarea":7068,"numfloors":5,"numbldgs":1,"unitsres":2,"unitstotal":6,"yearbuilt":1920,"yearalter1":1996,"builtfar":4.15,"residfar":10,"commfar":12,"facilfar":12,"lotfront":26,"lotdepth":100.42,"borough":"MN","block":1262,"lot":20}},{"type":"Feature","geometry":{"type":"Polygon","coordinates":[[[-73.981435,40.757786],[-73.981558,40.757618],[-73.981618,40.757644],[-73.981495,40.757812],[-73.981435,40.757786]]]},"properties":{"bbl":"1012620072","address":"74 WEST 47 STREET","owner":"NEKTALOV, AS TRUSTEE, DAVID","bldgclass":"K2","landuse":"05","zonedist1":"C6-6","zonedist2":null,"overlay1":null,"spdist1":"MiD","lotarea":1330,"bldgarea":4920,"comarea":4920,"resarea":0,"officearea":0,"retailarea":4920,"numfloors":4,"numbldgs":1,"unitsres":0,"unitstotal":6,"yearbuilt":1930,"yearalter1":0,"builtfar":3.7,"residfar":10,"commfar":15,"facilfar":15,"lotfront":19,"lotdepth":70,"borough":"MN","block":1262,"lot":72}},{"type":"Feature","geometry":{"type":"Polygon","coordinates":[[[-73.981495,40.757812],[-73.981618,40.757644],[-73.981673,40.757667],[-73.981551,40.757835],[-73.981495,40.757812]]]},"properties":{"bbl":"1012620073","address":"76 WEST 47 STREET","owner":"M LLC","bldgclass":"K1","landuse":"05","zonedist1":"C6-6","zonedist2":null,"overlay1":null,"spdist1":"MiD","lotarea":1330,"bldgarea":1645,"comarea":1645,"resarea":0,"officearea":0,"retailarea":1645,"numfloors":1,"numbldgs":1,"unitsres":0,"unitstotal":1,"yearbuilt":1965,"yearalter1":0,"builtfar":1.24,"residfar":10,"commfar":15,"facilfar":15,"lotfront":19,"lotdepth":70,"borough":"MN","block":1262,"lot":73}},{"type":"Feature","geometry":{"type":"Polygon","coordinates":[[[-73.981673,40.757667],[-73.981734,40.757693],[-73.981611,40.757861],[-73.981551,40.757835],[-73.981673,40.757667]]]},"properties":{"bbl":"1012620074","address":"78 WEST 47 STREET","owner":"78 W 47 STREET CORP","bldgclass":"K4","landuse":"04","zonedist1":"C6-6","zonedist2":null,"overlay1":null,"spdist1":"MiD","lotarea":1330,"bldgarea":4350,"comarea":4350,"resarea":0,"officearea":2000,"retailarea":2350,"numfloors":4,"numbldgs":1,"unitsres":0,"unitstotal":37,"yearbuilt":1920,"yearalter1":1979,"builtfar":3.27,"residfar":10,"commfar":15,"facilfar":15,"lotfront":19,"lotdepth":70,"borough":"MN","block":1262,"lot":74}},{"type":"Feature","geometry":{"type":"Polygon","coordinates":[[[-73.981734,40.757693],[-73.981673,40.757667],[-73.981618,40.757644],[-73.981558,40.757618],[-73.981595,40.757568],[-73.981847,40.757674],[-73.98181,40.757725],[-73.981734,40.757693]]]},"properties":{"bbl":"1012620076","address":"1190 AVENUE OF THE AMERICAS","owner":"1190 AVENUE OF AMERI","bldgclass":"K4","landuse":"04","zonedist1":"C6-6","zonedist2":null,"overlay1":null,"spdist1":"MiD","lotarea":1580,"bldgarea":5600,"comarea":5600,"resarea":0,"officearea":2800,"retailarea":2800,"numfloors":4,"numbldgs":1,"unitsres":0,"unitstotal":4,"yearbuilt":1920,"yearalter1":1987,"builtfar":3.54,"residfar":10,"commfar":15,"facilfar":15,"lotfront":20,"lotdepth":79,"borough":"MN","block":1262,"lot":76}},{"type":"Feature","geometry":{"type":"Polygon","coordinates":[[[-73.981555,40.757515],[-73.981577,40.757524],[-73.981594,40.757502],[-73.981883,40.757624],[-73.981847,40.757674],[-73.981595,40.757568],[-73.981535,40.757542],[-73.981555,40.757515]]]},"properties":{"bbl":"1012620077","address":"1188 AVENUE OF THE AMERICAS","owner":"THE GALENA TRUST","bldgclass":"K2","landuse":"05","zonedist1":"C6-6","zonedist2":null,"overlay1":null,"spdist1":"MiD","lotarea":1887,"bldgarea":6182,"comarea":6182,"resarea":0,"officearea":0,"retailarea":6182,"numfloors":4,"numbldgs":1,"unitsres":0,"unitstotal":1,"yearbuilt":1920,"yearalter1":1965,"builtfar":3.28,"residfar":10,"commfar":15,"facilfar":15,"lotfront":20,"lotdepth":98,"borough":"MN","block":1262,"lot":77}},{"type":"Feature","geometry":{"type":"Polygon","coordinates":[[[-73.980687,40.756829],[-73.980748,40.756855],[-73.980571,40.757098],[-73.98051,40.757072],[-73.980687,40.756829]]]},"properties":{"bbl":"1012620117","address":"43 WEST 46 STREET","owner":"PMG EQUITIES LLC","bldgclass":"O6","landuse":"05","zonedist1":"C6-4.5","zonedist2":null,"overlay1":null,"spdist1":"MiD","lotarea":2008,"bldgarea":9020,"comarea":9020,"resarea":0,"officearea":5500,"retailarea":3520,"numfloors":7,"numbldgs":1,"unitsres":0,"unitstotal":5,"yearbuilt":1920,"yearalter1":0,"builtfar":4.49,"residfar":10,"commfar":12,"facilfar":12,"lotfront":20,"lotdepth":100.42,"borough":"MN","block":1262,"lot":117}},{"type":"Feature","geometry":{"type":"Polygon","coordinates":[[[-73.981332,40.758155],[-73.981463,40.757976],[-73.981588,40.758029],[-73.981457,40.758208],[-73.981332,40.758155]]]},"properties":{"bbl":"1012630001","address":"1200 AVENUE OF THE AMERICAS","owner":"1200 AOA REALTY, LLC","bldgclass":"O5","landuse":"05","zonedist1":"C6-6","zonedist2":null,"overlay1":null,"spdist1":"MiD","lotarea":2900,"bldgarea":21600,"comarea":21600,"resarea":0,"officearea":18000,"retailarea":3600,"numfloors":6,"numbldgs":1,"unitsres":0,"unitstotal":42,"yearbuilt":1960,"yearalter1":0,"builtfar":7.45,"residfar":10,"commfar":15,"facilfar":15,"lotfront":75.33,"lotdepth":38.5,"borough":"MN","block":1263,"lot":1}},{"type":"Feature","geometry":{"type":"Polygon","coordinates":[[[-73.98095,40.75808],[-73.981129,40.757835],[-73.981337,40.757923],[-73.981206,40.758102],[-73.981158,40.758168],[-73.981094,40.758141],[-73.98095,40.75808]]]},"properties":{"bbl":"1012630005","address":"67 WEST 47 STREET","owner":"FEDERATION ASSOCIATES","bldgclass":"O6","landuse":"05","zonedist1":"C6-6","zonedist2":null,"overlay1":null,"spdist1":"MiD","lotarea":6359,"bldgarea":79827,"comarea":79827,"resarea":0,"officearea":68334,"retailarea":11493,"numfloors":16,"numbldgs":1,"unitsres":0,"unitstotal":62,"yearbuilt":1928,"yearalter1":1968,"builtfar":12.55,"residfar":10,"commfar":15,"facilfar":15,"lotfront":63.33,"lotdepth":100.42,"borough":"MN","block":1263,"lot":5}},{"type":"Feature","geometry":{"type":"Polygon","coordinates":[[[-73.980828,40.758028],[-73.980761,40.758],[-73.980695,40.757972],[-73.980684,40.757967],[-73.980863,40.757722],[-73.981129,40.757835],[-73.98095,40.75808],[-73.980828,40.758028]]]},"properties":{"bbl":"1012630007","address":"55 WEST 47 STREET","owner":"REAL EVERGREEN INTERNATIONAL, INC.","bldgclass":"O6","landuse":"05","zonedist1":"C6-4.5","zonedist2":null,"overlay1":null,"spdist1":"MiD","lotarea":8803,"bldgarea":76380,"comarea":65692,"resarea":10688,"officearea":49462,"retailarea":16230,"numfloors":13,"numbldgs":1,"unitsres":10,"unitstotal":210,"yearbuilt":1963,"yearalter1":0,"builtfar":8.68,"residfar":10,"commfar":12,"facilfar":12,"lotfront":87.67,"lotdepth":100.42,"borough":"MN","block":1263,"lot":7}},{"type":"Feature","geometry":{"type":"Polygon","coordinates":[[[-73.980626,40.757943],[-73.980617,40.757939],[-73.980797,40.757694],[-73.980863,40.757722],[-73.980684,40.757967],[-73.980626,40.757943]]]},"properties":{"bbl":"1012630010","address":"47 WEST 47 STREET","owner":"J.R. REALTY ASSOCIATES","bldgclass":"O5","landuse":"05","zonedist1":"C6-4.5","zonedist2":null,"overlay1":null,"spdist1":"MiD","lotarea":2111,"bldgarea":12246,"comarea":12246,"resarea":0,"officearea":10205,"retailarea":2041,"numfloors":6,"numbldgs":1,"unitsres":0,"unitstotal":0,"yearbuilt":1920,"yearalter1":0,"builtfar":5.8,"residfar":10,"commfar":12,"facilfar":12,"lotfront":21,"lotdepth":100.42,"borough":"MN","block":1263,"lot":10}},{"type":"Feature","geometry":{"type":"Polygon","coordinates":[[[-73.980532,40.757903],[-73.980711,40.757658],[-73.980797,40.757694],[-73.980617,40.757939],[-73.980532,40.757903]]]},"properties":{"bbl":"1012630011","address":"45 WEST 47 STREET","owner":"45 WEST 47TH REALTYLLC","bldgclass":"O5","landuse":"05","zonedist1":"C6-4.5","zonedist2":null,"overlay1":null,"spdist1":"MiD","lotarea":2510,"bldgarea":11050,"comarea":11050,"resarea":0,"officearea":6550,"retailarea":4500,"numfloors":5,"numbldgs":1,"unitsres":0,"unitstotal":9,"yearbuilt":1920,"yearalter1":1989,"builtfar":4.4,"residfar":10,"commfar":12,"facilfar":12,"lotfront":25,"lotdepth":100.42,"borough":"MN","block":1263,"lot":11}},{"type":"Feature","geometry":{"type":"Polygon","coordinates":[[[-73.98056,40.757594],[-73.980632,40.757624],[-73.980453,40.75787],[-73.980381,40.75784],[-73.98056,40.757594]]]},"properties":{"bbl":"1012630013","address":"41 WEST 47 STREET","owner":"41 WEST 47 LLC","bldgclass":"K4","landuse":"04","zonedist1":"C6-4.5","zonedist2":null,"overlay1":null,"spdist1":"MiD","lotarea":2510,"bldgarea":11250,"comarea":11250,"resarea":0,"officearea":2700,"retailarea":7100,"numfloors":5,"numbldgs":1,"unitsres":1,"unitstotal":15,"yearbuilt":1920,"yearalter1":2004,"builtfar":4.48,"residfar":10,"commfar":12,"facilfar":12,"lotfront":25,"lotdepth":100.42,"borough":"MN","block":1263,"lot":13}},{"type":"Feature","geometry":{"type":"Polygon","coordinates":[[[-73.980149,40.758062],[-73.980328,40.757817],[-73.980381,40.75784],[-73.980453,40.75787],[-73.980532,40.757903],[-73.980617,40.757939],[-73.980626,40.757943],[-73.980447,40.758188],[-73.980149,40.758062]]]},"properties":{"bbl":"1012630061","address":"48 WEST 48 STREET","owner":"MUTUAL LIFE INSURANCE COMPANY OF NEW YOR K","bldgclass":"O6","landuse":"05","zonedist1":"C6-4.5","zonedist2":null,"overlay1":null,"spdist1":"MiD","lotarea":9539,"bldgarea":118134,"comarea":118134,"resarea":0,"officearea":109134,"retailarea":9000,"numfloors":16,"numbldgs":1,"unitsres":0,"unitstotal":93,"yearbuilt":1926,"yearalter1":0,"builtfar":12.38,"residfar":10,"commfar":12,"facilfar":12,"lotfront":95,"lotdepth":100.42,"borough":"MN","block":1263,"lot":61}},{"type":"Feature","geometry":{"type":"Polygon","coordinates":[[[-73.980695,40.757972],[-73.980516,40.758217],[-73.980447,40.758188],[-73.980626,40.757943],[-73.980684,40.757967],[-73.980695,40.757972]]]},"properties":{"bbl":"1012630065","address":"58 WEST 48 STREET","owner":"A.L.S.T. PROPERTIES,","bldgclass":"S5","landuse":"04","zonedist1":"C6-4.5","zonedist2":null,"overlay1":null,"spdist1":"MiD","lotarea":2259,"bldgarea":7782,"comarea":3112,"resarea":4670,"officearea":0,"retailarea":1556,"numfloors":5,"numbldgs":1,"unitsres":6,"unitstotal":7,"yearbuilt":1920,"yearalter1":2004,"builtfar":3.44,"residfar":10,"commfar":12,"facilfar":12,"lotfront":22.5,"lotdepth":100.42,"borough":"MN","block":1263,"lot":65}},{"type":"Feature","geometry":{"type":"Polygon","coordinates":[[[-73.980582,40.758245],[-73.980516,40.758217],[-73.980695,40.757972],[-73.980761,40.758],[-73.980582,40.758245]]]},"properties":{"bbl":"1012630066","address":"60 WEST 48 STREET","owner":"A.L.S.T. PROPERTIES,","bldgclass":"S9","landuse":"04","zonedist1":"C6-4.5","zonedist2":null,"overlay1":null,"spdist1":"MiD","lotarea":2090,"bldgarea":7166,"comarea":2866,"resarea":4300,"officearea":0,"retailarea":1433,"numfloors":5,"numbldgs":1,"unitsres":5,"unitstotal":7,"yearbuilt":1920,"yearalter1":0,"builtfar":3.43,"residfar":10,"commfar":12,"facilfar":12,"lotfront":20.83,"lotdepth":100.42,"borough":"MN","block":1263,"lot":66}},{"type":"Feature","geometry":{"type":"Polygon","coordinates":[[[-73.980649,40.758273],[-73.980828,40.758028],[-73.98095,40.75808],[-73.981094,40.758141],[-73.980915,40.758386],[-73.980649,40.758273]]]},"properties":{"bbl":"1012630067","address":"64 WEST 48 STREET","owner":"6448 REALTY ASSOCIATES, LLC","bldgclass":"O6","landuse":"05","zonedist1":"C6-6","zonedist2":"C6-4.5","overlay1":null,"spdist1":"MiD","lotarea":8384,"bldgarea":105262,"comarea":105262,"resarea":0,"officearea":98683,"retailarea":6579,"numfloors":17,"numbldgs":1,"unitsres":0,"unitstotal":56,"yearbuilt":1926,"yearalter1":1986,"builtfar":12.56,"residfar":10,"commfar":15,"facilfar":15,"lotfront":83.5,"lotdepth":100.42,"borough":"MN","block":1263,"lot":67}},{"type":"Feature","geometry":{"type":"Polygon","coordinates":[[[-73.980915,40.758386],[-73.981094,40.758141],[-73.981158,40.758168],[-73.981206,40.758102],[-73.981269,40.758129],[-73.981332,40.758155],[-73.981457,40.758208],[-73.98123,40.758519],[-73.980915,40.758386]]]},"properties":{"bbl":"1012630071","address":"1212 AVENUE OF THE AMERICAS","owner":"48 AMERICAS CO","bldgclass":"O4","landuse":"05","zonedist1":"C6-6","zonedist2":null,"overlay1":null,"spdist1":"MiD","lotarea":11975,"bldgarea":248896,"comarea":248896,"resarea":0,"officearea":231733,"retailarea":17163,"numfloors":23,"numbldgs":1,"unitsres":0,"unitstotal":39,"yearbuilt":1964,"yearalter1":2017,"builtfar":20.78,"residfar":10,"commfar":15,"facilfar":15,"lotfront":125.5,"lotdepth":99.5,"borough":"MN","block":1263,"lot":71}},{"type":"Feature","geometry":{"type":"Polygon","coordinates":[[[-73.9814,40.757949],[-73.981269,40.758129],[-73.981206,40.758102],[-73.981337,40.757923],[-73.9814,40.757949]]]},"properties":{"bbl":"1012630104","address":"73 WEST 47 STREET","owner":"73 WEST 47TH STREET LLC","bldgclass":"S9","landuse":"04","zonedist1":"C6-6","zonedist2":null,"overlay1":null,"spdist1":"MiD","lotarea":1508,"bldgarea":9831,"comarea":2816,"resarea":7015,"officearea":0,"retailarea":2816,"numfloors":7,"numbldgs":1,"unitsres":3,"unitstotal":5,"yearbuilt":1920,"yearalter1":1983,"builtfar":6.52,"residfar":10,"commfar":15,"facilfar":15,"lotfront":20,"lotdepth":75.33,"borough":"MN","block":1263,"lot":104}},{"type":"Feature","geometry":{"type":"Polygon","coordinates":[[[-73.981269,40.758129],[-73.9814,40.757949],[-73.981463,40.757976],[-73.981332,40.758155],[-73.981269,40.758129]]]},"properties":{"bbl":"1012630105","address":"75 WEST 47 STREET","owner":"ZOLAND PROPERTIES, INC.","bldgclass":"K4","landuse":"04","zonedist1":"C6-6","zonedist2":null,"overlay1":null,"spdist1":"MiD","lotarea":1470,"bldgarea":5000,"comarea":5000,"resarea":0,"officearea":2400,"retailarea":2600,"numfloors":4,"numbldgs":1,"unitsres":0,"unitstotal":20,"yearbuilt":1928,"yearalter1":0,"builtfar":3.4,"residfar":10,"commfar":15,"facilfar":15,"lotfront":19.5,"lotdepth":75.33,"borough":"MN","block":1263,"lot":105}},{"type":"Feature","geometry":{"type":"Polygon","coordinates":[[[-73.980582,40.758245],[-73.980761,40.758],[-73.980828,40.758028],[-73.980649,40.758273],[-73.980582,40.758245]]]},"properties":{"bbl":"1012630166","address":"62 WEST 48 STREET","owner":"A.L.S.T. PROPERTIES,","bldgclass":"S9","landuse":"04","zonedist1":"C6-4.5","zonedist2":null,"overlay1":null,"spdist1":"MiD","lotarea":2092,"bldgarea":6524,"comarea":2610,"resarea":3914,"officearea":1305,"retailarea":1305,"numfloors":5,"numbldgs":1,"unitsres":5,"unitstotal":7,"yearbuilt":1920,"yearalter1":2023,"builtfar":3.12,"residfar":10,"commfar":12,"facilfar":12,"lotfront":20.83,"lotdepth":100.42,"borough":"MN","block":1263,"lot":166}},{"type":"Feature","geometry":{"type":"Polygon","coordinates":[[[-73.978578,40.758219],[-73.978754,40.757976],[-73.978675,40.757943],[-73.978855,40.757695],[-73.981139,40.75866],[-73.980783,40.75915],[-73.978578,40.758219]]]},"properties":{"bbl":"1012640005","address":"1230 AVENUE OF THE AMERICAS","owner":"RCPI HOLDCO LCC ATTN: KELLEY MARBURY","bldgclass":"O9","landuse":"05","zonedist1":"C5-2.5","zonedist2":"C5-3","overlay1":null,"spdist1":"MiD","lotarea":142087,"bldgarea":1898155,"comarea":1898155,"resarea":0,"officearea":1474664,"retailarea":167757,"numfloors":22,"numbldgs":3,"unitsres":0,"unitstotal":230,"yearbuilt":1939,"yearalter1":2025,"builtfar":13.36,"residfar":10,"commfar":12,"facilfar":12,"lotfront":200.83,"lotdepth":720,"borough":"MN","block":1264,"lot":5}},{"type":"Feature","geometry":{"type":"Polygon","coordinates":[[[-73.981066,40.752271],[-73.981235,40.752039],[-73.981638,40.75221],[-73.981471,40.75244],[-73.981147,40.752305],[-73.981066,40.752271]]]},"properties":{"bbl":"1012750001","address":"461 5 AVENUE","owner":"461 FIFTH OWNER LLC","bldgclass":"O4","landuse":"05","zonedist1":"C5-3","zonedist2":null,"overlay1":null,"spdist1":"MiD","lotarea":11341,"bldgarea":201387,"comarea":201387,"resarea":0,"officearea":194929,"retailarea":6458,"numfloors":26,"numbldgs":1,"unitsres":0,"unitstotal":8,"yearbuilt":1988,"yearalter1":0,"builtfar":17.76,"residfar":10,"commfar":15,"facilfar":15,"lotfront":92.58,"lotdepth":122.5,"borough":"MN","block":1275,"lot":1}},{"type":"Feature","geometry":{"type":"Polygon","coordinates":[[[-73.980503,40.751904],[-73.980492,40.7519],[-73.98059,40.751765],[-73.980755,40.751835],[-73.980578,40.752077],[-73.980502,40.752049],[-73.980421,40.752017],[-73.980503,40.751904]]]},"properties":{"bbl":"1012750012","address":"15 EAST 40 STREET","owner":"YA ZHOU WEN HUA ENTERPRISES LT","bldgclass":"O6","landuse":"05","zonedist1":"C5-3","zonedist2":"C5-2.5","overlay1":null,"spdist1":"MiD","lotarea":5100,"bldgarea":57653,"comarea":57653,"resarea":0,"officearea":51302,"retailarea":6351,"numfloors":12,"numbldgs":1,"unitsres":0,"unitstotal":14,"yearbuilt":1913,"yearalter1":2013,"builtfar":11.3,"residfar":10,"commfar":15,"facilfar":15,"lotfront":53.5,"lotdepth":99,"borough":"MN","block":1275,"lot":12}},{"type":"Feature","geometry":{"type":"Polygon","coordinates":[[[-73.980194,40.751773],[-73.980292,40.751638],[-73.98059,40.751765],[-73.980492,40.7519],[-73.980194,40.751773]]]},"properties":{"bbl":"1012750014","address":"284 MADISON AVENUE","owner":"APF 286 MAD LLC","bldgclass":"O4","landuse":"05","zonedist1":"C5-3","zonedist2":null,"overlay1":null,"spdist1":"MiD","lotarea":4735,"bldgarea":102079,"comarea":102079,"resarea":0,"officearea":97353,"retailarea":4726,"numfloors":23,"numbldgs":1,"unitsres":0,"unitstotal":28,"yearbuilt":1918,"yearalter1":0,"builtfar":21.56,"residfar":10,"commfar":15,"facilfar":15,"lotfront":51.75,"lotdepth":91.5,"borough":"MN","block":1275,"lot":14}},{"type":"Feature","geometry":{"type":"Polygon","coordinates":[[[-73.980107,40.751893],[-73.980194,40.751773],[-73.980492,40.7519],[-73.980503,40.751904],[-73.980421,40.752017],[-73.980415,40.752024],[-73.980107,40.751893]]]},"properties":{"bbl":"1012750016","address":"290 MADISON AVENUE","owner":"290 MAD FEE OWNER LLC","bldgclass":"O5","landuse":"05","zonedist1":"C5-3","zonedist2":null,"overlay1":null,"spdist1":"MiD","lotarea":4750,"bldgarea":36681,"comarea":36681,"resarea":0,"officearea":30111,"retailarea":6570,"numfloors":6,"numbldgs":1,"unitsres":0,"unitstotal":6,"yearbuilt":1951,"yearalter1":0,"builtfar":7.72,"residfar":10,"commfar":15,"facilfar":15,"lotfront":50,"lotdepth":95,"borough":"MN","block":1275,"lot":16}},{"type":"Feature","geometry":{"type":"Polygon","coordinates":[[[-73.980421,40.752017],[-73.980502,40.752049],[-73.98032,40.752299],[-73.980241,40.752266],[-73.980416,40.752024],[-73.980415,40.752024],[-73.980421,40.752017]]]},"properties":{"bbl":"1012750060","address":"22 EAST 41 STREET","owner":"GME 22 E. 41ST ST.,","bldgclass":"K4","landuse":"04","zonedist1":"C5-3","zonedist2":null,"overlay1":null,"spdist1":"MiD","lotarea":2479,"bldgarea":7456,"comarea":7456,"resarea":0,"officearea":3215,"retailarea":4241,"numfloors":4,"numbldgs":1,"unitsres":0,"unitstotal":3,"yearbuilt":1920,"yearalter1":1960,"builtfar":3.01,"residfar":10,"commfar":15,"facilfar":15,"lotfront":25,"lotdepth":99.17,"borough":"MN","block":1275,"lot":60}},{"type":"Feature","geometry":{"type":"Polygon","coordinates":[[[-73.98032,40.752299],[-73.980502,40.752049],[-73.980578,40.752077],[-73.980584,40.752079],[-73.980582,40.752082],[-73.980656,40.752113],[-73.980659,40.752115],[-73.980476,40.752366],[-73.98032,40.752299]]]},"properties":{"bbl":"1012750061","address":"18 EAST 41 STREET","owner":"18 EAST 41ST STREET PARTNERS, LLC","bldgclass":"O4","landuse":"05","zonedist1":"C5-2.5","zonedist2":null,"overlay1":null,"spdist1":"MiD","lotarea":4950,"bldgarea":92949,"comarea":92949,"resarea":0,"officearea":89449,"retailarea":3500,"numfloors":22,"numbldgs":1,"unitsres":0,"unitstotal":42,"yearbuilt":1914,"yearalter1":1986,"builtfar":18.78,"residfar":10,"commfar":12,"facilfar":12,"lotfront":50,"lotdepth":99.17,"borough":"MN","block":1275,"lot":61}},{"type":"Feature","geometry":{"type":"Polygon","coordinates":[[[-73.980659,40.752115],[-73.980738,40.752148],[-73.980556,40.7524],[-73.980476,40.752366],[-73.980659,40.752115]]]},"properties":{"bbl":"1012750063","address":"16 EAST 41 STREET","owner":"LIBRARY WAY","bldgclass":"O5","landuse":"05","zonedist1":"C5-2.5","zonedist2":null,"overlay1":null,"spdist1":"MiD","lotarea":2469,"bldgarea":9200,"comarea":9200,"resarea":0,"officearea":7200,"retailarea":2000,"numfloors":6,"numbldgs":1,"unitsres":0,"unitstotal":7,"yearbuilt":1920,"yearalter1":1997,"builtfar":3.73,"residfar":10,"commfar":12,"facilfar":12,"lotfront":25,"lotdepth":98.75,"borough":"MN","block":1275,"lot":63}},{"type":"Feature","geometry":{"type":"Polygon","coordinates":[[[-73.980556,40.7524],[-73.980738,40.752148],[-73.980809,40.752178],[-73.980815,40.752171],[-73.980899,40.752204],[-73.980943,40.752221],[-73.980752,40.752483],[-73.980556,40.7524]]]},"properties":{"bbl":"1012750064","address":"10 EAST 41 STREET","owner":"BERKELEY 12 EAST 41ST STREET LLC","bldgclass":"O6","landuse":"05","zonedist1":"C5-2.5","zonedist2":null,"overlay1":null,"spdist1":"MiD","lotarea":6325,"bldgarea":83267,"comarea":83267,"resarea":0,"officearea":72149,"retailarea":11098,"numfloors":17,"numbldgs":1,"unitsres":0,"unitstotal":29,"yearbuilt":1926,"yearalter1":1983,"builtfar":13.16,"residfar":10,"commfar":12,"facilfar":12,"lotfront":62.5,"lotdepth":103.08,"borough":"MN","block":1275,"lot":64}},{"type":"Feature","geometry":{"type":"Polygon","coordinates":[[[-73.980818,40.752511],[-73.98101,40.752248],[-73.981066,40.752271],[-73.981147,40.752305],[-73.981471,40.75244],[-73.981278,40.752706],[-73.980818,40.752511]]]},"properties":{"bbl":"1012750069","address":"473 5 AVENUE","owner":"475 FIFTH AVENUE OWNER LP","bldgclass":"O4","landuse":"05","zonedist1":"C5-3","zonedist2":null,"overlay1":null,"spdist1":"MiD","lotarea":14675,"bldgarea":220413,"comarea":220413,"resarea":0,"officearea":189033,"retailarea":31380,"numfloors":23,"numbldgs":1,"unitsres":0,"unitstotal":29,"yearbuilt":1925,"yearalter1":1965,"builtfar":15.02,"residfar":10,"commfar":15,"facilfar":15,"lotfront":104.92,"lotdepth":140,"borough":"MN","block":1275,"lot":69}},{"type":"Feature","geometry":{"type":"Polygon","coordinates":[[[-73.980281,40.753098],[-73.980466,40.752843],[-73.980638,40.752607],[-73.981182,40.752838],[-73.981055,40.753013],[-73.980882,40.75294],[-73.980907,40.752904],[-73.980748,40.752837],[-73.980678,40.752933],[-73.98061,40.752905],[-73.980425,40.753159],[-73.980281,40.753098]]]},"properties":{"bbl":"1012760001","address":"479 5 AVENUE","owner":"TAK HOSPITALITY, LLC","bldgclass":"H1","landuse":"05","zonedist1":"C5-3","zonedist2":"C5-2.5","overlay1":null,"spdist1":"MiD","lotarea":17550,"bldgarea":190357,"comarea":15487,"resarea":0,"officearea":0,"retailarea":15487,"numfloors":14,"numbldgs":1,"unitsres":0,"unitstotal":186,"yearbuilt":1914,"yearalter1":2006,"builtfar":10.85,"residfar":10,"commfar":15,"facilfar":15,"lotfront":73.25,"lotdepth":166,"borough":"MN","block":1276,"lot":1}},{"type":"Feature","geometry":{"type":"Polygon","coordinates":[[[-73.980425,40.753159],[-73.98061,40.752905],[-73.980678,40.752933],[-73.980748,40.752837],[-73.980907,40.752904],[-73.980882,40.75294],[-73.981055,40.753013],[-73.980966,40.753135],[-73.980641,40.752998],[-73.980501,40.753191],[-73.980425,40.753159]]]},"properties":{"bbl":"1012760004","address":"487 5 AVENUE","owner":"5TH AVENUE LLC C/O EL","bldgclass":"O4","landuse":"05","zonedist1":"C5-3","zonedist2":null,"overlay1":null,"spdist1":"MiD","lotarea":7947,"bldgarea":163763,"comarea":163763,"resarea":0,"officearea":153390,"retailarea":10353,"numfloors":33,"numbldgs":1,"unitsres":0,"unitstotal":37,"yearbuilt":1971,"yearalter1":0,"builtfar":20.61,"residfar":10,"commfar":15,"facilfar":15,"lotfront":51,"lotdepth":100,"borough":"MN","block":1276,"lot":4}},{"type":"Feature","geometry":{"type":"Polygon","coordinates":[[[-73.979835,40.752267],[-73.980638,40.752607],[-73.980466,40.752843],[-73.980402,40.752817],[-73.980327,40.752785],[-73.980143,40.753039],[-73.979932,40.75295],[-73.979861,40.75292],[-73.979479,40.752757],[-73.979835,40.752267]]]},"properties":{"bbl":"1012760058","address":"300 MADISON AVENUE","owner":"BFP 300 MADISON II LL","bldgclass":"O4","landuse":"05","zonedist1":"C5-3","zonedist2":"C5-2.5","overlay1":null,"spdist1":"MiD","lotarea":45839,"bldgarea":1142417,"comarea":1142417,"resarea":0,"officearea":1062040,"retailarea":10658,"numfloors":36,"numbldgs":1,"unitsres":0,"unitstotal":2,"yearbuilt":2002,"yearalter1":2001,"builtfar":24.92,"residfar":10,"commfar":15,"facilfar":15,"lotfront":197.5,"lotdepth":254,"borough":"MN","block":1276,"lot":58}},{"type":"Feature","geometry":{"type":"Polygon","coordinates":[[[-73.980075,40.753615],[-73.980047,40.753603],[-73.980224,40.75336],[-73.980671,40.753549],[-73.980494,40.753792],[-73.980075,40.753615]]]},"properties":{"bbl":"1012770002","address":"505 5 AVENUE","owner":"FIFTH AT 42ND LLC C/O","bldgclass":"O4","landuse":"05","zonedist1":"C5-3","zonedist2":null,"overlay1":null,"spdist1":"MiD","lotarea":13356,"bldgarea":251043,"comarea":251043,"resarea":0,"officearea":231043,"retailarea":20000,"numfloors":28,"numbldgs":1,"unitsres":0,"unitstotal":30,"yearbuilt":2004,"yearalter1":2004,"builtfar":18.8,"residfar":10,"commfar":15,"facilfar":15,"lotfront":100.5,"lotdepth":133,"borough":"MN","block":1277,"lot":2}},{"type":"Feature","geometry":{"type":"Polygon","coordinates":[[[-73.991116,40.751356],[-73.990937,40.751602],[-73.990816,40.751552],[-73.990761,40.751529],[-73.990581,40.751776],[-73.990495,40.75174],[-73.990541,40.751676],[-73.990584,40.751617],[-73.990431,40.751553],[-73.990626,40.751286],[-73.990812,40.751363],[-73.990887,40.751261],[-73.991116,40.751356]]]},"properties":{"bbl":"1007840041","address":"450 7 AVENUE","owner":"450 7TH AVE ASSCTS","bldgclass":"O4","landuse":"05","zonedist1":"C6-4","zonedist2":"M1-9A/R12","overlay1":null,"spdist1":"MiD","lotarea":15001,"bldgarea":491253,"comarea":491253,"resarea":0,"officearea":473503,"retailarea":17750,"numfloors":46,"numbldgs":1,"unitsres":0,"unitstotal":252,"yearbuilt":1930,"yearalter1":1987,"builtfar":32.75,"residfar":10,"commfar":10,"facilfar":10,"lotfront":108.42,"lotdepth":60,"borough":"MN","block":784,"lot":41}},{"type":"Feature","geometry":{"type":"Polygon","coordinates":[[[-73.990584,40.751617],[-73.990541,40.751676],[-73.990388,40.751612],[-73.990431,40.751553],[-73.990584,40.751617]]]},"properties":{"bbl":"1007840047","address":"458 7 AVENUE","owner":"KAILASH PARTNERS, LLC","bldgclass":"K2","landuse":"05","zonedist1":"M1-9A/R12","zonedist2":null,"overlay1":null,"spdist1":"MSX","lotarea":1205,"bldgarea":4272,"comarea":4272,"resarea":0,"officearea":2029,"retailarea":2243,"numfloors":4,"numbldgs":1,"unitsres":0,"unitstotal":2,"yearbuilt":1920,"yearalter1":0,"builtfar":3.55,"residfar":15,"commfar":15,"facilfar":15,"lotfront":24.75,"lotdepth":50,"borough":"MN","block":784,"lot":47}},{"type":"Feature","geometry":{"type":"Polygon","coordinates":[[[-73.990341,40.751676],[-73.990388,40.751612],[-73.990541,40.751676],[-73.990495,40.75174],[-73.990341,40.751676]]]},"properties":{"bbl":"1007840048","address":"460 7 AVENUE","owner":"460 SEVENTH AVENUE ASSOCIATES LLC","bldgclass":"K2","landuse":"05","zonedist1":"M1-9A/R12","zonedist2":null,"overlay1":null,"spdist1":"MSX","lotarea":1237,"bldgarea":3714,"comarea":3714,"resarea":0,"officearea":0,"retailarea":3714,"numfloors":3,"numbldgs":1,"unitsres":0,"unitstotal":5,"yearbuilt":1920,"yearalter1":0,"builtfar":3,"residfar":15,"commfar":15,"facilfar":15,"lotfront":24.75,"lotdepth":50,"borough":"MN","block":784,"lot":48}},{"type":"Feature","geometry":{"type":"Polygon","coordinates":[[[-73.99042,40.752138],[-73.990565,40.751939],[-73.990975,40.75211],[-73.990799,40.75235],[-73.99039,40.75218],[-73.99042,40.752138]]]},"properties":{"bbl":"1007850029","address":"213 WEST 35 STREET","owner":"213 WEST 35TH ST. ASSOCIATES, L.P.","bldgclass":"O6","landuse":"05","zonedist1":"M1-9A/R12","zonedist2":null,"overlay1":null,"spdist1":"MSX","lotarea":12977,"bldgarea":163681,"comarea":163681,"resarea":0,"officearea":153681,"retailarea":10000,"numfloors":13,"numbldgs":1,"unitsres":0,"unitstotal":28,"yearbuilt":1921,"yearalter1":0,"builtfar":12.61,"residfar":15,"commfar":15,"facilfar":15,"lotfront":131.42,"lotdepth":98.75,"borough":"MN","block":785,"lot":29}},{"type":"Feature","geometry":{"type":"Polygon","coordinates":[[[-73.9901,40.752005],[-73.990246,40.751806],[-73.990565,40.751939],[-73.99042,40.752138],[-73.9901,40.752005]]]},"properties":{"bbl":"1007850037","address":"462 7 AVENUE","owner":"S I K ASSOCIATES","bldgclass":"O4","landuse":"05","zonedist1":"M1-9A/R12","zonedist2":null,"overlay1":null,"spdist1":"MSX","lotarea":8275,"bldgarea":189734,"comarea":189734,"resarea":0,"officearea":182234,"retailarea":7500,"numfloors":23,"numbldgs":1,"unitsres":0,"unitstotal":24,"yearbuilt":1925,"yearalter1":0,"builtfar":22.93,"residfar":15,"commfar":15,"facilfar":15,"lotfront":82.75,"lotdepth":100,"borough":"MN","block":785,"lot":37}},{"type":"Feature","geometry":{"type":"Polygon","coordinates":[[[-73.99009,40.752373],[-73.990127,40.752323],[-73.99016,40.752278],[-73.990229,40.752183],[-73.990031,40.752101],[-73.9901,40.752005],[-73.99042,40.752138],[-73.99039,40.75218],[-73.990375,40.752174],[-73.990198,40.752418],[-73.99009,40.752373]]]},"properties":{"bbl":"1007850041","address":"470 7 AVENUE","owner":"LIDO LEASING CORP","bldgclass":"O6","landuse":"05","zonedist1":"M1-9A/R12","zonedist2":null,"overlay1":null,"spdist1":"MSX","lotarea":6463,"bldgarea":84575,"comarea":84575,"resarea":0,"officearea":77809,"retailarea":6766,"numfloors":12,"numbldgs":1,"unitsres":0,"unitstotal":10,"yearbuilt":1924,"yearalter1":0,"builtfar":13.09,"residfar":15,"commfar":15,"facilfar":15,"lotfront":40.67,"lotdepth":100,"borough":"MN","block":785,"lot":41}},{"type":"Feature","geometry":{"type":"Polygon","coordinates":[[[-73.989961,40.752195],[-73.990031,40.752101],[-73.990229,40.752183],[-73.99016,40.752278],[-73.989961,40.752195]]]},"properties":{"bbl":"1007850043","address":"474 7 AVENUE","owner":"474 ASSOCIATES, INC.","bldgclass":"K4","landuse":"04","zonedist1":"M1-9A/R12","zonedist2":null,"overlay1":null,"spdist1":"MSX","lotarea":2257,"bldgarea":12405,"comarea":12405,"resarea":0,"officearea":2030,"retailarea":8345,"numfloors":6,"numbldgs":1,"unitsres":0,"unitstotal":5,"yearbuilt":1925,"yearalter1":0,"builtfar":5.5,"residfar":15,"commfar":15,"facilfar":15,"lotfront":37,"lotdepth":61,"borough":"MN","block":785,"lot":43}},{"type":"Feature","geometry":{"type":"Polygon","coordinates":[[[-73.989929,40.75224],[-73.989961,40.752195],[-73.99016,40.752278],[-73.990127,40.752323],[-73.989929,40.75224]]]},"properties":{"bbl":"1007850045","address":"478 7 AVENUE","owner":"VEXLER LLC","bldgclass":"K9","landuse":"05","zonedist1":"M1-9A/R12","zonedist2":null,"overlay1":null,"spdist1":"MSX","lotarea":1093,"bldgarea":3105,"comarea":3105,"resarea":0,"officearea":1006,"retailarea":1093,"numfloors":3,"numbldgs":1,"unitsres":0,"unitstotal":3,"yearbuilt":1928,"yearalter1":0,"builtfar":2.84,"residfar":15,"commfar":15,"facilfar":15,"lotfront":17.92,"lotdepth":61,"borough":"MN","block":785,"lot":45}},{"type":"Feature","geometry":{"type":"Polygon","coordinates":[[[-73.989892,40.75229],[-73.989929,40.75224],[-73.990127,40.752323],[-73.99009,40.752373],[-73.989892,40.75229]]]},"properties":{"bbl":"1007850046","address":"480 7 AVENUE","owner":"480 ASSOCIATES INC","bldgclass":"K2","landuse":"05","zonedist1":"M1-9A/R12","zonedist2":null,"overlay1":null,"spdist1":"MSX","lotarea":1164,"bldgarea":4026,"comarea":4026,"resarea":0,"officearea":955,"retailarea":2116,"numfloors":4,"numbldgs":1,"unitsres":0,"unitstotal":3,"yearbuilt":1920,"yearalter1":0,"builtfar":3.46,"residfar":15,"commfar":15,"facilfar":15,"lotfront":19.08,"lotdepth":61,"borough":"MN","block":785,"lot":46}},{"type":"Feature","geometry":{"type":"Polygon","coordinates":[[[-73.99039,40.75218],[-73.990799,40.75235],[-73.991077,40.752466],[-73.991198,40.752517],[-73.991458,40.752625],[-73.99128,40.752869],[-73.990198,40.752418],[-73.990375,40.752174],[-73.99039,40.75218]]]},"properties":{"bbl":"1007850049","address":"206 WEST 36 STREET","owner":"VERIZON NEW YORK INC","bldgclass":"U4","landuse":"07","zonedist1":"M1-9A/R12","zonedist2":null,"overlay1":null,"spdist1":"MSX","lotarea":34745,"bldgarea":0,"comarea":null,"resarea":null,"officearea":null,"retailarea":null,"numfloors":null,"numbldgs":2,"unitsres":0,"unitstotal":0,"yearbuilt":0,"yearalter1":0,"builtfar":0,"residfar":15,"commfar":15,"facilfar":15,"lotfront":343.33,"lotdepth":98.75,"borough":"MN","block":785,"lot":49}},{"type":"Feature","geometry":{"type":"Polygon","coordinates":[[[-73.990492,40.753029],[-73.990476,40.753022],[-73.990496,40.752995],[-73.990655,40.752777],[-73.990763,40.752822],[-73.990584,40.753067],[-73.990492,40.753029]]]},"properties":{"bbl":"1007860029","address":"225 WEST 36 STREET","owner":"S.L.H. GROUP, INC.","bldgclass":"O6","landuse":"05","zonedist1":"M1-9A/R12","zonedist2":null,"overlay1":null,"spdist1":"MSX","lotarea":3629,"bldgarea":23320,"comarea":23320,"resarea":0,"officearea":20820,"retailarea":2500,"numfloors":7,"numbldgs":1,"unitsres":0,"unitstotal":7,"yearbuilt":1904,"yearalter1":0,"builtfar":6.43,"residfar":15,"commfar":15,"facilfar":15,"lotfront":36.75,"lotdepth":98.75,"borough":"MN","block":786,"lot":29}},{"type":"Feature","geometry":{"type":"Polygon","coordinates":[[[-73.99043,40.752967],[-73.990589,40.75275],[-73.990655,40.752777],[-73.990496,40.752995],[-73.99043,40.752967]]]},"properties":{"bbl":"1007860031","address":"223 WEST 36 STREET","owner":"223-227 WEST 36TH STREET REALTY CO.,","bldgclass":"K4","landuse":"04","zonedist1":"M1-9A/R12","zonedist2":null,"overlay1":null,"spdist1":"MSX","lotarea":1622,"bldgarea":5360,"comarea":3131,"resarea":0,"officearea":0,"retailarea":3131,"numfloors":3,"numbldgs":1,"unitsres":0,"unitstotal":4,"yearbuilt":1910,"yearalter1":0,"builtfar":3.3,"residfar":15,"commfar":15,"facilfar":15,"lotfront":18.42,"lotdepth":87.83,"borough":"MN","block":786,"lot":31}},{"type":"Feature","geometry":{"type":"Polygon","coordinates":[[[-73.989616,40.752657],[-73.989789,40.752418],[-73.990048,40.752525],[-73.989874,40.752764],[-73.989616,40.752657]]]},"properties":{"bbl":"1007860042","address":"488 7 AVENUE","owner":"488 SEVENTH LLC","bldgclass":"D6","landuse":"04","zonedist1":"M1-9A/R12","zonedist2":null,"overlay1":null,"spdist1":"MSX","lotarea":7900,"bldgarea":88872,"comarea":8400,"resarea":80472,"officearea":0,"retailarea":8400,"numfloors":13,"numbldgs":1,"unitsres":104,"unitstotal":108,"yearbuilt":1902,"yearalter1":1984,"builtfar":11.25,"residfar":15,"commfar":15,"facilfar":15,"lotfront":98.75,"lotdepth":80,"borough":"MN","block":786,"lot":42}},{"type":"Feature","geometry":{"type":"Polygon","coordinates":[[[-73.989616,40.752657],[-73.989874,40.752764],[-73.990048,40.752525],[-73.990589,40.75275],[-73.99043,40.752967],[-73.990427,40.752966],[-73.990346,40.752932],[-73.990147,40.753206],[-73.989432,40.752909],[-73.989616,40.752657]]]},"properties":{"bbl":"1007860051","address":"498 7 AVENUE","owner":"498 SEVENTH LLC","bldgclass":"O4","landuse":"05","zonedist1":"M1-9A/R12","zonedist2":null,"overlay1":null,"spdist1":"MSX","lotarea":38800,"bldgarea":803800,"comarea":803800,"resarea":0,"officearea":724637,"retailarea":36227,"numfloors":24,"numbldgs":1,"unitsres":0,"unitstotal":1,"yearbuilt":1920,"yearalter1":1998,"builtfar":20.72,"residfar":15,"commfar":15,"facilfar":15,"lotfront":98.75,"lotdepth":225,"borough":"MN","block":786,"lot":51}},{"type":"Feature","geometry":{"type":"Polygon","coordinates":[[[-73.990346,40.752932],[-73.990427,40.752966],[-73.990228,40.753239],[-73.990147,40.753206],[-73.990346,40.752932]]]},"properties":{"bbl":"1007860060","address":"218 WEST 37 STREET","owner":"ARGUS REALTY 218 LLC","bldgclass":"O6","landuse":"05","zonedist1":"M1-9A/R12","zonedist2":null,"overlay1":null,"spdist1":"MSX","lotarea":2722,"bldgarea":17726,"comarea":17726,"resarea":0,"officearea":15726,"retailarea":2000,"numfloors":7,"numbldgs":1,"unitsres":0,"unitstotal":10,"yearbuilt":1922,"yearalter1":0,"builtfar":6.51,"residfar":15,"commfar":15,"facilfar":15,"lotfront":25,"lotdepth":108.5,"borough":"MN","block":786,"lot":60}},{"type":"Feature","geometry":{"type":"Polygon","coordinates":[[[-73.990228,40.753239],[-73.990427,40.752966],[-73.99043,40.752967],[-73.990496,40.752995],[-73.990476,40.753022],[-73.990492,40.753029],[-73.990314,40.753275],[-73.990228,40.753239]]]},"properties":{"bbl":"1007860061","address":"220 WEST 37 STREET","owner":"FIRE DEPARTMENT OF NEW YORK","bldgclass":"Y1","landuse":"08","zonedist1":"M1-9A/R12","zonedist2":null,"overlay1":null,"spdist1":"MSX","lotarea":2700,"bldgarea":8175,"comarea":8175,"resarea":0,"officearea":0,"retailarea":0,"numfloors":3,"numbldgs":1,"unitsres":0,"unitstotal":1,"yearbuilt":1920,"yearalter1":0,"builtfar":3.03,"residfar":15,"commfar":15,"facilfar":15,"lotfront":25,"lotdepth":109.67,"borough":"MN","block":786,"lot":61}},{"type":"Feature","geometry":{"type":"Polygon","coordinates":[[[-73.990314,40.753275],[-73.990492,40.753029],[-73.990584,40.753067],[-73.990611,40.753079],[-73.990433,40.753324],[-73.990314,40.753275]]]},"properties":{"bbl":"1007860062","address":"222 WEST 37 STREET","owner":"NEW YORK MIDTOWN CORP.","bldgclass":"E1","landuse":"06","zonedist1":"M1-9A/R12","zonedist2":null,"overlay1":null,"spdist1":"MSX","lotarea":3635,"bldgarea":49300,"comarea":5800,"resarea":0,"officearea":2800,"retailarea":3000,"numfloors":14,"numbldgs":1,"unitsres":0,"unitstotal":15,"yearbuilt":1923,"yearalter1":0,"builtfar":13.56,"residfar":15,"commfar":15,"facilfar":15,"lotfront":37.5,"lotdepth":98.75,"borough":"MN","block":786,"lot":62}},{"type":"Feature","geometry":{"type":"Polygon","coordinates":[[[-73.990611,40.753079],[-73.990791,40.753154],[-73.990613,40.753399],[-73.990433,40.753324],[-73.990611,40.753079]]]},"properties":{"bbl":"1007860064","address":"226 WEST 37 STREET","owner":"ALRAM,","bldgclass":"O6","landuse":"05","zonedist1":"M1-9A/R12","zonedist2":null,"overlay1":null,"spdist1":"MSX","lotarea":5496,"bldgarea":83500,"comarea":83500,"resarea":0,"officearea":78500,"retailarea":5000,"numfloors":16,"numbldgs":1,"unitsres":0,"unitstotal":1,"yearbuilt":1924,"yearalter1":0,"builtfar":15.19,"residfar":15,"commfar":15,"facilfar":15,"lotfront":56.25,"lotdepth":98.75,"borough":"MN","block":786,"lot":64}},{"type":"Feature","geometry":{"type":"Polygon","coordinates":[[[-73.990426,40.753822],[-73.990315,40.753776],[-73.990258,40.753752],[-73.990152,40.753708],[-73.990338,40.753453],[-73.990697,40.753602],[-73.990511,40.753857],[-73.990426,40.753822]]]},"properties":{"bbl":"1007870025","address":"225 WEST 37 STREET","owner":"JLJ BRICKEN LLC","bldgclass":"O6","landuse":"05","zonedist1":"M1-9A","zonedist2":null,"overlay1":null,"spdist1":"MSX","lotarea":11282,"bldgarea":163103,"comarea":163103,"resarea":0,"officearea":143103,"retailarea":20000,"numfloors":16,"numbldgs":1,"unitsres":0,"unitstotal":19,"yearbuilt":1923,"yearalter1":0,"builtfar":14.46,"residfar":0,"commfar":15,"facilfar":15,"lotfront":114.25,"lotdepth":98.75,"borough":"MN","block":787,"lot":25}},{"type":"Feature","geometry":{"type":"Polygon","coordinates":[[[-73.990031,40.753658],[-73.990217,40.753403],[-73.990338,40.753453],[-73.990152,40.753708],[-73.990031,40.753658]]]},"properties":{"bbl":"1007870031","address":"221 WEST 37 STREET","owner":"221 W 37TH STREET REALTY GROUP LLC","bldgclass":"O5","landuse":"05","zonedist1":"M1-9A/R12","zonedist2":null,"overlay1":null,"spdist1":"MSX","lotarea":3530,"bldgarea":21180,"comarea":21180,"resarea":0,"officearea":18680,"retailarea":2500,"numfloors":6,"numbldgs":1,"unitsres":0,"unitstotal":2,"yearbuilt":1920,"yearalter1":1987,"builtfar":6,"residfar":15,"commfar":15,"facilfar":15,"lotfront":35.75,"lotdepth":98.75,"borough":"MN","block":787,"lot":31}},{"type":"Feature","geometry":{"type":"Polygon","coordinates":[[[-73.989363,40.753691],[-73.989542,40.753445],[-73.989487,40.753422],[-73.989532,40.75336],[-73.989204,40.753223],[-73.989338,40.753038],[-73.990217,40.753403],[-73.990031,40.753658],[-73.989965,40.753631],[-73.989899,40.753603],[-73.989726,40.753841],[-73.989363,40.753691]]]},"properties":{"bbl":"1007870040","address":"500 7 AVENUE","owner":"500 SEVENTH AVENUE","bldgclass":"O6","landuse":"05","zonedist1":"M1-9A/R12","zonedist2":null,"overlay1":null,"spdist1":"MSX","lotarea":36260,"bldgarea":606078,"comarea":606078,"resarea":0,"officearea":587078,"retailarea":19000,"numfloors":17,"numbldgs":1,"unitsres":0,"unitstotal":17,"yearbuilt":1921,"yearalter1":1972,"builtfar":16.71,"residfar":15,"commfar":15,"facilfar":15,"lotfront":74.67,"lotdepth":275,"borough":"MN","block":787,"lot":40}},{"type":"Feature","geometry":{"type":"Polygon","coordinates":[[[-73.989204,40.753223],[-73.989532,40.75336],[-73.989487,40.753422],[-73.989542,40.753445],[-73.989363,40.753691],[-73.98898,40.753531],[-73.989204,40.753223]]]},"properties":{"bbl":"1007870044","address":"512 7 AVENUE","owner":"500 SEVENTH AVENUE","bldgclass":"O4","landuse":"05","zonedist1":"M1-9A/R12","zonedist2":null,"overlay1":null,"spdist1":"MSX","lotarea":13937,"bldgarea":553748,"comarea":553748,"resarea":0,"officearea":543748,"retailarea":10000,"numfloors":45,"numbldgs":1,"unitsres":0,"unitstotal":136,"yearbuilt":1930,"yearalter1":1985,"builtfar":39.73,"residfar":15,"commfar":15,"facilfar":15,"lotfront":122.83,"lotdepth":116.75,"borough":"MN","block":787,"lot":44}},{"type":"Feature","geometry":{"type":"Polygon","coordinates":[[[-73.989726,40.753841],[-73.989899,40.753603],[-73.989965,40.753631],[-73.989792,40.753869],[-73.989726,40.753841]]]},"properties":{"bbl":"1007870058","address":"228 WEST 38 STREET","owner":"500 SEVENTH AVENUE","bldgclass":"O5","landuse":"05","zonedist1":"M1-9A/R12","zonedist2":null,"overlay1":null,"spdist1":"MSX","lotarea":2041,"bldgarea":12245,"comarea":12245,"resarea":0,"officearea":10205,"retailarea":2040,"numfloors":5,"numbldgs":1,"unitsres":0,"unitstotal":5,"yearbuilt":1924,"yearalter1":1987,"builtfar":6,"residfar":15,"commfar":15,"facilfar":15,"lotfront":20.67,"lotdepth":98.75,"borough":"MN","block":787,"lot":58}},{"type":"Feature","geometry":{"type":"Polygon","coordinates":[[[-73.990258,40.753752],[-73.990085,40.75399],[-73.989792,40.753869],[-73.989965,40.753631],[-73.990031,40.753658],[-73.990152,40.753708],[-73.990258,40.753752]]]},"properties":{"bbl":"1007870059","address":"230 WEST 38 STREET","owner":"JLJ BRICKEN LLC","bldgclass":"O6","landuse":"05","zonedist1":"M1-9A/R12","zonedist2":null,"overlay1":null,"spdist1":"MSX","lotarea":9126,"bldgarea":137887,"comarea":137887,"resarea":0,"officearea":122887,"retailarea":15000,"numfloors":17,"numbldgs":1,"unitsres":0,"unitstotal":30,"yearbuilt":1923,"yearalter1":1987,"builtfar":15.11,"residfar":15,"commfar":15,"facilfar":15,"lotfront":92.42,"lotdepth":98.75,"borough":"MN","block":787,"lot":59}},{"type":"Feature","geometry":{"type":"Polygon","coordinates":[[[-73.990142,40.754014],[-73.990085,40.75399],[-73.990258,40.753752],[-73.990315,40.753776],[-73.990142,40.754014]]]},"properties":{"bbl":"1007870064","address":"240 WEST 38 STREET","owner":"KA WON REALTY CORP","bldgclass":"O5","landuse":"05","zonedist1":"M1-9A","zonedist2":null,"overlay1":null,"spdist1":"MSX","lotarea":1761,"bldgarea":6468,"comarea":6468,"resarea":0,"officearea":4686,"retailarea":1782,"numfloors":4,"numbldgs":1,"unitsres":0,"unitstotal":2,"yearbuilt":1935,"yearalter1":1986,"builtfar":3.67,"residfar":0,"commfar":15,"facilfar":15,"lotfront":17.83,"lotdepth":98.75,"borough":"MN","block":787,"lot":64}},{"type":"Feature","geometry":{"type":"Polygon","coordinates":[[[-73.990142,40.754014],[-73.990315,40.753776],[-73.990426,40.753822],[-73.990253,40.75406],[-73.990142,40.754014]]]},"properties":{"bbl":"1007870065","address":"242 WEST 38 STREET","owner":"242 WEST 38TH PARTNERS LLC","bldgclass":"O6","landuse":"05","zonedist1":"M1-9A","zonedist2":null,"overlay1":null,"spdist1":"MSX","lotarea":3442,"bldgarea":47661,"comarea":47661,"resarea":0,"officearea":44661,"retailarea":3000,"numfloors":14,"numbldgs":1,"unitsres":0,"unitstotal":15,"yearbuilt":1923,"yearalter1":1963,"builtfar":13.85,"residfar":0,"commfar":15,"facilfar":15,"lotfront":35.75,"lotdepth":98.75,"borough":"MN","block":787,"lot":65}},{"type":"Feature","geometry":{"type":"Polygon","coordinates":[[[-73.990253,40.75406],[-73.990426,40.753822],[-73.990511,40.753857],[-73.990662,40.75392],[-73.990488,40.754157],[-73.990253,40.75406]]]},"properties":{"bbl":"1007870067","address":"246 WEST 38 STREET","owner":"246 W 38TH TENANTS CORP","bldgclass":"O6","landuse":"05","zonedist1":"M1-9A","zonedist2":null,"overlay1":null,"spdist1":"MSX","lotarea":7406,"bldgarea":96275,"comarea":96275,"resarea":0,"officearea":89775,"retailarea":6500,"numfloors":14,"numbldgs":1,"unitsres":0,"unitstotal":15,"yearbuilt":1922,"yearalter1":0,"builtfar":13,"residfar":0,"commfar":15,"facilfar":15,"lotfront":75,"lotdepth":98.75,"borough":"MN","block":787,"lot":67}},{"type":"Feature","geometry":{"type":"Polygon","coordinates":[[[-73.990488,40.754157],[-73.990662,40.75392],[-73.990824,40.753987],[-73.990651,40.754225],[-73.990488,40.754157]]]},"properties":{"bbl":"1007870070","address":"252 WEST 38 STREET","owner":"FLORENCIA PROPERTIES LLC","bldgclass":"O6","landuse":"05","zonedist1":"M1-9A","zonedist2":null,"overlay1":null,"spdist1":"MSX","lotarea":4905,"bldgarea":66073,"comarea":66073,"resarea":0,"officearea":62443,"retailarea":3630,"numfloors":14,"numbldgs":1,"unitsres":0,"unitstotal":73,"yearbuilt":1924,"yearalter1":1962,"builtfar":13.47,"residfar":0,"commfar":15,"facilfar":15,"lotfront":50,"lotdepth":98.75,"borough":"MN","block":787,"lot":70}},{"type":"Feature","geometry":{"type":"Polygon","coordinates":[[[-73.990607,40.754694],[-73.990437,40.754623],[-73.990614,40.75438],[-73.990784,40.754452],[-73.990607,40.754694]]]},"properties":{"bbl":"1007880016","address":"257 WEST 38 STREET","owner":"UZI REALTY CORP","bldgclass":"F9","landuse":"06","zonedist1":"M1-9A","zonedist2":null,"overlay1":null,"spdist1":"MSX","lotarea":5305,"bldgarea":78325,"comarea":78325,"resarea":0,"officearea":0,"retailarea":4500,"numfloors":16,"numbldgs":1,"unitsres":0,"unitstotal":22,"yearbuilt":1927,"yearalter1":0,"builtfar":14.76,"residfar":0,"commfar":15,"facilfar":15,"lotfront":54.67,"lotdepth":98.75,"borough":"MN","block":788,"lot":16}},{"type":"Feature","geometry":{"type":"Polygon","coordinates":[[[-73.990437,40.754623],[-73.990218,40.754531],[-73.990165,40.754509],[-73.990343,40.754266],[-73.990614,40.75438],[-73.990437,40.754623]]]},"properties":{"bbl":"1007880019","address":"247 WEST 38 STREET","owner":"247 WEST 38 LLC","bldgclass":"F9","landuse":"06","zonedist1":"M1-9A","zonedist2":null,"overlay1":null,"spdist1":"MSX","lotarea":8448,"bldgarea":130010,"comarea":130010,"resarea":0,"officearea":30387,"retailarea":7972,"numfloors":17,"numbldgs":1,"unitsres":0,"unitstotal":46,"yearbuilt":1924,"yearalter1":1967,"builtfar":15.39,"residfar":0,"commfar":15,"facilfar":15,"lotfront":85.5,"lotdepth":98.75,"borough":"MN","block":788,"lot":19}},{"type":"Feature","geometry":{"type":"Polygon","coordinates":[[[-73.990165,40.754509],[-73.990098,40.75448],[-73.990058,40.754463],[-73.990236,40.754221],[-73.990343,40.754266],[-73.990165,40.754509]]]},"properties":{"bbl":"1007880024","address":"243 WEST 38 STREET","owner":"RAFAEL INC","bldgclass":"K4","landuse":"04","zonedist1":"M1-9A/R12","zonedist2":null,"overlay1":null,"spdist1":"MSX","lotarea":3374,"bldgarea":9100,"comarea":9100,"resarea":0,"officearea":3828,"retailarea":5272,"numfloors":4,"numbldgs":1,"unitsres":0,"unitstotal":8,"yearbuilt":1920,"yearalter1":0,"builtfar":2.7,"residfar":15,"commfar":15,"facilfar":15,"lotfront":34.17,"lotdepth":98.75,"borough":"MN","block":788,"lot":24}},{"type":"Feature","geometry":{"type":"Polygon","coordinates":[[[-73.989702,40.754314],[-73.989441,40.754204],[-73.989618,40.753961],[-73.990236,40.754221],[-73.990058,40.754463],[-73.989833,40.754369],[-73.989702,40.754314]]]},"properties":{"bbl":"1007880026","address":"223 WEST 38 STREET","owner":"JFB FAMILY HOLDINGS, LLC","bldgclass":"Z3","landuse":"08","zonedist1":"M1-9A/R12","zonedist2":null,"overlay1":null,"spdist1":"MSX","lotarea":19297,"bldgarea":48023,"comarea":48023,"resarea":0,"officearea":0,"retailarea":0,"numfloors":2,"numbldgs":1,"unitsres":0,"unitstotal":1,"yearbuilt":1924,"yearalter1":0,"builtfar":2.49,"residfar":15,"commfar":15,"facilfar":15,"lotfront":195.42,"lotdepth":98.75,"borough":"MN","block":788,"lot":26}},{"type":"Feature","geometry":{"type":"Polygon","coordinates":[[[-73.989441,40.754204],[-73.989375,40.754176],[-73.989553,40.753933],[-73.989618,40.753961],[-73.989441,40.754204]]]},"properties":{"bbl":"1007880036","address":"221 WEST 38 STREET","owner":"221 WEST 38TH STREET, LLC.","bldgclass":"O5","landuse":"05","zonedist1":"M1-9A/R12","zonedist2":null,"overlay1":null,"spdist1":"MSX","lotarea":2033,"bldgarea":5453,"comarea":5453,"resarea":0,"officearea":3253,"retailarea":2200,"numfloors":5,"numbldgs":1,"unitsres":0,"unitstotal":3,"yearbuilt":1920,"yearalter1":1989,"builtfar":2.68,"residfar":15,"commfar":15,"facilfar":15,"lotfront":20.58,"lotdepth":98.75,"borough":"MN","block":788,"lot":36}},{"type":"Feature","geometry":{"type":"Polygon","coordinates":[[[-73.989553,40.753933],[-73.989375,40.754176],[-73.989201,40.754103],[-73.988996,40.754016],[-73.989012,40.753995],[-73.989174,40.753774],[-73.989553,40.753933]]]},"properties":{"bbl":"1007880037","address":"209 WEST 38 STREET","owner":"209-219 W. 38 LLC","bldgclass":"O6","landuse":"05","zonedist1":"M1-9A/R12","zonedist2":null,"overlay1":null,"spdist1":"MSX","lotarea":11850,"bldgarea":144635,"comarea":144635,"resarea":0,"officearea":135635,"retailarea":9000,"numfloors":12,"numbldgs":1,"unitsres":0,"unitstotal":57,"yearbuilt":1910,"yearalter1":1974,"builtfar":12.21,"residfar":15,"commfar":15,"facilfar":15,"lotfront":120,"lotdepth":98.75,"borough":"MN","block":788,"lot":37}},{"type":"Feature","geometry":{"type":"Polygon","coordinates":[[[-73.989174,40.753774],[-73.989012,40.753995],[-73.988947,40.753968],[-73.989109,40.753746],[-73.989174,40.753774]]]},"properties":{"bbl":"1007880043","address":"207 WEST 38 STREET","owner":"E&J GREEN 38 LLC","bldgclass":"K2","landuse":"05","zonedist1":"M1-9A/R12","zonedist2":null,"overlay1":null,"spdist1":"MSX","lotarea":1800,"bldgarea":3496,"comarea":3496,"resarea":0,"officearea":0,"retailarea":3496,"numfloors":2,"numbldgs":1,"unitsres":0,"unitstotal":1,"yearbuilt":1920,"yearalter1":0,"builtfar":1.94,"residfar":15,"commfar":15,"facilfar":15,"lotfront":20,"lotdepth":90,"borough":"MN","block":788,"lot":43}},{"type":"Feature","geometry":{"type":"Polygon","coordinates":[[[-73.989037,40.753716],[-73.989109,40.753746],[-73.988947,40.753968],[-73.988875,40.753938],[-73.989037,40.753716]]]},"properties":{"bbl":"1007880044","address":"205 WEST 38 STREET","owner":"205 PROPERTY CO., LLC","bldgclass":"F9","landuse":"06","zonedist1":"M1-9A/R12","zonedist2":null,"overlay1":null,"spdist1":"MSX","lotarea":2010,"bldgarea":10510,"comarea":10510,"resarea":0,"officearea":0,"retailarea":5080,"numfloors":5,"numbldgs":1,"unitsres":0,"unitstotal":5,"yearbuilt":1925,"yearalter1":1962,"builtfar":5.23,"residfar":15,"commfar":15,"facilfar":15,"lotfront":22.33,"lotdepth":90,"borough":"MN","block":788,"lot":44}},{"type":"Feature","geometry":{"type":"Polygon","coordinates":[[[-73.988875,40.753938],[-73.988806,40.753909],[-73.988968,40.753687],[-73.989037,40.753716],[-73.988875,40.753938]]]},"properties":{"bbl":"1007880045","address":"203 WEST 38 STREET","owner":"203 PROPERTY CO LLC","bldgclass":"F9","landuse":"06","zonedist1":"M1-9A/R12","zonedist2":null,"overlay1":null,"spdist1":"MSX","lotarea":2010,"bldgarea":11750,"comarea":11750,"resarea":0,"officearea":0,"retailarea":4020,"numfloors":5,"numbldgs":1,"unitsres":0,"unitstotal":7,"yearbuilt":1925,"yearalter1":1972,"builtfar":5.85,"residfar":15,"commfar":15,"facilfar":15,"lotfront":22.33,"lotdepth":90,"borough":"MN","block":788,"lot":45}},{"type":"Feature","geometry":{"type":"Polygon","coordinates":[[[-73.988806,40.753909],[-73.988734,40.753878],[-73.988896,40.753656],[-73.988968,40.753687],[-73.988806,40.753909]]]},"properties":{"bbl":"1007880046","address":"526 7 AVENUE","owner":"SMC 526 SEVENTH, LLC","bldgclass":"O6","landuse":"05","zonedist1":"M1-9A/R12","zonedist2":null,"overlay1":null,"spdist1":"MSX","lotarea":2010,"bldgarea":21100,"comarea":21100,"resarea":0,"officearea":18200,"retailarea":1900,"numfloors":10,"numbldgs":1,"unitsres":0,"unitstotal":14,"yearbuilt":1924,"yearalter1":1984,"builtfar":10.5,"residfar":15,"commfar":15,"facilfar":15,"lotfront":22.33,"lotdepth":90,"borough":"MN","block":788,"lot":46}},{"type":"Feature","geometry":{"type":"Polygon","coordinates":[[[-73.988541,40.754142],[-73.988734,40.753878],[-73.988806,40.753909],[-73.988875,40.753938],[-73.988947,40.753968],[-73.989012,40.753995],[-73.988996,40.754016],[-73.989201,40.754103],[-73.989024,40.754345],[-73.988541,40.754142]]]},"properties":{"bbl":"1007880049","address":"530 7 AVENUE","owner":"RS REALTY SPE 530 LLC","bldgclass":"O4","landuse":"05","zonedist1":"M1-9A/R12","zonedist2":null,"overlay1":null,"spdist1":"MSX","lotarea":15209,"bldgarea":408130,"comarea":408130,"resarea":0,"officearea":393630,"retailarea":14500,"numfloors":30,"numbldgs":1,"unitsres":0,"unitstotal":140,"yearbuilt":1929,"yearalter1":0,"builtfar":26.83,"residfar":15,"commfar":15,"facilfar":15,"lotfront":107.5,"lotdepth":146,"borough":"MN","block":788,"lot":49}},{"type":"Feature","geometry":{"type":"Polygon","coordinates":[[[-73.989525,40.754556],[-73.989702,40.754314],[-73.989833,40.754369],[-73.989656,40.754611],[-73.989525,40.754556]]]},"properties":{"bbl":"1007880064","address":"230 WEST 39 STREET","owner":"RH39 REALTY, L.P.","bldgclass":"O6","landuse":"05","zonedist1":"M1-9A/R12","zonedist2":null,"overlay1":null,"spdist1":"MSX","lotarea":4016,"bldgarea":59488,"comarea":59488,"resarea":0,"officearea":53488,"retailarea":6000,"numfloors":16,"numbldgs":1,"unitsres":0,"unitstotal":28,"yearbuilt":1926,"yearalter1":0,"builtfar":14.81,"residfar":15,"commfar":15,"facilfar":15,"lotfront":40.67,"lotdepth":98.75,"borough":"MN","block":788,"lot":64}},{"type":"Feature","geometry":{"type":"Polygon","coordinates":[[[-73.989656,40.754611],[-73.989833,40.754369],[-73.990058,40.754463],[-73.990098,40.75448],[-73.989921,40.754722],[-73.989656,40.754611]]]},"properties":{"bbl":"1007880066","address":"234 WEST 39 STREET","owner":"234 WEST 39TH STREET, INC.","bldgclass":"O6","landuse":"05","zonedist1":"M1-9A/R12","zonedist2":null,"overlay1":null,"spdist1":"MSX","lotarea":8475,"bldgarea":81763,"comarea":81763,"resarea":0,"officearea":76763,"retailarea":5000,"numfloors":10,"numbldgs":1,"unitsres":0,"unitstotal":17,"yearbuilt":1921,"yearalter1":0,"builtfar":9.65,"residfar":15,"commfar":15,"facilfar":15,"lotfront":85.83,"lotdepth":98.75,"borough":"MN","block":788,"lot":66}},{"type":"Feature","geometry":{"type":"Polygon","coordinates":[[[-73.989921,40.754722],[-73.990098,40.75448],[-73.990165,40.754509],[-73.990218,40.754531],[-73.990041,40.754773],[-73.989921,40.754722]]]},"properties":{"bbl":"1007880071","address":"244 WEST 39 STREET","owner":"244 W. 39 ST REALTY,INC.","bldgclass":"F5","landuse":"06","zonedist1":"M1-9A","zonedist2":null,"overlay1":null,"spdist1":"MSX","lotarea":3635,"bldgarea":47110,"comarea":47110,"resarea":0,"officearea":0,"retailarea":2900,"numfloors":14,"numbldgs":1,"unitsres":0,"unitstotal":14,"yearbuilt":1927,"yearalter1":1989,"builtfar":12.96,"residfar":0,"commfar":15,"facilfar":15,"lotfront":37.58,"lotdepth":98.75,"borough":"MN","block":788,"lot":71}},{"type":"Feature","geometry":{"type":"Polygon","coordinates":[[[-73.990041,40.754773],[-73.990218,40.754531],[-73.990437,40.754623],[-73.990607,40.754694],[-73.99043,40.754937],[-73.990041,40.754773]]]},"properties":{"bbl":"1007880073","address":"250 WEST 39 STREET","owner":"250 WEST 39TH STREET, INC.","bldgclass":"O6","landuse":"05","zonedist1":"M1-9A","zonedist2":null,"overlay1":null,"spdist1":"MSX","lotarea":12146,"bldgarea":181921,"comarea":181921,"resarea":0,"officearea":176921,"retailarea":5000,"numfloors":17,"numbldgs":1,"unitsres":0,"unitstotal":45,"yearbuilt":1926,"yearalter1":0,"builtfar":14.98,"residfar":0,"commfar":15,"facilfar":15,"lotfront":123,"lotdepth":98.75,"borough":"MN","block":788,"lot":73}},{"type":"Feature","geometry":{"type":"Polygon","coordinates":[[[-73.990755,40.755074],[-73.99043,40.754937],[-73.990607,40.754694],[-73.990932,40.754831],[-73.990755,40.755074]]]},"properties":{"bbl":"1007880078","address":"260 WEST 39 STREET","owner":"WEST 39-260 REALTY","bldgclass":"O6","landuse":"05","zonedist1":"M1-9A","zonedist2":null,"overlay1":null,"spdist1":"MSX","lotarea":10121,"bldgarea":154516,"comarea":154516,"resarea":0,"officearea":145516,"retailarea":9000,"numfloors":18,"numbldgs":1,"unitsres":0,"unitstotal":123,"yearbuilt":1926,"yearalter1":0,"builtfar":15.27,"residfar":0,"commfar":15,"facilfar":15,"lotfront":102.5,"lotdepth":98.75,"borough":"MN","block":788,"lot":78}},{"type":"Feature","geometry":{"type":"Polygon","coordinates":[[[-73.990806,40.755584],[-73.990571,40.755485],[-73.990569,40.755486],[-73.990489,40.755452],[-73.99053,40.755396],[-73.990847,40.755529],[-73.990806,40.755584]]]},"properties":{"bbl":"1007890005","address":"608 8 AVENUE","owner":"608 8TH AVE CORP. C/O","bldgclass":"S3","landuse":"04","zonedist1":"M1-9A/R12","zonedist2":null,"overlay1":null,"spdist1":"MSX","lotarea":2467,"bldgarea":5919,"comarea":1500,"resarea":4419,"officearea":0,"retailarea":1500,"numfloors":4,"numbldgs":1,"unitsres":3,"unitstotal":4,"yearbuilt":1920,"yearalter1":2010,"builtfar":2.4,"residfar":15,"commfar":15,"facilfar":15,"lotfront":24.67,"lotdepth":100,"borough":"MN","block":789,"lot":5}},{"type":"Feature","geometry":{"type":"Polygon","coordinates":[[[-73.99053,40.755396],[-73.990489,40.755452],[-73.990358,40.755397],[-73.990078,40.755279],[-73.990254,40.755039],[-73.990665,40.755212],[-73.990572,40.755339],[-73.99053,40.755396]]]},"properties":{"bbl":"1007890009","address":"257 WEST 39 STREET","owner":"BERDAR EQUITIES LLC","bldgclass":"O6","landuse":"05","zonedist1":"M1-9A","zonedist2":null,"overlay1":null,"spdist1":"MSX","lotarea":12491,"bldgarea":177975,"comarea":177975,"resarea":0,"officearea":165975,"retailarea":12000,"numfloors":16,"numbldgs":1,"unitsres":0,"unitstotal":1,"yearbuilt":1925,"yearalter1":0,"builtfar":14.25,"residfar":0,"commfar":15,"facilfar":15,"lotfront":126.5,"lotdepth":98.75,"borough":"MN","block":789,"lot":9}},{"type":"Feature","geometry":{"type":"Polygon","coordinates":[[[-73.990026,40.754943],[-73.990254,40.755039],[-73.990078,40.755279],[-73.98996,40.75523],[-73.98985,40.755183],[-73.990026,40.754943]]]},"properties":{"bbl":"1007890014","address":"251 WEST 39 STREET","owner":"UNG 1 REALTY, LLC","bldgclass":"O6","landuse":"05","zonedist1":"M1-9A","zonedist2":null,"overlay1":null,"spdist1":"MSX","lotarea":7258,"bldgarea":108025,"comarea":108025,"resarea":0,"officearea":101525,"retailarea":6500,"numfloors":17,"numbldgs":1,"unitsres":0,"unitstotal":23,"yearbuilt":1925,"yearalter1":0,"builtfar":14.88,"residfar":0,"commfar":15,"facilfar":15,"lotfront":73.5,"lotdepth":98.75,"borough":"MN","block":789,"lot":14}},{"type":"Feature","geometry":{"type":"Polygon","coordinates":[[[-73.98985,40.755183],[-73.989847,40.755182],[-73.989469,40.755023],[-73.989342,40.754969],[-73.989237,40.754925],[-73.989413,40.754685],[-73.990026,40.754943],[-73.98985,40.755183]]]},"properties":{"bbl":"1007890021","address":"231 WEST 39 STREET","owner":"JORDAN SCHUR PROPERTIES,","bldgclass":"O6","landuse":"05","zonedist1":"M1-9A","zonedist2":null,"overlay1":null,"spdist1":"MSX","lotarea":19058,"bldgarea":218558,"comarea":218558,"resarea":0,"officearea":198558,"retailarea":20000,"numfloors":12,"numbldgs":1,"unitsres":0,"unitstotal":84,"yearbuilt":1911,"yearalter1":1989,"builtfar":11.47,"residfar":0,"commfar":15,"facilfar":15,"lotfront":193,"lotdepth":98.75,"borough":"MN","block":789,"lot":21}},{"type":"Feature","geometry":{"type":"Polygon","coordinates":[[[-73.989181,40.754587],[-73.989413,40.754685],[-73.989237,40.754925],[-73.989005,40.754827],[-73.989181,40.754587]]]},"properties":{"bbl":"1007890027","address":"225 WEST 39 STREET","owner":"GOTHAM 225 WEST 39TH STREET, LLC","bldgclass":"O6","landuse":"05","zonedist1":"M1-9A","zonedist2":null,"overlay1":null,"spdist1":"MSX","lotarea":7357,"bldgarea":88100,"comarea":88100,"resarea":0,"officearea":82100,"retailarea":6000,"numfloors":12,"numbldgs":1,"unitsres":0,"unitstotal":15,"yearbuilt":1910,"yearalter1":1990,"builtfar":11.97,"residfar":0,"commfar":15,"facilfar":15,"lotfront":75,"lotdepth":98.75,"borough":"MN","block":789,"lot":27}},{"type":"Feature","geometry":{"type":"Polygon","coordinates":[[[-73.988947,40.754803],[-73.988768,40.755047],[-73.988497,40.754933],[-73.988671,40.754696],[-73.988587,40.754661],[-73.988768,40.754413],[-73.989181,40.754587],[-73.989005,40.754827],[-73.988947,40.754803]]]},"properties":{"bbl":"1007890030","address":"205 WEST 39 STREET","owner":"205 WEST 39TH ST COMPANY","bldgclass":"O6","landuse":"05","zonedist1":"M1-9A/R12","zonedist2":null,"overlay1":null,"spdist1":"MSX","lotarea":21478,"bldgarea":229162,"comarea":229162,"resarea":0,"officearea":222162,"retailarea":7000,"numfloors":16,"numbldgs":2,"unitsres":0,"unitstotal":22,"yearbuilt":1922,"yearalter1":1952,"builtfar":10.67,"residfar":15,"commfar":15,"facilfar":15,"lotfront":132,"lotdepth":197.5,"borough":"MN","block":789,"lot":30}},{"type":"Feature","geometry":{"type":"Polygon","coordinates":[[[-73.988587,40.754661],[-73.988261,40.754524],[-73.988443,40.754276],[-73.988768,40.754413],[-73.988587,40.754661]]]},"properties":{"bbl":"1007890036","address":"550 7 AVENUE","owner":"550 ADLER REALTY RL, LLC","bldgclass":"O4","landuse":"05","zonedist1":"M1-9A/R12","zonedist2":null,"overlay1":null,"spdist1":"MSX","lotarea":9875,"bldgarea":225981,"comarea":225981,"resarea":0,"officearea":214981,"retailarea":11000,"numfloors":23,"numbldgs":1,"unitsres":0,"unitstotal":30,"yearbuilt":1924,"yearalter1":0,"builtfar":22.88,"residfar":15,"commfar":15,"facilfar":15,"lotfront":98.75,"lotdepth":100,"borough":"MN","block":789,"lot":36}},{"type":"Feature","geometry":{"type":"Polygon","coordinates":[[[-73.988587,40.754661],[-73.988504,40.754773],[-73.988179,40.754637],[-73.988261,40.754524],[-73.988587,40.754661]]]},"properties":{"bbl":"1007890040","address":"552 7 AVENUE","owner":"DAYAN 26-552,","bldgclass":"O6","landuse":"05","zonedist1":"M1-9A/R12","zonedist2":null,"overlay1":null,"spdist1":"MSX","lotarea":4937,"bldgarea":30528,"comarea":30528,"resarea":0,"officearea":23705,"retailarea":6823,"numfloors":7,"numbldgs":1,"unitsres":0,"unitstotal":18,"yearbuilt":1920,"yearalter1":1983,"builtfar":6.18,"residfar":15,"commfar":15,"facilfar":15,"lotfront":49.33,"lotdepth":100,"borough":"MN","block":789,"lot":40}},{"type":"Feature","geometry":{"type":"Polygon","coordinates":[[[-73.988504,40.754773],[-73.988461,40.754833],[-73.988135,40.754696],[-73.988179,40.754637],[-73.988504,40.754773]]]},"properties":{"bbl":"1007890042","address":"556 7 AVENUE","owner":"GOLDEN ARCH REALTY CORP","bldgclass":"K2","landuse":"05","zonedist1":"M1-9A/R12","zonedist2":null,"overlay1":null,"spdist1":"MSX","lotarea":2480,"bldgarea":6568,"comarea":6568,"resarea":0,"officearea":0,"retailarea":6568,"numfloors":3,"numbldgs":1,"unitsres":0,"unitstotal":2,"yearbuilt":1930,"yearalter1":1976,"builtfar":2.65,"residfar":15,"commfar":15,"facilfar":15,"lotfront":24.67,"lotdepth":100,"borough":"MN","block":789,"lot":42}},{"type":"Feature","geometry":{"type":"Polygon","coordinates":[[[-73.988413,40.754898],[-73.988088,40.754761],[-73.988135,40.754696],[-73.988461,40.754833],[-73.988413,40.754898]]]},"properties":{"bbl":"1007890043","address":"558 7 AVENUE","owner":"200 WEST 40 LLC","bldgclass":"K2","landuse":"05","zonedist1":"M1-9A/R12","zonedist2":null,"overlay1":null,"spdist1":"MSX","lotarea":2469,"bldgarea":7259,"comarea":7259,"resarea":0,"officearea":0,"retailarea":7259,"numfloors":3,"numbldgs":1,"unitsres":0,"unitstotal":7,"yearbuilt":1925,"yearalter1":0,"builtfar":2.94,"residfar":15,"commfar":15,"facilfar":15,"lotfront":24.67,"lotdepth":100,"borough":"MN","block":789,"lot":43}},{"type":"Feature","geometry":{"type":"Polygon","coordinates":[[[-73.988413,40.754898],[-73.988461,40.754833],[-73.988504,40.754773],[-73.988587,40.754661],[-73.988671,40.754696],[-73.988497,40.754933],[-73.988413,40.754898]]]},"properties":{"bbl":"1007890044","address":"202 WEST 40 STREET","owner":"ARGUS REALTY 202 LLC","bldgclass":"O6","landuse":"05","zonedist1":"M1-9A/R12","zonedist2":null,"overlay1":null,"spdist1":"MSX","lotarea":2755,"bldgarea":38030,"comarea":38030,"resarea":0,"officearea":36530,"retailarea":1500,"numfloors":15,"numbldgs":1,"unitsres":0,"unitstotal":23,"yearbuilt":1928,"yearalter1":1982,"builtfar":13.8,"residfar":15,"commfar":15,"facilfar":15,"lotfront":28.75,"lotdepth":98.75,"borough":"MN","block":789,"lot":44}},{"type":"Feature","geometry":{"type":"Polygon","coordinates":[[[-73.989237,40.754925],[-73.989342,40.754969],[-73.989163,40.755214],[-73.988768,40.755047],[-73.988947,40.754803],[-73.989005,40.754827],[-73.989237,40.754925]]]},"properties":{"bbl":"1007890052","address":"218 WEST 40 STREET","owner":"218 W 40TH ASSOCIATES LLC","bldgclass":"O6","landuse":"05","zonedist1":"M1-9A/R12","zonedist2":null,"overlay1":null,"spdist1":"MSX","lotarea":12417,"bldgarea":146486,"comarea":146486,"resarea":0,"officearea":127486,"retailarea":19000,"numfloors":12,"numbldgs":1,"unitsres":0,"unitstotal":13,"yearbuilt":1923,"yearalter1":1985,"builtfar":11.8,"residfar":15,"commfar":15,"facilfar":15,"lotfront":125.75,"lotdepth":98.75,"borough":"MN","block":789,"lot":52}},{"type":"Feature","geometry":{"type":"Polygon","coordinates":[[[-73.989342,40.754969],[-73.989469,40.755023],[-73.98929,40.755267],[-73.989163,40.755214],[-73.989342,40.754969]]]},"properties":{"bbl":"1007890060","address":"236 WEST 40 STREET","owner":"236 W. 40TH ST. CORP.","bldgclass":"K4","landuse":"04","zonedist1":"M1-9A/R12","zonedist2":null,"overlay1":null,"spdist1":"MSX","lotarea":3924,"bldgarea":10242,"comarea":10242,"resarea":0,"officearea":3221,"retailarea":7021,"numfloors":3,"numbldgs":1,"unitsres":0,"unitstotal":6,"yearbuilt":1920,"yearalter1":1961,"builtfar":2.61,"residfar":15,"commfar":15,"facilfar":15,"lotfront":40,"lotdepth":98.75,"borough":"MN","block":789,"lot":60}},{"type":"Feature","geometry":{"type":"Polygon","coordinates":[[[-73.989669,40.755426],[-73.98929,40.755267],[-73.989469,40.755023],[-73.989847,40.755182],[-73.989669,40.755426]]]},"properties":{"bbl":"1007890062","address":"240 WEST 40 STREET","owner":"240 W 40 LLC","bldgclass":"O6","landuse":"05","zonedist1":"M1-9A","zonedist2":null,"overlay1":null,"spdist1":"MSX","lotarea":11625,"bldgarea":137199,"comarea":137199,"resarea":0,"officearea":128099,"retailarea":9100,"numfloors":12,"numbldgs":1,"unitsres":0,"unitstotal":18,"yearbuilt":1923,"yearalter1":0,"builtfar":11.8,"residfar":0,"commfar":15,"facilfar":15,"lotfront":118,"lotdepth":98.75,"borough":"MN","block":789,"lot":62}},{"type":"Feature","geometry":{"type":"Polygon","coordinates":[[[-73.989669,40.755426],[-73.989847,40.755182],[-73.98985,40.755183],[-73.98996,40.75523],[-73.989782,40.755474],[-73.989669,40.755426]]]},"properties":{"bbl":"1007890067","address":"250 WEST 40 STREET","owner":"NAFSHI REALTORS CORPORATION","bldgclass":"O6","landuse":"05","zonedist1":"M1-9A","zonedist2":null,"overlay1":null,"spdist1":"MSX","lotarea":3900,"bldgarea":52524,"comarea":52524,"resarea":0,"officearea":49524,"retailarea":3000,"numfloors":14,"numbldgs":1,"unitsres":0,"unitstotal":25,"yearbuilt":1924,"yearalter1":0,"builtfar":13.47,"residfar":0,"commfar":15,"facilfar":15,"lotfront":39.5,"lotdepth":98.75,"borough":"MN","block":789,"lot":67}},{"type":"Feature","geometry":{"type":"Polygon","coordinates":[[[-73.99018,40.755642],[-73.989782,40.755474],[-73.98996,40.75523],[-73.990078,40.755279],[-73.990358,40.755397],[-73.99018,40.755642]]]},"properties":{"bbl":"1007890069","address":"252 WEST 40 STREET","owner":"PORT 40TH PARKING CORP","bldgclass":"H2","landuse":"05","zonedist1":"M1-9A","zonedist2":null,"overlay1":null,"spdist1":"MSX","lotarea":12097,"bldgarea":120566,"comarea":null,"resarea":null,"officearea":null,"retailarea":null,"numfloors":20,"numbldgs":1,"unitsres":0,"unitstotal":290,"yearbuilt":2016,"yearalter1":0,"builtfar":9.97,"residfar":0,"commfar":15,"facilfar":15,"lotfront":122.5,"lotdepth":98.75,"borough":"MN","block":789,"lot":69}},{"type":"Feature","geometry":{"type":"Polygon","coordinates":[[[-73.990391,40.755731],[-73.990438,40.755666],[-73.990674,40.755765],[-73.990626,40.75583],[-73.990391,40.755731]]]},"properties":{"bbl":"1007890078","address":"618 8 AVENUE","owner":"618 EIGHT AVENUE, LLC","bldgclass":"HR","landuse":"05","zonedist1":"M1-9A/R12","zonedist2":null,"overlay1":null,"spdist1":"MSX","lotarea":1856,"bldgarea":8565,"comarea":1700,"resarea":0,"officearea":0,"retailarea":1700,"numfloors":5,"numbldgs":1,"unitsres":0,"unitstotal":6,"yearbuilt":1901,"yearalter1":1987,"builtfar":4.61,"residfar":15,"commfar":15,"facilfar":15,"lotfront":24.75,"lotdepth":75,"borough":"MN","block":789,"lot":78}},{"type":"Feature","geometry":{"type":"Polygon","coordinates":[[[-73.990759,40.755648],[-73.990674,40.755765],[-73.990438,40.755666],[-73.990524,40.755549],[-73.990759,40.755648]]]},"properties":{"bbl":"1007890079","address":"612 8 AVENUE","owner":"HATA REALTY CORP","bldgclass":"K4","landuse":"04","zonedist1":"M1-9A/R12","zonedist2":null,"overlay1":null,"spdist1":"MSX","lotarea":3670,"bldgarea":9917,"comarea":9917,"resarea":0,"officearea":1653,"retailarea":8264,"numfloors":3,"numbldgs":1,"unitsres":0,"unitstotal":8,"yearbuilt":1925,"yearalter1":0,"builtfar":2.7,"residfar":15,"commfar":15,"facilfar":15,"lotfront":49.33,"lotdepth":75,"borough":"MN","block":789,"lot":79}},{"type":"Feature","geometry":{"type":"Polygon","coordinates":[[[-73.990015,40.751529],[-73.989841,40.751456],[-73.989883,40.751398],[-73.990058,40.751471],[-73.990015,40.751529]]]},"properties":{"bbl":"1008100078","address":"461 7 AVENUE","owner":"DELSHAH 461 SEVENTH AVENUE, LLC","bldgclass":"K2","landuse":"05","zonedist1":"C6-4","zonedist2":null,"overlay1":null,"spdist1":null,"lotarea":1380,"bldgarea":2760,"comarea":2760,"resarea":0,"officearea":0,"retailarea":2760,"numfloors":2,"numbldgs":1,"unitsres":0,"unitstotal":2,"yearbuilt":1920,"yearalter1":0,"builtfar":2,"residfar":10,"commfar":10,"facilfar":10,"lotfront":23,"lotdepth":60,"borough":"MN","block":810,"lot":78}},{"type":"Feature","geometry":{"type":"Polygon","coordinates":[[[-73.989315,40.751728],[-73.989123,40.751647],[-73.9893,40.751404],[-73.989942,40.751672],[-73.989763,40.751917],[-73.989315,40.751728]]]},"properties":{"bbl":"1008110001","address":"463 7 AVENUE","owner":"ARSENAL COMPANY,","bldgclass":"O4","landuse":"05","zonedist1":"M1-9A/R12","zonedist2":null,"overlay1":null,"spdist1":"MSX","lotarea":19750,"bldgarea":408511,"comarea":408511,"resarea":0,"officearea":390511,"retailarea":18000,"numfloors":22,"numbldgs":1,"unitsres":0,"unitstotal":88,"yearbuilt":1925,"yearalter1":0,"builtfar":20.68,"residfar":15,"commfar":15,"facilfar":15,"lotfront":98.75,"lotdepth":200,"borough":"MN","block":811,"lot":1}},{"type":"Feature","geometry":{"type":"Polygon","coordinates":[[[-73.989123,40.751647],[-73.989097,40.751636],[-73.989274,40.751393],[-73.9893,40.751404],[-73.989123,40.751647]]]},"properties":{"bbl":"1008110009","address":"155 WEST 35 STREET","owner":"ARSENAL ANNEX CP","bldgclass":"K1","landuse":"05","zonedist1":"M1-9A/R12","zonedist2":null,"overlay1":null,"spdist1":"MSX","lotarea":823,"bldgarea":813,"comarea":813,"resarea":0,"officearea":0,"retailarea":813,"numfloors":1,"numbldgs":1,"unitsres":0,"unitstotal":1,"yearbuilt":1920,"yearalter1":1988,"builtfar":0.99,"residfar":15,"commfar":15,"facilfar":15,"lotfront":8.33,"lotdepth":98.75,"borough":"MN","block":811,"lot":9}},{"type":"Feature","geometry":{"type":"Polygon","coordinates":[[[-73.989043,40.751617],[-73.988881,40.751549],[-73.988883,40.751546],[-73.98906,40.751303],[-73.989274,40.751393],[-73.989097,40.751636],[-73.989045,40.751614],[-73.989043,40.751617]]]},"properties":{"bbl":"1008110010","address":"147 WEST 35 STREET","owner":"MASAR PROPERTIES LLC","bldgclass":"O6","landuse":"05","zonedist1":"M1-9A/R12","zonedist2":null,"overlay1":null,"spdist1":"MSX","lotarea":6646,"bldgarea":99183,"comarea":99183,"resarea":0,"officearea":90823,"retailarea":8360,"numfloors":18,"numbldgs":1,"unitsres":0,"unitstotal":143,"yearbuilt":1927,"yearalter1":0,"builtfar":14.92,"residfar":15,"commfar":15,"facilfar":15,"lotfront":66.67,"lotdepth":98.75,"borough":"MN","block":811,"lot":10}},{"type":"Feature","geometry":{"type":"Polygon","coordinates":[[[-73.988254,40.751281],[-73.988394,40.75134],[-73.988214,40.751587],[-73.988074,40.751528],[-73.988254,40.751281]]]},"properties":{"bbl":"1008110047","address":"124 WEST 36 STREET","owner":"124 WEST 36 STREET ASSETS LLC","bldgclass":"O6","landuse":"05","zonedist1":"M1-9A/R12","zonedist2":null,"overlay1":null,"spdist1":"MSX","lotarea":4114,"bldgarea":28000,"comarea":28000,"resarea":0,"officearea":12000,"retailarea":8000,"numfloors":7,"numbldgs":1,"unitsres":0,"unitstotal":7,"yearbuilt":1922,"yearalter1":0,"builtfar":6.81,"residfar":15,"commfar":15,"facilfar":15,"lotfront":41.67,"lotdepth":98.75,"borough":"MN","block":811,"lot":47}},{"type":"Feature","geometry":{"type":"Polygon","coordinates":[[[-73.988214,40.751587],[-73.988394,40.75134],[-73.988414,40.751349],[-73.988498,40.751384],[-73.988318,40.75163],[-73.988214,40.751587]]]},"properties":{"bbl":"1008110049","address":"128 WEST 36 STREET","owner":"EVER BRIGHT REALTY CORP","bldgclass":"K4","landuse":"04","zonedist1":"M1-9A/R12","zonedist2":null,"overlay1":null,"spdist1":"MSX","lotarea":3292,"bldgarea":12127,"comarea":12127,"resarea":0,"officearea":5793,"retailarea":6334,"numfloors":4,"numbldgs":1,"unitsres":0,"unitstotal":4,"yearbuilt":1927,"yearalter1":0,"builtfar":3.68,"residfar":15,"commfar":15,"facilfar":15,"lotfront":33.33,"lotdepth":98.75,"borough":"MN","block":811,"lot":49}},{"type":"Feature","geometry":{"type":"Polygon","coordinates":[[[-73.988652,40.751449],[-73.988828,40.751206],[-73.98906,40.751303],[-73.988883,40.751546],[-73.988811,40.751516],[-73.9888,40.751531],[-73.988725,40.751499],[-73.988556,40.75173],[-73.988318,40.75163],[-73.988498,40.751384],[-73.988652,40.751449]]]},"properties":{"bbl":"1008110051","address":"132 WEST 36 STREET","owner":"KAUFMAN ARCADE OWNER LLC","bldgclass":"O6","landuse":"05","zonedist1":"M1-9A/R12","zonedist2":null,"overlay1":null,"spdist1":"MSX","lotarea":14985,"bldgarea":187350,"comarea":187350,"resarea":0,"officearea":168050,"retailarea":19300,"numfloors":12,"numbldgs":1,"unitsres":0,"unitstotal":35,"yearbuilt":1922,"yearalter1":0,"builtfar":12.5,"residfar":15,"commfar":15,"facilfar":15,"lotfront":75,"lotdepth":197.5,"borough":"MN","block":811,"lot":51}},{"type":"Feature","geometry":{"type":"Polygon","coordinates":[[[-73.988556,40.75173],[-73.988725,40.751499],[-73.9888,40.751531],[-73.988632,40.751762],[-73.988556,40.75173]]]},"properties":{"bbl":"1008110055","address":"140 WEST 36 STREET","owner":"KND REALTY CORP","bldgclass":"O5","landuse":"05","zonedist1":"M1-9A/R12","zonedist2":null,"overlay1":null,"spdist1":"MSX","lotarea":2312,"bldgarea":9490,"comarea":9490,"resarea":0,"officearea":7990,"retailarea":1500,"numfloors":5,"numbldgs":1,"unitsres":0,"unitstotal":5,"yearbuilt":1923,"yearalter1":1985,"builtfar":4.1,"residfar":15,"commfar":15,"facilfar":15,"lotfront":25,"lotdepth":92.5,"borough":"MN","block":811,"lot":55}},{"type":"Feature","geometry":{"type":"Polygon","coordinates":[[[-73.988632,40.751762],[-73.9888,40.751531],[-73.988811,40.751516],[-73.988883,40.751546],[-73.988881,40.751549],[-73.989043,40.751617],[-73.988866,40.75186],[-73.988632,40.751762]]]},"properties":{"bbl":"1008110056","address":"142 WEST 36 STREET","owner":"142 WEST 36TH STREET PROPERTY, INC.","bldgclass":"O6","landuse":"05","zonedist1":"M1-9A/R12","zonedist2":null,"overlay1":null,"spdist1":"MSX","lotarea":7313,"bldgarea":101203,"comarea":101203,"resarea":0,"officearea":88203,"retailarea":13000,"numfloors":16,"numbldgs":1,"unitsres":0,"unitstotal":23,"yearbuilt":1922,"yearalter1":0,"builtfar":13.84,"residfar":15,"commfar":15,"facilfar":15,"lotfront":75,"lotdepth":98.75,"borough":"MN","block":811,"lot":56}},{"type":"Feature","geometry":{"type":"Polygon","coordinates":[[[-73.988866,40.75186],[-73.989043,40.751617],[-73.989045,40.751614],[-73.989097,40.751636],[-73.989123,40.751647],[-73.988944,40.751892],[-73.988866,40.75186]]]},"properties":{"bbl":"1008110060","address":"150 WEST 36 STREET","owner":"KGL REAL ESTATE LLC","bldgclass":"O5","landuse":"05","zonedist1":"M1-9A/R12","zonedist2":null,"overlay1":null,"spdist1":"MSX","lotarea":2469,"bldgarea":10395,"comarea":10395,"resarea":0,"officearea":8395,"retailarea":2000,"numfloors":5,"numbldgs":1,"unitsres":0,"unitstotal":5,"yearbuilt":1920,"yearalter1":1985,"builtfar":4.21,"residfar":15,"commfar":15,"facilfar":15,"lotfront":25,"lotdepth":98.75,"borough":"MN","block":811,"lot":60}},{"type":"Feature","geometry":{"type":"Polygon","coordinates":[[[-73.988944,40.751892],[-73.989123,40.751647],[-73.989315,40.751728],[-73.989137,40.751973],[-73.988944,40.751892]]]},"properties":{"bbl":"1008110062","address":"152 WEST 36 STREET","owner":"152 W 36 OWNER LLC","bldgclass":"O6","landuse":"05","zonedist1":"M1-9A/R12","zonedist2":null,"overlay1":null,"spdist1":"MSX","lotarea":5925,"bldgarea":51853,"comarea":51853,"resarea":0,"officearea":46153,"retailarea":5700,"numfloors":8,"numbldgs":1,"unitsres":0,"unitstotal":49,"yearbuilt":1900,"yearalter1":2025,"builtfar":8.75,"residfar":15,"commfar":15,"facilfar":15,"lotfront":60,"lotdepth":98.75,"borough":"MN","block":811,"lot":62}},{"type":"Feature","geometry":{"type":"Polygon","coordinates":[[[-73.988884,40.752668],[-73.989071,40.752419],[-73.98933,40.752528],[-73.98923,40.752661],[-73.989143,40.752777],[-73.988884,40.752668]]]},"properties":{"bbl":"1008120006","address":"491 7 AVENUE","owner":"499 FASHION TOWER LLC","bldgclass":"O4","landuse":"05","zonedist1":"M1-9A/R12","zonedist2":null,"overlay1":null,"spdist1":"MSX","lotarea":7556,"bldgarea":180704,"comarea":180704,"resarea":0,"officearea":176004,"retailarea":4700,"numfloors":25,"numbldgs":1,"unitsres":0,"unitstotal":43,"yearbuilt":1925,"yearalter1":1986,"builtfar":23.92,"residfar":15,"commfar":15,"facilfar":15,"lotfront":100.75,"lotdepth":75,"borough":"MN","block":812,"lot":6}},{"type":"Feature","geometry":{"type":"Polygon","coordinates":[[[-73.988691,40.752257],[-73.988866,40.752024],[-73.98894,40.752055],[-73.988765,40.752288],[-73.988691,40.752257]]]},"properties":{"bbl":"1008120012","address":"153 WEST 36 STREET","owner":"SHING LIN CORP","bldgclass":"O5","landuse":"05","zonedist1":"M1-9A/R12","zonedist2":null,"overlay1":null,"spdist1":"MSX","lotarea":2098,"bldgarea":9408,"comarea":9408,"resarea":0,"officearea":7696,"retailarea":1700,"numfloors":5,"numbldgs":1,"unitsres":0,"unitstotal":5,"yearbuilt":1917,"yearalter1":1973,"builtfar":4.48,"residfar":15,"commfar":15,"facilfar":15,"lotfront":19.83,"lotdepth":98.75,"borough":"MN","block":812,"lot":12}},{"type":"Feature","geometry":{"type":"Polygon","coordinates":[[[-73.988691,40.752257],[-73.988511,40.752181],[-73.988685,40.751948],[-73.988866,40.752024],[-73.988691,40.752257]]]},"properties":{"bbl":"1008120013","address":"149 WEST 36 STREET","owner":"FRANGENE CO","bldgclass":"O6","landuse":"05","zonedist1":"M1-9A/R12","zonedist2":null,"overlay1":null,"spdist1":"MSX","lotarea":5876,"bldgarea":54004,"comarea":54004,"resarea":0,"officearea":45004,"retailarea":9000,"numfloors":12,"numbldgs":2,"unitsres":0,"unitstotal":12,"yearbuilt":1909,"yearalter1":0,"builtfar":9.19,"residfar":15,"commfar":15,"facilfar":15,"lotfront":59.5,"lotdepth":98.75,"borough":"MN","block":812,"lot":13}},{"type":"Feature","geometry":{"type":"Polygon","coordinates":[[[-73.988481,40.752168],[-73.988405,40.752136],[-73.98832,40.7521],[-73.988359,40.752047],[-73.988494,40.751867],[-73.988685,40.751948],[-73.988511,40.752181],[-73.988481,40.752168]]]},"properties":{"bbl":"1008120016","address":"141 WEST 36 STREET","owner":"BRAUSE, JACK","bldgclass":"O4","landuse":"05","zonedist1":"M1-9A/R12","zonedist2":null,"overlay1":null,"spdist1":"MSX","lotarea":5867,"bldgarea":165000,"comarea":165000,"resarea":0,"officearea":160500,"retailarea":4500,"numfloors":22,"numbldgs":1,"unitsres":0,"unitstotal":34,"yearbuilt":1911,"yearalter1":1965,"builtfar":28.12,"residfar":15,"commfar":15,"facilfar":15,"lotfront":59.42,"lotdepth":98.75,"borough":"MN","block":812,"lot":16}},{"type":"Feature","geometry":{"type":"Polygon","coordinates":[[[-73.988172,40.751969],[-73.988307,40.751789],[-73.988494,40.751867],[-73.988359,40.752047],[-73.988172,40.751969]]]},"properties":{"bbl":"1008120019","address":"135 WEST 36 STREET","owner":"HOWARD WAREHOUSE INC.","bldgclass":"O4","landuse":"05","zonedist1":"M1-9A/R12","zonedist2":null,"overlay1":null,"spdist1":"MSX","lotarea":4582,"bldgarea":108214,"comarea":108214,"resarea":0,"officearea":103714,"retailarea":4500,"numfloors":22,"numbldgs":1,"unitsres":0,"unitstotal":23,"yearbuilt":1925,"yearalter1":0,"builtfar":23.62,"residfar":15,"commfar":15,"facilfar":15,"lotfront":59.58,"lotdepth":77.33,"borough":"MN","block":812,"lot":19}},{"type":"Feature","geometry":{"type":"Polygon","coordinates":[[[-73.987704,40.752034],[-73.987792,40.751572],[-73.988307,40.751789],[-73.988172,40.751969],[-73.988134,40.75202],[-73.98809,40.752002],[-73.98798,40.752149],[-73.987704,40.752034]]]},"properties":{"bbl":"1008120022","address":"1359 BROADWAY","owner":"ESRT 1359 BROADWAY, L.L.C.","bldgclass":"O4","landuse":"05","zonedist1":"M1-9A/R12","zonedist2":null,"overlay1":null,"spdist1":"MSX","lotarea":19433,"bldgarea":486839,"comarea":486839,"resarea":0,"officearea":455437,"retailarea":31402,"numfloors":21,"numbldgs":1,"unitsres":0,"unitstotal":68,"yearbuilt":1924,"yearalter1":0,"builtfar":25.05,"residfar":15,"commfar":15,"facilfar":15,"lotfront":167.42,"lotdepth":159.25,"borough":"MN","block":812,"lot":22}},{"type":"Feature","geometry":{"type":"Polygon","coordinates":[[[-73.987472,40.751437],[-73.987416,40.751729],[-73.987102,40.751597],[-73.986774,40.751459],[-73.986951,40.751217],[-73.987472,40.751437]]]},"properties":{"bbl":"1008120029","address":"1352 BROADWAY","owner":"HAIER AMERICA BUILDING,","bldgclass":"O5","landuse":"05","zonedist1":"C6-6","zonedist2":null,"overlay1":null,"spdist1":"MiD","lotarea":17600,"bldgarea":76804,"comarea":76804,"resarea":0,"officearea":64465,"retailarea":12339,"numfloors":6,"numbldgs":1,"unitsres":0,"unitstotal":2,"yearbuilt":1924,"yearalter1":0,"builtfar":4.36,"residfar":10,"commfar":15,"facilfar":15,"lotfront":105.67,"lotdepth":159.33,"borough":"MN","block":812,"lot":29}},{"type":"Feature","geometry":{"type":"Polygon","coordinates":[[[-73.986595,40.751704],[-73.986683,40.751584],[-73.986774,40.751459],[-73.987102,40.751597],[-73.987009,40.751721],[-73.986889,40.751671],[-73.986799,40.75179],[-73.986595,40.751704]]]},"properties":{"bbl":"1008120045","address":"989 AVENUE OF THE AMERICAS","owner":"THE MILANO RESIDENCES OWNER LLC","bldgclass":"D6","landuse":"04","zonedist1":"C6-6","zonedist2":null,"overlay1":null,"spdist1":"MiD","lotarea":8041,"bldgarea":348801,"comarea":41385,"resarea":307416,"officearea":0,"retailarea":41385,"numfloors":68,"numbldgs":1,"unitsres":300,"unitstotal":301,"yearbuilt":2024,"yearalter1":2024,"builtfar":43.38,"residfar":10,"commfar":15,"facilfar":15,"lotfront":98.75,"lotdepth":100,"borough":"MN","block":812,"lot":45}},{"type":"Feature","geometry":{"type":"Polygon","coordinates":[[[-73.986799,40.75179],[-73.986889,40.751671],[-73.987009,40.751721],[-73.987102,40.751597],[-73.987416,40.751729],[-73.987359,40.752026],[-73.986799,40.75179]]]},"properties":{"bbl":"1008120049","address":"1372 BROADWAY","owner":"1370B INVESTOR LLC","bldgclass":"O6","landuse":"05","zonedist1":"C6-6","zonedist2":null,"overlay1":null,"spdist1":"MiD","lotarea":13300,"bldgarea":234846,"comarea":234846,"resarea":0,"officearea":229846,"retailarea":5000,"numfloors":16,"numbldgs":1,"unitsres":0,"unitstotal":25,"yearbuilt":1922,"yearalter1":0,"builtfar":17.66,"residfar":10,"commfar":15,"facilfar":15,"lotfront":105.67,"lotdepth":173,"borough":"MN","block":812,"lot":49}},{"type":"Feature","geometry":{"type":"Polygon","coordinates":[[[-73.987699,40.752056],[-73.987704,40.752034],[-73.98798,40.752149],[-73.987901,40.752254],[-73.987679,40.752161],[-73.987699,40.752056]]]},"properties":{"bbl":"1008120056","address":"1367 BROADWAY","owner":"BDS III NY 1369 BROADWAY LLC","bldgclass":"O5","landuse":"05","zonedist1":"M1-9A/R12","zonedist2":null,"overlay1":null,"spdist1":"MSX","lotarea":3105,"bldgarea":20500,"comarea":20500,"resarea":0,"officearea":17500,"retailarea":3000,"numfloors":6,"numbldgs":1,"unitsres":0,"unitstotal":6,"yearbuilt":1928,"yearalter1":1989,"builtfar":6.6,"residfar":15,"commfar":15,"facilfar":15,"lotfront":43.33,"lotdepth":71.67,"borough":"MN","block":812,"lot":56}},{"type":"Feature","geometry":{"type":"Polygon","coordinates":[[[-73.987901,40.752254],[-73.98798,40.752149],[-73.98809,40.752002],[-73.988134,40.75202],[-73.988172,40.751969],[-73.988359,40.752047],[-73.98832,40.7521],[-73.988289,40.752141],[-73.988132,40.752351],[-73.987901,40.752254]]]},"properties":{"bbl":"1008120062","address":"126 WEST 37 STREET","owner":"HOLY INNOCENTS RC CHU","bldgclass":"M1","landuse":"08","zonedist1":"M1-9A/R12","zonedist2":null,"overlay1":null,"spdist1":"MSX","lotarea":8525,"bldgarea":13800,"comarea":13800,"resarea":0,"officearea":0,"retailarea":0,"numfloors":2,"numbldgs":1,"unitsres":0,"unitstotal":1,"yearbuilt":1920,"yearalter1":0,"builtfar":1.62,"residfar":15,"commfar":15,"facilfar":15,"lotfront":73.42,"lotdepth":98.75,"borough":"MN","block":812,"lot":62}},{"type":"Feature","geometry":{"type":"Polygon","coordinates":[[[-73.988292,40.752419],[-73.988481,40.752168],[-73.988511,40.752181],[-73.988691,40.752257],[-73.988765,40.752288],[-73.988775,40.752292],[-73.988587,40.752543],[-73.988292,40.752419]]]},"properties":{"bbl":"1008120063","address":"134 WEST 37 STREET","owner":"134 WEST 37TH STREET","bldgclass":"O6","landuse":"05","zonedist1":"M1-9A/R12","zonedist2":null,"overlay1":null,"spdist1":"MSX","lotarea":9183,"bldgarea":120000,"comarea":120000,"resarea":0,"officearea":90000,"retailarea":30000,"numfloors":12,"numbldgs":1,"unitsres":0,"unitstotal":13,"yearbuilt":1914,"yearalter1":1988,"builtfar":13.07,"residfar":15,"commfar":15,"facilfar":15,"lotfront":93,"lotdepth":98.75,"borough":"MN","block":812,"lot":63}},{"type":"Feature","geometry":{"type":"Polygon","coordinates":[[[-73.988587,40.752543],[-73.988775,40.752292],[-73.988866,40.75233],[-73.988678,40.752581],[-73.988587,40.752543]]]},"properties":{"bbl":"1008120068","address":"144 WEST 37 STREET","owner":"FILCO REALTY LLC","bldgclass":"O5","landuse":"05","zonedist1":"M1-9A/R12","zonedist2":null,"overlay1":null,"spdist1":"MSX","lotarea":2962,"bldgarea":15435,"comarea":15435,"resarea":0,"officearea":12935,"retailarea":2500,"numfloors":6,"numbldgs":1,"unitsres":0,"unitstotal":6,"yearbuilt":1920,"yearalter1":1967,"builtfar":5.21,"residfar":15,"commfar":15,"facilfar":15,"lotfront":30,"lotdepth":98.75,"borough":"MN","block":812,"lot":68}},{"type":"Feature","geometry":{"type":"Polygon","coordinates":[[[-73.988678,40.752581],[-73.988866,40.75233],[-73.989072,40.752417],[-73.989071,40.752419],[-73.988884,40.752668],[-73.988678,40.752581]]]},"properties":{"bbl":"1008120069","address":"148 WEST 37 STREET","owner":"LEFCOURT CENTRAL LLC","bldgclass":"O6","landuse":"05","zonedist1":"M1-9A/R12","zonedist2":null,"overlay1":null,"spdist1":"MSX","lotarea":6616,"bldgarea":93846,"comarea":93846,"resarea":0,"officearea":87846,"retailarea":6000,"numfloors":14,"numbldgs":1,"unitsres":0,"unitstotal":29,"yearbuilt":1924,"yearalter1":0,"builtfar":14.18,"residfar":15,"commfar":15,"facilfar":15,"lotfront":66.92,"lotdepth":98.75,"borough":"MN","block":812,"lot":69}},{"type":"Feature","geometry":{"type":"Polygon","coordinates":[[[-73.988132,40.752351],[-73.988289,40.752141],[-73.98832,40.7521],[-73.988405,40.752136],[-73.988216,40.752387],[-73.988132,40.752351]]]},"properties":{"bbl":"1008120161","address":"128 WEST 37 STREET","owner":"HOLY INNOCENTS RC CHU","bldgclass":"M3","landuse":"08","zonedist1":"M1-9A/R12","zonedist2":null,"overlay1":null,"spdist1":"MSX","lotarea":2575,"bldgarea":6000,"comarea":6000,"resarea":0,"officearea":0,"retailarea":0,"numfloors":4,"numbldgs":1,"unitsres":0,"unitstotal":1,"yearbuilt":1920,"yearalter1":1988,"builtfar":2.33,"residfar":15,"commfar":15,"facilfar":15,"lotfront":26.08,"lotdepth":98.75,"borough":"MN","block":812,"lot":161}},{"type":"Feature","geometry":{"type":"Polygon","coordinates":[[[-73.988216,40.752387],[-73.988405,40.752136],[-73.988481,40.752168],[-73.988292,40.752419],[-73.988216,40.752387]]]},"properties":{"bbl":"1008120162","address":"130 WEST 37 STREET","owner":"130 WEST 37TH STREET ASSETS LLC","bldgclass":"O5","landuse":"05","zonedist1":"M1-9A/R12","zonedist2":null,"overlay1":null,"spdist1":"MSX","lotarea":2320,"bldgarea":10896,"comarea":10896,"resarea":0,"officearea":8896,"retailarea":2000,"numfloors":4,"numbldgs":1,"unitsres":0,"unitstotal":7,"yearbuilt":1920,"yearalter1":2004,"builtfar":4.7,"residfar":15,"commfar":15,"facilfar":15,"lotfront":23.5,"lotdepth":98.75,"borough":"MN","block":812,"lot":162}},{"type":"Feature","geometry":{"type":"Polygon","coordinates":[[[-73.98757,40.752607],[-73.987642,40.752315],[-73.988268,40.752579],[-73.988084,40.752824],[-73.98757,40.752607]]]},"properties":{"bbl":"1008130016","address":"1375 BROADWAY","owner":"1375 OWNER LLC","bldgclass":"O4","landuse":"05","zonedist1":"M1-9A/R12","zonedist2":null,"overlay1":null,"spdist1":"MSX","lotarea":17725,"bldgarea":464951,"comarea":464951,"resarea":0,"officearea":429569,"retailarea":35382,"numfloors":27,"numbldgs":1,"unitsres":0,"unitstotal":55,"yearbuilt":1927,"yearalter1":0,"builtfar":26.23,"residfar":15,"commfar":15,"facilfar":15,"lotfront":104,"lotdepth":195.83,"borough":"MN","block":813,"lot":16}},{"type":"Feature","geometry":{"type":"Polygon","coordinates":[[[-73.986463,40.752454],[-73.986636,40.752217],[-73.986818,40.751968],[-73.987325,40.752181],[-73.987235,40.752544],[-73.986917,40.75241],[-73.986786,40.75259],[-73.986463,40.752454]]]},"properties":{"bbl":"1008130023","address":"1372 BROADWAY","owner":"ROSS PROCUREMENT, INC","bldgclass":"O4","landuse":"05","zonedist1":"C6-6","zonedist2":null,"overlay1":null,"spdist1":"MiD","lotarea":29037,"bldgarea":479620,"comarea":479620,"resarea":0,"officearea":446620,"retailarea":33000,"numfloors":20,"numbldgs":2,"unitsres":0,"unitstotal":30,"yearbuilt":1914,"yearalter1":0,"builtfar":16.52,"residfar":10,"commfar":15,"facilfar":15,"lotfront":130,"lotdepth":154.83,"borough":"MN","block":813,"lot":23}},{"type":"Feature","geometry":{"type":"Polygon","coordinates":[[[-73.986276,40.752139],[-73.986317,40.752083],[-73.986514,40.752166],[-73.986473,40.752223],[-73.986276,40.752139]]]},"properties":{"bbl":"1008130036","address":"1011 AVENUE OF THE AMERICAS","owner":"38 AND 6 ASSOCIATES,","bldgclass":"K4","landuse":"04","zonedist1":"C6-6","zonedist2":null,"overlay1":null,"spdist1":"MiD","lotarea":1450,"bldgarea":5316,"comarea":5316,"resarea":0,"officearea":0,"retailarea":2900,"numfloors":4,"numbldgs":1,"unitsres":0,"unitstotal":4,"yearbuilt":1920,"yearalter1":0,"builtfar":3.67,"residfar":10,"commfar":15,"facilfar":15,"lotfront":24.17,"lotdepth":60,"borough":"MN","block":813,"lot":36}},{"type":"Feature","geometry":{"type":"Polygon","coordinates":[[[-73.986232,40.7522],[-73.986276,40.752139],[-73.986473,40.752223],[-73.986429,40.752283],[-73.986232,40.7522]]]},"properties":{"bbl":"1008130037","address":"1013 AVENUE OF THE AMERICAS","owner":"1013 SIXTH AVENUE ASSOCIATES, L.L.C.","bldgclass":"K4","landuse":"04","zonedist1":"C6-6","zonedist2":null,"overlay1":null,"spdist1":"MiD","lotarea":1480,"bldgarea":5495,"comarea":5495,"resarea":0,"officearea":2517,"retailarea":2978,"numfloors":4,"numbldgs":1,"unitsres":0,"unitstotal":4,"yearbuilt":1920,"yearalter1":1985,"builtfar":3.71,"residfar":10,"commfar":15,"facilfar":15,"lotfront":24.67,"lotdepth":60,"borough":"MN","block":813,"lot":37}},{"type":"Feature","geometry":{"type":"Polygon","coordinates":[[[-73.986429,40.752283],[-73.986385,40.752344],[-73.986187,40.75226],[-73.986232,40.7522],[-73.986429,40.752283]]]},"properties":{"bbl":"1008130038","address":"1015 AVENUE OF THE AMERICAS","owner":"WELC GROUP,","bldgclass":"K4","landuse":"04","zonedist1":"C6-6","zonedist2":null,"overlay1":null,"spdist1":"MiD","lotarea":1480,"bldgarea":4450,"comarea":2250,"resarea":2200,"officearea":0,"retailarea":2250,"numfloors":4,"numbldgs":1,"unitsres":4,"unitstotal":6,"yearbuilt":1920,"yearalter1":1999,"builtfar":3.01,"residfar":10,"commfar":15,"facilfar":15,"lotfront":24.67,"lotdepth":60,"borough":"MN","block":813,"lot":38}},{"type":"Feature","geometry":{"type":"Polygon","coordinates":[[[-73.986385,40.752344],[-73.986342,40.752403],[-73.986144,40.75232],[-73.986187,40.75226],[-73.986385,40.752344]]]},"properties":{"bbl":"1008130039","address":"1017 AVENUE OF THE AMERICAS","owner":"I & J MORGENSTERN REALTY, LLC","bldgclass":"K2","landuse":"05","zonedist1":"C6-6","zonedist2":null,"overlay1":null,"spdist1":"MiD","lotarea":1485,"bldgarea":6540,"comarea":6540,"resarea":0,"officearea":0,"retailarea":6540,"numfloors":4,"numbldgs":1,"unitsres":0,"unitstotal":4,"yearbuilt":1920,"yearalter1":1989,"builtfar":4.4,"residfar":10,"commfar":15,"facilfar":15,"lotfront":24.75,"lotdepth":60,"borough":"MN","block":813,"lot":39}},{"type":"Feature","geometry":{"type":"Polygon","coordinates":[[[-73.986342,40.752403],[-73.986385,40.752344],[-73.986429,40.752283],[-73.986473,40.752223],[-73.986514,40.752166],[-73.986636,40.752217],[-73.986463,40.752454],[-73.986342,40.752403]]]},"properties":{"bbl":"1008130040","address":"102 WEST 38 STREET","owner":"38 AND 6 ASSOCIATES,","bldgclass":"O6","landuse":"05","zonedist1":"C6-6","zonedist2":null,"overlay1":null,"spdist1":"MiD","lotarea":3930,"bldgarea":37271,"comarea":37271,"resarea":0,"officearea":35271,"retailarea":2000,"numfloors":9,"numbldgs":1,"unitsres":0,"unitstotal":10,"yearbuilt":1906,"yearalter1":1986,"builtfar":9.48,"residfar":10,"commfar":15,"facilfar":15,"lotfront":40,"lotdepth":98.25,"borough":"MN","block":813,"lot":40}},{"type":"Feature","geometry":{"type":"Polygon","coordinates":[[[-73.986786,40.75259],[-73.986917,40.75241],[-73.987235,40.752544],[-73.987183,40.752757],[-73.986786,40.75259]]]},"properties":{"bbl":"1008130050","address":"1384 BROADWAY","owner":"BROADWAY 1384 LLC","bldgclass":"O4","landuse":"05","zonedist1":"C6-6","zonedist2":null,"overlay1":null,"spdist1":"MiD","lotarea":7989,"bldgarea":204034,"comarea":204034,"resarea":0,"officearea":199654,"retailarea":4380,"numfloors":23,"numbldgs":1,"unitsres":0,"unitstotal":61,"yearbuilt":1928,"yearalter1":2010,"builtfar":25.54,"residfar":10,"commfar":15,"facilfar":15,"lotfront":78,"lotdepth":120.17,"borough":"MN","block":813,"lot":50}},{"type":"Feature","geometry":{"type":"Polygon","coordinates":[[[-73.9875,40.752891],[-73.98757,40.752607],[-73.988084,40.752824],[-73.988223,40.752882],[-73.988134,40.753],[-73.988044,40.75312],[-73.9875,40.752891]]]},"properties":{"bbl":"1008130055","address":"1385 BROADWAY","owner":"B. BROS. BROADWAY REALTY, LLC","bldgclass":"O4","landuse":"05","zonedist1":"M1-9A/R12","zonedist2":null,"overlay1":null,"spdist1":"MSX","lotarea":18850,"bldgarea":438643,"comarea":438643,"resarea":0,"officearea":422642,"retailarea":16000,"numfloors":23,"numbldgs":1,"unitsres":0,"unitstotal":303,"yearbuilt":1926,"yearalter1":0,"builtfar":23.27,"residfar":15,"commfar":15,"facilfar":15,"lotfront":104,"lotdepth":174.5,"borough":"MN","block":813,"lot":55}},{"type":"Feature","geometry":{"type":"Polygon","coordinates":[[[-73.988044,40.75312],[-73.988134,40.753],[-73.988223,40.752882],[-73.988863,40.753152],[-73.988684,40.75339],[-73.988044,40.75312]]]},"properties":{"bbl":"1008130064","address":"515 7 AVENUE","owner":"515 SEVENTH AVENUE REALTY, L.P.","bldgclass":"G9","landuse":"07","zonedist1":"M1-9A/R12","zonedist2":null,"overlay1":null,"spdist1":"MSX","lotarea":19750,"bldgarea":102835,"comarea":102835,"resarea":0,"officearea":0,"retailarea":30000,"numfloors":4,"numbldgs":1,"unitsres":0,"unitstotal":6,"yearbuilt":1951,"yearalter1":0,"builtfar":5.21,"residfar":15,"commfar":15,"facilfar":15,"lotfront":98.75,"lotdepth":200,"borough":"MN","block":813,"lot":64}},{"type":"Feature","geometry":{"type":"Polygon","coordinates":[[[-73.987965,40.753248],[-73.988612,40.753517],[-73.988423,40.753776],[-73.987778,40.753508],[-73.987965,40.753248]]]},"properties":{"bbl":"1008140001","address":"525 7 AVENUE","owner":"525 DELAWARE LLC","bldgclass":"O4","landuse":"05","zonedist1":"C5-3","zonedist2":null,"overlay1":null,"spdist1":"MiD","lotarea":19750,"bldgarea":411074,"comarea":411074,"resarea":0,"officearea":396074,"retailarea":15000,"numfloors":22,"numbldgs":1,"unitsres":0,"unitstotal":102,"yearbuilt":1925,"yearalter1":0,"builtfar":20.81,"residfar":10,"commfar":15,"facilfar":15,"lotfront":98.75,"lotdepth":200,"borough":"MN","block":814,"lot":1}},{"type":"Feature","geometry":{"type":"Polygon","coordinates":[[[-73.988423,40.753776],[-73.988256,40.754007],[-73.987277,40.753601],[-73.987456,40.753037],[-73.987965,40.753248],[-73.987778,40.753508],[-73.988423,40.753776]]]},"properties":{"bbl":"1008140015","address":"1407 BROADWAY","owner":"1407 BROADWAY","bldgclass":"O4","landuse":"05","zonedist1":"C5-3","zonedist2":null,"overlay1":null,"spdist1":"MiD","lotarea":45170,"bldgarea":911896,"comarea":911896,"resarea":0,"officearea":880947,"retailarea":30949,"numfloors":43,"numbldgs":1,"unitsres":0,"unitstotal":229,"yearbuilt":1950,"yearalter1":2017,"builtfar":20.19,"residfar":10,"commfar":15,"facilfar":15,"lotfront":205,"lotdepth":301.22,"borough":"MN","block":814,"lot":15}},{"type":"Feature","geometry":{"type":"Polygon","coordinates":[[[-73.986249,40.753174],[-73.986425,40.752932],[-73.986322,40.752888],[-73.986502,40.752641],[-73.987159,40.752914],[-73.987071,40.753194],[-73.986872,40.753155],[-73.986821,40.753134],[-73.98684,40.753108],[-73.986672,40.753039],[-73.986498,40.753278],[-73.986249,40.753174]]]},"properties":{"bbl":"1008140019","address":"1400 BROADWAY","owner":"ESRT 1400 BROADWAY FEE, L.L.C.","bldgclass":"O4","landuse":"05","zonedist1":"C5-3","zonedist2":null,"overlay1":null,"spdist1":"MiD","lotarea":28950,"bldgarea":768321,"comarea":768321,"resarea":0,"officearea":738110,"retailarea":11536,"numfloors":35,"numbldgs":1,"unitsres":0,"unitstotal":88,"yearbuilt":1930,"yearalter1":0,"builtfar":26.54,"residfar":10,"commfar":15,"facilfar":15,"lotfront":98,"lotdepth":200,"borough":"MN","block":814,"lot":19}},{"type":"Feature","geometry":{"type":"Polygon","coordinates":[[[-73.986502,40.752641],[-73.986322,40.752888],[-73.98619,40.752832],[-73.98637,40.752586],[-73.986502,40.752641]]]},"properties":{"bbl":"1008140030","address":"109 WEST 38 STREET","owner":"109 WEST 38TH L.L.C","bldgclass":"O6","landuse":"05","zonedist1":"C5-3","zonedist2":null,"overlay1":null,"spdist1":"MiD","lotarea":3950,"bldgarea":52289,"comarea":52289,"resarea":0,"officearea":48889,"retailarea":3400,"numfloors":12,"numbldgs":1,"unitsres":0,"unitstotal":38,"yearbuilt":1923,"yearalter1":0,"builtfar":13.24,"residfar":10,"commfar":15,"facilfar":15,"lotfront":40,"lotdepth":98.75,"borough":"MN","block":814,"lot":30}},{"type":"Feature","geometry":{"type":"Polygon","coordinates":[[[-73.985913,40.752657],[-73.985949,40.752607],[-73.986145,40.75269],[-73.986109,40.75274],[-73.985913,40.752657]]]},"properties":{"bbl":"1008140037","address":"1027 AVENUE OF THE AMERICAS","owner":"THE AEREE LEE 2015 TRUST","bldgclass":"K4","landuse":"04","zonedist1":"C5-3","zonedist2":null,"overlay1":null,"spdist1":"MiD","lotarea":1140,"bldgarea":3534,"comarea":1938,"resarea":1596,"officearea":0,"retailarea":1938,"numfloors":4,"numbldgs":1,"unitsres":5,"unitstotal":6,"yearbuilt":1920,"yearalter1":1987,"builtfar":3.1,"residfar":10,"commfar":15,"facilfar":15,"lotfront":19,"lotdepth":60,"borough":"MN","block":814,"lot":37}},{"type":"Feature","geometry":{"type":"Polygon","coordinates":[[[-73.986014,40.753076],[-73.98619,40.752832],[-73.986322,40.752888],[-73.986425,40.752932],[-73.986249,40.753174],[-73.986014,40.753076]]]},"properties":{"bbl":"1008140046","address":"108 WEST 39 STREET","owner":"10839 ASSOC","bldgclass":"O6","landuse":"05","zonedist1":"C5-3","zonedist2":null,"overlay1":null,"spdist1":"MiD","lotarea":7406,"bldgarea":118949,"comarea":118949,"resarea":0,"officearea":105034,"retailarea":13915,"numfloors":16,"numbldgs":1,"unitsres":0,"unitstotal":97,"yearbuilt":1927,"yearalter1":0,"builtfar":16.06,"residfar":10,"commfar":15,"facilfar":15,"lotfront":75,"lotdepth":98.75,"borough":"MN","block":814,"lot":46}},{"type":"Feature","geometry":{"type":"Polygon","coordinates":[[[-73.987071,40.753194],[-73.986981,40.753478],[-73.986498,40.753278],[-73.986672,40.753039],[-73.98684,40.753108],[-73.986821,40.753134],[-73.986872,40.753155],[-73.987071,40.753194]]]},"properties":{"bbl":"1008140052","address":"1402 BROADWAY","owner":"L. CHARNEY 1410 BROADWAY, LLC","bldgclass":"O4","landuse":"05","zonedist1":"C5-3","zonedist2":null,"overlay1":null,"spdist1":"MiD","lotarea":12475,"bldgarea":367212,"comarea":367212,"resarea":0,"officearea":356062,"retailarea":11150,"numfloors":33,"numbldgs":1,"unitsres":0,"unitstotal":160,"yearbuilt":1930,"yearalter1":1979,"builtfar":29.44,"residfar":10,"commfar":15,"facilfar":15,"lotfront":107,"lotdepth":144.67,"borough":"MN","block":814,"lot":52}},{"type":"Feature","geometry":{"type":"Polygon","coordinates":[[[-73.987802,40.754632],[-73.987051,40.75432],[-73.987228,40.753759],[-73.988156,40.754144],[-73.987802,40.754632]]]},"properties":{"bbl":"1008150001","address":"1411 BROADWAY","owner":"1411 IC-SIC PROPERTY LLC","bldgclass":"O4","landuse":"05","zonedist1":"C5-3","zonedist2":null,"overlay1":null,"spdist1":"MiD","lotarea":50765,"bldgarea":1088074,"comarea":1088074,"resarea":0,"officearea":1042920,"retailarea":42780,"numfloors":42,"numbldgs":1,"unitsres":0,"unitstotal":100,"yearbuilt":1969,"yearalter1":2016,"builtfar":21.43,"residfar":10,"commfar":15,"facilfar":15,"lotfront":205,"lotdepth":284.53,"borough":"MN","block":815,"lot":1}},{"type":"Feature","geometry":{"type":"Polygon","coordinates":[[[-73.986545,40.753785],[-73.98622,40.75365],[-73.986392,40.753412],[-73.986932,40.753636],[-73.986845,40.753909],[-73.986545,40.753785]]]},"properties":{"bbl":"1008150014","address":"1412 BROADWAY","owner":"CHETRIT 1412 LLC","bldgclass":"O4","landuse":"05","zonedist1":"C5-3","zonedist2":null,"overlay1":null,"spdist1":"MiD","lotarea":17700,"bldgarea":361767,"comarea":361767,"resarea":0,"officearea":344267,"retailarea":17500,"numfloors":24,"numbldgs":2,"unitsres":0,"unitstotal":79,"yearbuilt":1926,"yearalter1":0,"builtfar":20.44,"residfar":10,"commfar":15,"facilfar":15,"lotfront":102.5,"lotdepth":189.17,"borough":"MN","block":815,"lot":14}},{"type":"Feature","geometry":{"type":"Polygon","coordinates":[[[-73.985959,40.753866],[-73.986141,40.753617],[-73.98606,40.753583],[-73.986233,40.753346],[-73.986392,40.753412],[-73.98622,40.75365],[-73.986038,40.753899],[-73.985959,40.753866]]]},"properties":{"bbl":"1008150020","address":"117 WEST 39 STREET","owner":"GRANITE PARK LLC","bldgclass":"H3","landuse":"05","zonedist1":"C5-3","zonedist2":null,"overlay1":null,"spdist1":"MiD","lotarea":7406,"bldgarea":126398,"comarea":null,"resarea":null,"officearea":null,"retailarea":null,"numfloors":34,"numbldgs":1,"unitsres":0,"unitstotal":1,"yearbuilt":1997,"yearalter1":0,"builtfar":17.07,"residfar":10,"commfar":15,"facilfar":15,"lotfront":50,"lotdepth":197.5,"borough":"MN","block":815,"lot":20}},{"type":"Feature","geometry":{"type":"Polygon","coordinates":[[[-73.985499,40.753675],[-73.985545,40.753612],[-73.985612,40.75364],[-73.985657,40.753577],[-73.98592,40.753216],[-73.986233,40.753346],[-73.98606,40.753583],[-73.985889,40.753512],[-73.985707,40.753762],[-73.985499,40.753675]]]},"properties":{"bbl":"1008150021","address":"109 WEST 39 STREET","owner":"PARK HOUSE PLAZA, LLC","bldgclass":"O4","landuse":"05","zonedist1":"C5-3","zonedist2":null,"overlay1":null,"spdist1":"MiD","lotarea":15375,"bldgarea":173108,"comarea":173108,"resarea":0,"officearea":157164,"retailarea":2800,"numfloors":20,"numbldgs":1,"unitsres":0,"unitstotal":27,"yearbuilt":1963,"yearalter1":0,"builtfar":11.26,"residfar":10,"commfar":15,"facilfar":15,"lotfront":100,"lotdepth":197.5,"borough":"MN","block":815,"lot":21}},{"type":"Feature","geometry":{"type":"Polygon","coordinates":[[[-73.986038,40.753899],[-73.98622,40.75365],[-73.986545,40.753785],[-73.986499,40.753847],[-73.986823,40.753981],[-73.986755,40.754197],[-73.986038,40.753899]]]},"properties":{"bbl":"1008150046","address":"1430 BROADWAY","owner":"REALTIES 1430","bldgclass":"O4","landuse":"05","zonedist1":"C5-3","zonedist2":null,"overlay1":null,"spdist1":"MiD","lotarea":16647,"bldgarea":364000,"comarea":364000,"resarea":0,"officearea":352475,"retailarea":11525,"numfloors":22,"numbldgs":1,"unitsres":0,"unitstotal":24,"yearbuilt":1954,"yearalter1":0,"builtfar":21.87,"residfar":10,"commfar":15,"facilfar":15,"lotfront":76.83,"lotdepth":216.67,"borough":"MN","block":815,"lot":46}},{"type":"Feature","geometry":{"type":"Polygon","coordinates":[[[-73.986823,40.753981],[-73.986499,40.753847],[-73.986545,40.753785],[-73.986845,40.753909],[-73.986823,40.753981]]]},"properties":{"bbl":"1008150049","address":"1420 BROADWAY","owner":"AB SONS 1420 LLC","bldgclass":"K2","landuse":"05","zonedist1":"C5-3","zonedist2":null,"overlay1":null,"spdist1":"MiD","lotarea":2286,"bldgarea":6049,"comarea":6049,"resarea":0,"officearea":0,"retailarea":6049,"numfloors":3,"numbldgs":1,"unitsres":0,"unitstotal":3,"yearbuilt":1920,"yearalter1":1985,"builtfar":2.65,"residfar":10,"commfar":15,"facilfar":15,"lotfront":25.58,"lotdepth":96,"borough":"MN","block":815,"lot":49}},{"type":"Feature","geometry":{"type":"Polygon","coordinates":[[[-73.985193,40.751924],[-73.985373,40.751678],[-73.985573,40.751762],[-73.985392,40.752009],[-73.985193,40.751924]]]},"properties":{"bbl":"1008390079","address":"60 WEST 38 STREET","owner":"HESKEL'S WEST 38TH STREET CORP","bldgclass":"O5","landuse":"05","zonedist1":"M1-9A/R12","zonedist2":"C6-6","overlay1":null,"spdist1":"MSX","lotarea":6171,"bldgarea":32143,"comarea":32143,"resarea":0,"officearea":24107,"retailarea":8036,"numfloors":6,"numbldgs":2,"unitsres":0,"unitstotal":13,"yearbuilt":1920,"yearalter1":1985,"builtfar":5.21,"residfar":15,"commfar":15,"facilfar":15,"lotfront":62.5,"lotdepth":98.75,"borough":"MN","block":839,"lot":79}},{"type":"Feature","geometry":{"type":"Polygon","coordinates":[[[-73.985838,40.752198],[-73.985392,40.752009],[-73.985573,40.751762],[-73.985639,40.75179],[-73.985709,40.751819],[-73.985777,40.751848],[-73.986019,40.751949],[-73.985838,40.752198]]]},"properties":{"bbl":"1008397502","address":"66 WEST 38 STREET","owner":"UNAVAILABLE OWNER","bldgclass":"RM","landuse":"04","zonedist1":"C6-6","zonedist2":null,"overlay1":null,"spdist1":"MiD","lotarea":13990,"bldgarea":327019,"comarea":66235,"resarea":260784,"officearea":37646,"retailarea":6515,"numfloors":46,"numbldgs":1,"unitsres":374,"unitstotal":377,"yearbuilt":2001,"yearalter1":0,"builtfar":23.38,"residfar":10,"commfar":15,"facilfar":15,"lotfront":141.67,"lotdepth":98.75,"borough":"MN","block":839,"lot":7502}},{"type":"Feature","geometry":{"type":"Polygon","coordinates":[[[-73.985386,40.75232],[-73.985475,40.752199],[-73.985761,40.752319],[-73.985672,40.752441],[-73.985386,40.75232]]]},"properties":{"bbl":"1008400001","address":"1020 AVENUE OF THE AMERICAS","owner":"1020 HOTEL CORP C/0 BELVEDERE HOTEL","bldgclass":"H3","landuse":"05","zonedist1":"C5-3","zonedist2":null,"overlay1":null,"spdist1":"MiD","lotarea":3978,"bldgarea":17464,"comarea":3700,"resarea":0,"officearea":0,"retailarea":3700,"numfloors":5,"numbldgs":1,"unitsres":0,"unitstotal":7,"yearbuilt":1920,"yearalter1":0,"builtfar":4.39,"residfar":10,"commfar":15,"facilfar":15,"lotfront":46.67,"lotdepth":85,"borough":"MN","block":840,"lot":1}},{"type":"Feature","geometry":{"type":"Polygon","coordinates":[[[-73.984921,40.752301],[-73.984895,40.75229],[-73.984862,40.752276],[-73.985049,40.75202],[-73.985108,40.752044],[-73.984921,40.752301]]]},"properties":{"bbl":"1008400012","address":"55 WEST 38 STREET","owner":"H HOTEL LLC","bldgclass":"O5","landuse":"05","zonedist1":"M1-9A/R12","zonedist2":null,"overlay1":null,"spdist1":"MSX","lotarea":1679,"bldgarea":6000,"comarea":6000,"resarea":0,"officearea":4400,"retailarea":1600,"numfloors":4,"numbldgs":1,"unitsres":0,"unitstotal":4,"yearbuilt":1915,"yearalter1":1986,"builtfar":3.57,"residfar":15,"commfar":15,"facilfar":15,"lotfront":17,"lotdepth":98.75,"borough":"MN","block":840,"lot":12}},{"type":"Feature","geometry":{"type":"Polygon","coordinates":[[[-73.984514,40.75213],[-73.984701,40.751873],[-73.98477,40.751902],[-73.984892,40.751954],[-73.984705,40.75221],[-73.984583,40.752159],[-73.984514,40.75213]]]},"properties":{"bbl":"1008400016","address":"45 WEST 38 STREET","owner":"MANHATTAN LW HOTEL ASSOCIATES L.P.","bldgclass":"HB","landuse":"05","zonedist1":"M1-9A/R12","zonedist2":null,"overlay1":null,"spdist1":"MSX","lotarea":6024,"bldgarea":76000,"comarea":null,"resarea":null,"officearea":null,"retailarea":null,"numfloors":22,"numbldgs":1,"unitsres":0,"unitstotal":1,"yearbuilt":2012,"yearalter1":2011,"builtfar":12.62,"residfar":15,"commfar":15,"facilfar":15,"lotfront":61,"lotdepth":98.75,"borough":"MN","block":840,"lot":16}},{"type":"Feature","geometry":{"type":"Polygon","coordinates":[[[-73.984425,40.752092],[-73.984382,40.752075],[-73.984569,40.751818],[-73.984701,40.751873],[-73.984514,40.75213],[-73.984425,40.752092]]]},"properties":{"bbl":"1008400019","address":"39 WEST 38 STREET","owner":"REGENT 33RD REALTY GROUP","bldgclass":"O6","landuse":"05","zonedist1":"M1-9A/R12","zonedist2":null,"overlay1":null,"spdist1":"MSX","lotarea":4120,"bldgarea":44352,"comarea":44352,"resarea":0,"officearea":40352,"retailarea":4000,"numfloors":12,"numbldgs":1,"unitsres":0,"unitstotal":6,"yearbuilt":1915,"yearalter1":0,"builtfar":10.77,"residfar":15,"commfar":15,"facilfar":15,"lotfront":42,"lotdepth":98.75,"borough":"MN","block":840,"lot":19}},{"type":"Feature","geometry":{"type":"Polygon","coordinates":[[[-73.984349,40.75206],[-73.984268,40.752027],[-73.984455,40.75177],[-73.984569,40.751818],[-73.984382,40.752075],[-73.984349,40.75206]]]},"properties":{"bbl":"1008400021","address":"35 WEST 38 STREET","owner":"FLAME REALTY,","bldgclass":"O5","landuse":"05","zonedist1":"M1-9A/R12","zonedist2":null,"overlay1":null,"spdist1":"MSX","lotarea":3660,"bldgarea":12050,"comarea":12050,"resarea":0,"officearea":8800,"retailarea":3250,"numfloors":5,"numbldgs":1,"unitsres":0,"unitstotal":10,"yearbuilt":1930,"yearalter1":0,"builtfar":3.29,"residfar":15,"commfar":15,"facilfar":15,"lotfront":37,"lotdepth":98.75,"borough":"MN","block":840,"lot":21}},{"type":"Feature","geometry":{"type":"Polygon","coordinates":[[[-73.983825,40.75184],[-73.983789,40.751825],[-73.983976,40.751568],[-73.984117,40.751628],[-73.98393,40.751884],[-73.983825,40.75184]]]},"properties":{"bbl":"1008400028","address":"21 WEST 38 STREET","owner":"38 REALTY CO","bldgclass":"O6","landuse":"05","zonedist1":"M1-9A/R12","zonedist2":null,"overlay1":null,"spdist1":"MSX","lotarea":4246,"bldgarea":65240,"comarea":65240,"resarea":0,"officearea":62240,"retailarea":3000,"numfloors":17,"numbldgs":1,"unitsres":0,"unitstotal":19,"yearbuilt":1917,"yearalter1":1979,"builtfar":15.37,"residfar":15,"commfar":15,"facilfar":15,"lotfront":43,"lotdepth":98.75,"borough":"MN","block":840,"lot":28}},{"type":"Feature","geometry":{"type":"Polygon","coordinates":[[[-73.984092,40.752269],[-73.984268,40.752027],[-73.984349,40.75206],[-73.984172,40.752303],[-73.984092,40.752269]]]},"properties":{"bbl":"1008400069","address":"38 WEST 39 STREET","owner":"38 WEST 39 REALTY CORP","bldgclass":"O5","landuse":"05","zonedist1":"M1-9A/R12","zonedist2":null,"overlay1":null,"spdist1":"MSX","lotarea":2469,"bldgarea":9431,"comarea":9431,"resarea":0,"officearea":7231,"retailarea":2200,"numfloors":5,"numbldgs":1,"unitsres":0,"unitstotal":7,"yearbuilt":1950,"yearalter1":1985,"builtfar":3.82,"residfar":15,"commfar":15,"facilfar":15,"lotfront":25,"lotdepth":98.75,"borough":"MN","block":840,"lot":69}},{"type":"Feature","geometry":{"type":"Polygon","coordinates":[[[-73.984172,40.752303],[-73.984349,40.75206],[-73.984382,40.752075],[-73.984425,40.752092],[-73.984248,40.752335],[-73.984172,40.752303]]]},"properties":{"bbl":"1008400070","address":"40 WEST 39 STREET","owner":"174 ORCHARD ST REALTY","bldgclass":"O5","landuse":"05","zonedist1":"M1-9A/R12","zonedist2":null,"overlay1":null,"spdist1":"MSX","lotarea":2469,"bldgarea":10020,"comarea":10020,"resarea":0,"officearea":8020,"retailarea":2000,"numfloors":5,"numbldgs":1,"unitsres":0,"unitstotal":6,"yearbuilt":1915,"yearalter1":1985,"builtfar":4.06,"residfar":15,"commfar":15,"facilfar":15,"lotfront":25,"lotdepth":98.75,"borough":"MN","block":840,"lot":70}},{"type":"Feature","geometry":{"type":"Polygon","coordinates":[[[-73.98393,40.751884],[-73.984117,40.751628],[-73.984185,40.751656],[-73.984249,40.751683],[-73.984062,40.75194],[-73.984029,40.751926],[-73.983999,40.751913],[-73.983964,40.751898],[-73.98393,40.751884]]]},"properties":{"bbl":"1008407502","address":"27 WEST 38TH STREET","owner":"FORTUNA FIFTH AVE LLC","bldgclass":"RH","landuse":"05","zonedist1":"M1-9A/R12","zonedist2":null,"overlay1":null,"spdist1":"MSX","lotarea":4246,"bldgarea":69423,"comarea":null,"resarea":null,"officearea":null,"retailarea":null,"numfloors":26,"numbldgs":1,"unitsres":0,"unitstotal":176,"yearbuilt":2017,"yearalter1":2015,"builtfar":16.35,"residfar":15,"commfar":15,"facilfar":15,"lotfront":43,"lotdepth":98.75,"borough":"MN","block":840,"lot":7502}},{"type":"Feature","geometry":{"type":"Polygon","coordinates":[[[-73.983716,40.751794],[-73.983903,40.751538],[-73.983976,40.751568],[-73.983789,40.751825],[-73.983825,40.75184],[-73.98393,40.751884],[-73.983964,40.751898],[-73.983999,40.751913],[-73.984029,40.751926],[-73.983853,40.752167],[-73.983788,40.752139],[-73.98365,40.752081],[-73.98358,40.752051],[-73.983755,40.751811],[-73.983716,40.751794]]]},"properties":{"bbl":"1008407504","address":"30 WEST 39TH STREET","owner":"26 WEST 39TH LLC","bldgclass":"RH","landuse":"05","zonedist1":"M1-9A/R12","zonedist2":null,"overlay1":null,"spdist1":"MSX","lotarea":11159,"bldgarea":123536,"comarea":null,"resarea":null,"officearea":null,"retailarea":null,"numfloors":27,"numbldgs":1,"unitsres":0,"unitstotal":4,"yearbuilt":2019,"yearalter1":2016,"builtfar":11.07,"residfar":15,"commfar":15,"facilfar":15,"lotfront":0,"lotdepth":0,"borough":"MN","block":840,"lot":7504}},{"type":"Feature","geometry":{"type":"Polygon","coordinates":[[[-73.983424,40.752475],[-73.983274,40.752412],[-73.983225,40.752391],[-73.983403,40.752147],[-73.983602,40.75223],[-73.983424,40.752475]]]},"properties":{"bbl":"1008410027","address":"15 WEST 39 STREET","owner":"15 W 39TH ST NY LLC","bldgclass":"O6","landuse":"05","zonedist1":"M1-9A/R12","zonedist2":null,"overlay1":null,"spdist1":"MSX","lotarea":6172,"bldgarea":79056,"comarea":79056,"resarea":0,"officearea":74056,"retailarea":5000,"numfloors":16,"numbldgs":1,"unitsres":0,"unitstotal":23,"yearbuilt":1925,"yearalter1":2013,"builtfar":12.81,"residfar":15,"commfar":15,"facilfar":15,"lotfront":62.5,"lotdepth":98.75,"borough":"MN","block":841,"lot":27}},{"type":"Feature","geometry":{"type":"Polygon","coordinates":[[[-73.982018,40.752201],[-73.982373,40.751713],[-73.982973,40.751965],[-73.982795,40.75221],[-73.982673,40.752159],[-73.982496,40.752402],[-73.982018,40.752201]]]},"properties":{"bbl":"1008410049","address":"452 5 AVENUE","owner":"452 FIFTH OWNERS LLC","bldgclass":"O4","landuse":"05","zonedist1":"C5-3","zonedist2":null,"overlay1":null,"spdist1":"MiD","lotarea":32834,"bldgarea":616352,"comarea":616352,"resarea":0,"officearea":592252,"retailarea":24100,"numfloors":29,"numbldgs":2,"unitsres":0,"unitstotal":17,"yearbuilt":1902,"yearalter1":2013,"builtfar":18.77,"residfar":10,"commfar":15,"facilfar":15,"lotfront":197.5,"lotdepth":185,"borough":"MN","block":841,"lot":49}},{"type":"Feature","geometry":{"type":"Polygon","coordinates":[[[-73.984625,40.753298],[-73.984733,40.753149],[-73.985057,40.753285],[-73.984949,40.753434],[-73.984625,40.753298]]]},"properties":{"bbl":"1008410089","address":"1054 AVENUE OF THE AMERICAS","owner":"80 WEST 40TH STREET ASSOCIATES, LLC","bldgclass":"O6","landuse":"05","zonedist1":"C6-4.5","zonedist2":null,"overlay1":null,"spdist1":"MiD","lotarea":5950,"bldgarea":61304,"comarea":61304,"resarea":0,"officearea":54804,"retailarea":6500,"numfloors":10,"numbldgs":1,"unitsres":0,"unitstotal":30,"yearbuilt":1901,"yearalter1":1984,"builtfar":10.3,"residfar":10,"commfar":12,"facilfar":12,"lotfront":59.5,"lotdepth":100,"borough":"MN","block":841,"lot":89}},{"type":"Feature","geometry":{"type":"Polygon","coordinates":[[[-73.982775,40.75252],[-73.982952,40.752276],[-73.983029,40.752309],[-73.983103,40.75234],[-73.983162,40.752364],[-73.98334,40.75212],[-73.983403,40.752147],[-73.983225,40.752391],[-73.983274,40.752412],[-73.983097,40.752655],[-73.982926,40.752583],[-73.982852,40.752552],[-73.982775,40.75252]]]},"properties":{"bbl":"1008417501","address":"16 WEST 40 STREET","owner":"UNAVAILABLE OWNER","bldgclass":"RM","landuse":"04","zonedist1":"C5-3","zonedist2":"M1-9A/R12","overlay1":null,"spdist1":"MiD","lotarea":12178,"bldgarea":184712,"comarea":0,"resarea":85406,"officearea":0,"retailarea":0,"numfloors":33,"numbldgs":1,"unitsres":57,"unitstotal":58,"yearbuilt":2015,"yearalter1":2014,"builtfar":15.17,"residfar":10,"commfar":15,"facilfar":15,"lotfront":0,"lotdepth":0,"borough":"MN","block":841,"lot":7501}},{"type":"Feature","geometry":{"type":"Polygon","coordinates":[[[-73.98344,40.752481],[-73.983263,40.752725],[-73.983097,40.752655],[-73.983274,40.752412],[-73.983424,40.752475],[-73.98344,40.752481]]]},"properties":{"bbl":"1008417502","address":"24 WEST 40 STREET","owner":"UNAVAILABLE OWNER","bldgclass":"RC","landuse":"05","zonedist1":"C5-3","zonedist2":null,"overlay1":null,"spdist1":"MiD","lotarea":5184,"bldgarea":62883,"comarea":62883,"resarea":0,"officearea":52115,"retailarea":10768,"numfloors":17,"numbldgs":1,"unitsres":0,"unitstotal":16,"yearbuilt":1925,"yearalter1":2001,"builtfar":12.13,"residfar":10,"commfar":15,"facilfar":15,"lotfront":0,"lotdepth":0,"borough":"MN","block":841,"lot":7502}},{"type":"Feature","geometry":{"type":"Polygon","coordinates":[[[-73.985126,40.753191],[-73.985057,40.753285],[-73.984733,40.753149],[-73.984802,40.753055],[-73.985126,40.753191]]]},"properties":{"bbl":"1008417503","address":"1050 AVENUE OF THE AMERICAS","owner":"1050 AVENUE OF THE AMERICAS LLC","bldgclass":"RM","landuse":"04","zonedist1":"C6-4.5","zonedist2":null,"overlay1":null,"spdist1":"MiD","lotarea":3940,"bldgarea":64470,"comarea":3929,"resarea":60541,"officearea":0,"retailarea":3929,"numfloors":24,"numbldgs":1,"unitsres":62,"unitstotal":63,"yearbuilt":2017,"yearalter1":2017,"builtfar":16.36,"residfar":10,"commfar":12,"facilfar":12,"lotfront":39.33,"lotdepth":100,"borough":"MN","block":841,"lot":7503}},{"type":"Feature","geometry":{"type":"Polygon","coordinates":[[[-73.980486,40.751376],[-73.980563,40.75127],[-73.980943,40.75143],[-73.980865,40.751536],[-73.980486,40.751376]]]},"properties":{"bbl":"1008690058","address":"274 MADISON AVENUE","owner":"274 MADISON CO","bldgclass":"O6","landuse":"05","zonedist1":"C5-3","zonedist2":null,"overlay1":null,"spdist1":"MiD","lotarea":5370,"bldgarea":91212,"comarea":91212,"resarea":0,"officearea":85212,"retailarea":6000,"numfloors":19,"numbldgs":1,"unitsres":0,"unitstotal":56,"yearbuilt":1927,"yearalter1":0,"builtfar":16.99,"residfar":10,"commfar":15,"facilfar":15,"lotfront":44.75,"lotdepth":120,"borough":"MN","block":869,"lot":58}},{"type":"Feature","geometry":{"type":"Polygon","coordinates":[[[-73.980486,40.751376],[-73.980865,40.751536],[-73.980762,40.751678],[-73.980382,40.751518],[-73.980486,40.751376]]]},"properties":{"bbl":"1008690061","address":"278 MADISON AVENUE","owner":"DOM BEN REALTY CORP","bldgclass":"O6","landuse":"05","zonedist1":"C5-3","zonedist2":null,"overlay1":null,"spdist1":"MiD","lotarea":6480,"bldgarea":74186,"comarea":74186,"resarea":0,"officearea":68186,"retailarea":6000,"numfloors":14,"numbldgs":1,"unitsres":0,"unitstotal":75,"yearbuilt":1930,"yearalter1":1988,"builtfar":11.45,"residfar":10,"commfar":15,"facilfar":15,"lotfront":54,"lotdepth":120,"borough":"MN","block":869,"lot":61}},{"type":"Feature","geometry":{"type":"Polygon","coordinates":[[[-73.981276,40.751252],[-73.981506,40.751349],[-73.981329,40.751592],[-73.981335,40.751595],[-73.981154,40.751843],[-73.980927,40.751747],[-73.981107,40.751499],[-73.981099,40.751495],[-73.981276,40.751252]]]},"properties":{"bbl":"1008690066","address":"10 EAST 40 STREET","owner":"ROBNET 40TH STREET    .","bldgclass":"O4","landuse":"05","zonedist1":"C5-2.5","zonedist2":null,"overlay1":null,"spdist1":"MiD","lotarea":14714,"bldgarea":442042,"comarea":442042,"resarea":0,"officearea":409090,"retailarea":32952,"numfloors":48,"numbldgs":1,"unitsres":0,"unitstotal":86,"yearbuilt":1928,"yearalter1":2008,"builtfar":30.04,"residfar":10,"commfar":12,"facilfar":12,"lotfront":74,"lotdepth":197.5,"borough":"MN","block":869,"lot":66}},{"type":"Feature","geometry":{"type":"Polygon","coordinates":[[[-73.98734,40.754885],[-73.987374,40.754838],[-73.987571,40.75492],[-73.987537,40.754967],[-73.98734,40.754885]]]},"properties":{"bbl":"1009930003","address":"567 7 AVENUE","owner":"567 MANAGEMENT LLC","bldgclass":"K4","landuse":"04","zonedist1":"C5-3","zonedist2":null,"overlay1":null,"spdist1":"MiD","lotarea":1185,"bldgarea":4149,"comarea":4149,"resarea":0,"officearea":888,"retailarea":3261,"numfloors":4,"numbldgs":1,"unitsres":0,"unitstotal":2,"yearbuilt":1900,"yearalter1":0,"builtfar":3.5,"residfar":10,"commfar":15,"facilfar":15,"lotfront":19.75,"lotdepth":60,"borough":"MN","block":993,"lot":3}},{"type":"Feature","geometry":{"type":"Polygon","coordinates":[[[-73.987121,40.754692],[-73.987157,40.754646],[-73.986964,40.75461],[-73.987005,40.75448],[-73.987275,40.754594],[-73.987194,40.754706],[-73.987121,40.754692]]]},"properties":{"bbl":"1009930007","address":"1431 BROADWAY","owner":"1431 ASSOCIATES, LLC","bldgclass":"O6","landuse":"05","zonedist1":"C5-3","zonedist2":null,"overlay1":null,"spdist1":"MiD","lotarea":3248,"bldgarea":37645,"comarea":37645,"resarea":0,"officearea":31645,"retailarea":6000,"numfloors":12,"numbldgs":1,"unitsres":0,"unitstotal":12,"yearbuilt":1924,"yearalter1":0,"builtfar":11.59,"residfar":10,"commfar":15,"facilfar":15,"lotfront":47.67,"lotdepth":82.75,"borough":"MN","block":993,"lot":7}},{"type":"Feature","geometry":{"type":"Polygon","coordinates":[[[-73.986907,40.754792],[-73.986964,40.75461],[-73.987157,40.754646],[-73.987121,40.754692],[-73.987067,40.754759],[-73.98714,40.754773],[-73.9871,40.754829],[-73.986907,40.754792]]]},"properties":{"bbl":"1009930008","address":"1435 BROADWAY","owner":"1435 BROADWAY LLC","bldgclass":"K2","landuse":"05","zonedist1":"C5-3","zonedist2":null,"overlay1":null,"spdist1":"MiD","lotarea":3250,"bldgarea":22855,"comarea":22855,"resarea":0,"officearea":0,"retailarea":22855,"numfloors":6,"numbldgs":1,"unitsres":0,"unitstotal":8,"yearbuilt":1965,"yearalter1":1989,"builtfar":7.03,"residfar":10,"commfar":15,"facilfar":15,"lotfront":65.17,"lotdepth":51.92,"borough":"MN","block":993,"lot":8}},{"type":"Feature","geometry":{"type":"Polygon","coordinates":[[[-73.985862,40.754308],[-73.985801,40.754283],[-73.985622,40.754529],[-73.985426,40.754447],[-73.98578,40.753962],[-73.986036,40.75407],[-73.985862,40.754308]]]},"properties":{"bbl":"1009930022","address":"115 WEST 40 STREET","owner":"114 W 41 OWNER BH LLC","bldgclass":"O4","landuse":"05","zonedist1":"C5-2.5","zonedist2":null,"overlay1":null,"spdist1":"MiD","lotarea":13800,"bldgarea":304345,"comarea":304345,"resarea":0,"officearea":291345,"retailarea":13000,"numfloors":22,"numbldgs":1,"unitsres":0,"unitstotal":79,"yearbuilt":1915,"yearalter1":1986,"builtfar":22.05,"residfar":10,"commfar":12,"facilfar":12,"lotfront":79.5,"lotdepth":197.5,"borough":"MN","block":993,"lot":22}},{"type":"Feature","geometry":{"type":"Polygon","coordinates":[[[-73.98537,40.754102],[-73.984979,40.753938],[-73.985154,40.753698],[-73.98578,40.753962],[-73.985426,40.754447],[-73.98519,40.754348],[-73.98537,40.754102]]]},"properties":{"bbl":"1009930029","address":"5 BRYANT PARK","owner":"5 BRYANT PARK PROPERTY INVESTORS IV, LLC","bldgclass":"O4","landuse":"05","zonedist1":"C5-3","zonedist2":null,"overlay1":null,"spdist1":"MiD","lotarea":27200,"bldgarea":654137,"comarea":654137,"resarea":0,"officearea":614006,"retailarea":40131,"numfloors":35,"numbldgs":1,"unitsres":0,"unitstotal":95,"yearbuilt":1958,"yearalter1":2015,"builtfar":24.05,"residfar":10,"commfar":15,"facilfar":15,"lotfront":200,"lotdepth":198,"borough":"MN","block":993,"lot":29}},{"type":"Feature","geometry":{"type":"Polygon","coordinates":[[[-73.985622,40.754529],[-73.985801,40.754283],[-73.985862,40.754308],[-73.985928,40.754336],[-73.985748,40.754582],[-73.985622,40.754529]]]},"properties":{"bbl":"1009930043","address":"120 WEST 41 STREET","owner":"41ST MIDTOWN, LLC","bldgclass":"H2","landuse":"05","zonedist1":"C5-2.5","zonedist2":null,"overlay1":null,"spdist1":"MiD","lotarea":3950,"bldgarea":68470,"comarea":null,"resarea":null,"officearea":null,"retailarea":null,"numfloors":26,"numbldgs":1,"unitsres":0,"unitstotal":1,"yearbuilt":2014,"yearalter1":0,"builtfar":17.33,"residfar":10,"commfar":12,"facilfar":12,"lotfront":40,"lotdepth":98.75,"borough":"MN","block":993,"lot":43}},{"type":"Feature","geometry":{"type":"Polygon","coordinates":[[[-73.986276,40.754564],[-73.986573,40.754688],[-73.986506,40.7549],[-73.98594,40.754663],[-73.98612,40.754417],[-73.986322,40.754501],[-73.986276,40.754564]]]},"properties":{"bbl":"1009930047","address":"1450 BROADWAY","owner":"1450 BROADWAY,  LLC","bldgclass":"O4","landuse":"05","zonedist1":"C5-3","zonedist2":null,"overlay1":null,"spdist1":"MiD","lotarea":13550,"bldgarea":362850,"comarea":362850,"resarea":0,"officearea":334140,"retailarea":14355,"numfloors":42,"numbldgs":1,"unitsres":0,"unitstotal":150,"yearbuilt":1931,"yearalter1":2017,"builtfar":26.78,"residfar":10,"commfar":15,"facilfar":15,"lotfront":76.83,"lotdepth":173.17,"borough":"MN","block":993,"lot":47}},{"type":"Feature","geometry":{"type":"Polygon","coordinates":[[[-73.98683,40.755037],[-73.986907,40.754792],[-73.9871,40.754829],[-73.987166,40.754841],[-73.987197,40.754854],[-73.98718,40.754878],[-73.987243,40.754905],[-73.987307,40.754931],[-73.98734,40.754885],[-73.987537,40.754967],[-73.987334,40.755248],[-73.98683,40.755037]]]},"properties":{"bbl":"1009930055","address":"1441 BROADWAY","owner":"LECHAR 1441 LLC","bldgclass":"O4","landuse":"05","zonedist1":"C6-7","zonedist2":null,"overlay1":null,"spdist1":"MiD","lotarea":18225,"bldgarea":494868,"comarea":494868,"resarea":0,"officearea":450730,"retailarea":44138,"numfloors":33,"numbldgs":1,"unitsres":0,"unitstotal":1,"yearbuilt":1929,"yearalter1":2017,"builtfar":27.15,"residfar":10,"commfar":15,"facilfar":15,"lotfront":92,"lotdepth":157.83,"borough":"MN","block":993,"lot":55}},{"type":"Feature","geometry":{"type":"Polygon","coordinates":[[[-73.987243,40.754905],[-73.987423,40.754656],[-73.987486,40.754683],[-73.987374,40.754838],[-73.98734,40.754885],[-73.987307,40.754931],[-73.987243,40.754905]]]},"properties":{"bbl":"1009930104","address":"147 WEST 40 STREET","owner":"MACE PROPERTIES INC","bldgclass":"K4","landuse":"04","zonedist1":"C5-3","zonedist2":null,"overlay1":null,"spdist1":"MiD","lotarea":1975,"bldgarea":5190,"comarea":5190,"resarea":0,"officearea":2000,"retailarea":3190,"numfloors":4,"numbldgs":1,"unitsres":0,"unitstotal":3,"yearbuilt":1900,"yearalter1":0,"builtfar":2.63,"residfar":10,"commfar":15,"facilfar":15,"lotfront":20,"lotdepth":98.75,"borough":"MN","block":993,"lot":104}},{"type":"Feature","geometry":{"type":"Polygon","coordinates":[[[-73.985298,40.755202],[-73.985654,40.754715],[-73.985967,40.754847],[-73.985786,40.755094],[-73.985784,40.755093],[-73.985771,40.755112],[-73.985686,40.755076],[-73.985699,40.755058],[-73.985619,40.755024],[-73.985444,40.755263],[-73.985298,40.755202]]]},"properties":{"bbl":"1009940045","address":"130 WEST 42 STREET","owner":"RYAN L.L.C.","bldgclass":"O4","landuse":"05","zonedist1":"C6-7","zonedist2":"C5-2.5","overlay1":null,"spdist1":"MiD","lotarea":14246,"bldgarea":217855,"comarea":217855,"resarea":0,"officearea":202355,"retailarea":15500,"numfloors":29,"numbldgs":1,"unitsres":0,"unitstotal":74,"yearbuilt":1918,"yearalter1":1985,"builtfar":15.29,"residfar":10,"commfar":15,"facilfar":15,"lotfront":100,"lotdepth":197.5,"borough":"MN","block":994,"lot":45}},{"type":"Feature","geometry":{"type":"Polygon","coordinates":[[[-73.984312,40.756229],[-73.984095,40.756138],[-73.984271,40.755892],[-73.984669,40.756058],[-73.984493,40.756304],[-73.984312,40.756229]]]},"properties":{"bbl":"1009960021","address":"113 WEST 43 STREET","owner":"TOWN HALL FOUNDATION","bldgclass":"P1","landuse":"05","zonedist1":"C6-5.5","zonedist2":"C6-6","overlay1":null,"spdist1":"MiD","lotarea":12563,"bldgarea":60750,"comarea":60750,"resarea":0,"officearea":0,"retailarea":0,"numfloors":7,"numbldgs":1,"unitsres":0,"unitstotal":1,"yearbuilt":1921,"yearalter1":1985,"builtfar":4.84,"residfar":10,"commfar":12,"facilfar":12,"lotfront":125,"lotdepth":100.42,"borough":"MN","block":996,"lot":21}},{"type":"Feature","geometry":{"type":"Polygon","coordinates":[[[-73.985298,40.756959],[-73.985229,40.75693],[-73.985404,40.756685],[-73.985473,40.756714],[-73.985298,40.756959]]]},"properties":{"bbl":"1009960156","address":"158 WEST 44 STREET","owner":"NEW GROWING  INC","bldgclass":"C7","landuse":"04","zonedist1":"C6-7T","zonedist2":null,"overlay1":null,"spdist1":"MiD","lotarea":2410,"bldgarea":10350,"comarea":5340,"resarea":5010,"officearea":0,"retailarea":3340,"numfloors":5,"numbldgs":1,"unitsres":9,"unitstotal":10,"yearbuilt":1920,"yearalter1":0,"builtfar":4.29,"residfar":10,"commfar":14,"facilfar":14,"lotfront":24,"lotdepth":100.42,"borough":"MN","block":996,"lot":156}},{"type":"Feature","geometry":{"type":"Polygon","coordinates":[[[-73.983912,40.756873],[-73.984093,40.756626],[-73.984408,40.756759],[-73.984227,40.757006],[-73.983912,40.756873]]]},"properties":{"bbl":"1009970019","address":"123 WEST 44 STREET","owner":"METROPOLITIAN TIMES SQUARE ASSOCIATES LL C","bldgclass":"HS","landuse":"05","zonedist1":"C6-5.5","zonedist2":null,"overlay1":null,"spdist1":"MiD","lotarea":10000,"bldgarea":115355,"comarea":12135,"resarea":0,"officearea":0,"retailarea":12135,"numfloors":13,"numbldgs":1,"unitsres":112,"unitstotal":115,"yearbuilt":1894,"yearalter1":1982,"builtfar":11.54,"residfar":10,"commfar":12,"facilfar":12,"lotfront":100,"lotdepth":100.42,"borough":"MN","block":997,"lot":19}},{"type":"Feature","geometry":{"type":"Polygon","coordinates":[[[-73.983785,40.75682],[-73.983486,40.756694],[-73.983667,40.756446],[-73.984093,40.756626],[-73.983912,40.756873],[-73.983785,40.75682]]]},"properties":{"bbl":"1009970023","address":"111 WEST 44 STREET","owner":"BELASCO THEATRE CORPORATION","bldgclass":"J4","landuse":"05","zonedist1":"C6-6","zonedist2":"C6-5.5","overlay1":null,"spdist1":"MiD","lotarea":12552,"bldgarea":49500,"comarea":49500,"resarea":0,"officearea":0,"retailarea":0,"numfloors":4,"numbldgs":1,"unitsres":0,"unitstotal":1,"yearbuilt":1907,"yearalter1":2009,"builtfar":3.94,"residfar":10,"commfar":15,"facilfar":15,"lotfront":125,"lotdepth":100.42,"borough":"MN","block":997,"lot":23}},{"type":"Feature","geometry":{"type":"Polygon","coordinates":[[[-73.983836,40.757594],[-73.983982,40.757394],[-73.984046,40.75742],[-73.984109,40.757447],[-73.984172,40.757474],[-73.984282,40.75752],[-73.984103,40.757765],[-73.984056,40.757745],[-73.984008,40.757725],[-73.983993,40.757719],[-73.983929,40.757692],[-73.983866,40.757665],[-73.983803,40.757639],[-73.983836,40.757594]]]},"properties":{"bbl":"1009980015","address":"135 WEST 45 STREET","owner":"HHC TS REIT LLC","bldgclass":"H2","landuse":"05","zonedist1":"C6-5.5","zonedist2":null,"overlay1":null,"spdist1":"MiD","lotarea":9510,"bldgarea":304831,"comarea":null,"resarea":null,"officearea":null,"retailarea":null,"numfloors":53,"numbldgs":1,"unitsres":0,"unitstotal":1,"yearbuilt":2009,"yearalter1":0,"builtfar":32.05,"residfar":10,"commfar":12,"facilfar":12,"lotfront":94.7,"lotdepth":100.42,"borough":"MN","block":998,"lot":15}},{"type":"Feature","geometry":{"type":"Polygon","coordinates":[[[-73.983021,40.75731],[-73.983201,40.757065],[-73.98339,40.757144],[-73.983211,40.75739],[-73.983021,40.75731]]]},"properties":{"bbl":"1009980026","address":"109 WEST 45 STREET","owner":"S & G HOTEL CORP","bldgclass":"H3","landuse":"05","zonedist1":"C6-6","zonedist2":null,"overlay1":null,"spdist1":"MiD","lotarea":6025,"bldgarea":57909,"comarea":null,"resarea":null,"officearea":null,"retailarea":null,"numfloors":12,"numbldgs":1,"unitsres":0,"unitstotal":1,"yearbuilt":1900,"yearalter1":2004,"builtfar":9.61,"residfar":10,"commfar":15,"facilfar":15,"lotfront":60,"lotdepth":100.42,"borough":"MN","block":998,"lot":26}},{"type":"Feature","geometry":{"type":"Polygon","coordinates":[[[-73.983087,40.757672],[-73.983274,40.757416],[-73.983353,40.757449],[-73.983432,40.757483],[-73.983464,40.757438],[-73.983593,40.757492],[-73.983653,40.757517],[-73.983836,40.757594],[-73.983803,40.757639],[-73.983756,40.757619],[-73.983569,40.757875],[-73.983087,40.757672]]]},"properties":{"bbl":"1009980041","address":"114 WEST 46 STREET","owner":"NYC DEPARTMENT OF EDUCATION","bldgclass":"W1","landuse":"08","zonedist1":"C6-5.5","zonedist2":null,"overlay1":null,"spdist1":"MiD","lotarea":17180,"bldgarea":54649,"comarea":54649,"resarea":0,"officearea":0,"retailarea":0,"numfloors":5,"numbldgs":1,"unitsres":0,"unitstotal":1,"yearbuilt":1894,"yearalter1":1991,"builtfar":3.18,"residfar":10,"commfar":12,"facilfar":12,"lotfront":150,"lotdepth":100.42,"borough":"MN","block":998,"lot":41}},{"type":"Feature","geometry":{"type":"Polygon","coordinates":[[[-73.983869,40.758001],[-73.984056,40.757745],[-73.984103,40.757765],[-73.983916,40.758021],[-73.983869,40.758001]]]},"properties":{"bbl":"1009980051","address":"136 WEST 46 STREET","owner":"136 W 46 LLC","bldgclass":"O5","landuse":"05","zonedist1":"C6-5.5","zonedist2":null,"overlay1":null,"spdist1":"MiD","lotarea":1506,"bldgarea":4920,"comarea":4920,"resarea":0,"officearea":2565,"retailarea":2355,"numfloors":5,"numbldgs":1,"unitsres":0,"unitstotal":8,"yearbuilt":1920,"yearalter1":0,"builtfar":3.27,"residfar":10,"commfar":12,"facilfar":12,"lotfront":15,"lotdepth":100.42,"borough":"MN","block":998,"lot":51}},{"type":"Feature","geometry":{"type":"Polygon","coordinates":[[[-73.984679,40.758342],[-73.984718,40.758288],[-73.98504,40.758423],[-73.985001,40.758477],[-73.984679,40.758342]]]},"properties":{"bbl":"1009980061","address":"1550 BROADWAY","owner":"1550 BROADWAY, LLC","bldgclass":"K4","landuse":"04","zonedist1":"C6-7T","zonedist2":null,"overlay1":null,"spdist1":"MiD","lotarea":2090,"bldgarea":7263,"comarea":7263,"resarea":0,"officearea":5263,"retailarea":2000,"numfloors":4,"numbldgs":1,"unitsres":0,"unitstotal":4,"yearbuilt":1939,"yearalter1":0,"builtfar":3.48,"residfar":10,"commfar":14,"facilfar":14,"lotfront":20.75,"lotdepth":100,"borough":"MN","block":998,"lot":61}},{"type":"Feature","geometry":{"type":"Polygon","coordinates":[[[-73.984824,40.758703],[-73.984561,40.758592],[-73.984634,40.758492],[-73.984896,40.758603],[-73.984824,40.758703]]]},"properties":{"bbl":"1009990001","address":"1552 BROADWAY","owner":"1552 BROADWAY FEE OWNER LLC","bldgclass":"K2","landuse":"05","zonedist1":"C6-7T","zonedist2":null,"overlay1":null,"spdist1":"MiD","lotarea":3234,"bldgarea":12343,"comarea":12343,"resarea":0,"officearea":0,"retailarea":12343,"numfloors":4,"numbldgs":1,"unitsres":0,"unitstotal":1,"yearbuilt":1926,"yearalter1":2013,"builtfar":3.82,"residfar":10,"commfar":14,"facilfar":14,"lotfront":40.42,"lotdepth":80,"borough":"MN","block":999,"lot":1}},{"type":"Feature","geometry":{"type":"Polygon","coordinates":[[[-73.983261,40.758564],[-73.98344,40.758311],[-73.9834,40.758295],[-73.98358,40.758045],[-73.983977,40.758213],[-73.983801,40.758458],[-73.983738,40.758431],[-73.983553,40.758687],[-73.983261,40.758564]]]},"properties":{"bbl":"1009990012","address":"143 WEST 46 STREET","owner":"EPIS CHUR ST MARY VIR","bldgclass":"M1","landuse":"08","zonedist1":"C6-5.5","zonedist2":null,"overlay1":null,"spdist1":"MiD","lotarea":21966,"bldgarea":45604,"comarea":45604,"resarea":0,"officearea":0,"retailarea":0,"numfloors":5.5,"numbldgs":1,"unitsres":0,"unitstotal":1,"yearbuilt":1895,"yearalter1":0,"builtfar":2.08,"residfar":10,"commfar":12,"facilfar":12,"lotfront":125,"lotdepth":200.83,"borough":"MN","block":999,"lot":12}},{"type":"Feature","geometry":{"type":"Polygon","coordinates":[[[-73.983844,40.75881],[-73.984026,40.758553],[-73.984067,40.75857],[-73.984135,40.758599],[-73.984458,40.758736],[-73.98472,40.758847],[-73.984684,40.758897],[-73.984612,40.758997],[-73.984536,40.759103],[-73.984273,40.758992],[-73.983844,40.75881]]]},"properties":{"bbl":"1009997501","address":"1568A BROADWAY","owner":"UNAVAILABLE OWNER","bldgclass":"RC","landuse":"05","zonedist1":"C6-7T","zonedist2":"C6-5.5","overlay1":null,"spdist1":"MiD","lotarea":21758,"bldgarea":498782,"comarea":66819,"resarea":0,"officearea":0,"retailarea":0,"numfloors":47,"numbldgs":1,"unitsres":0,"unitstotal":2,"yearbuilt":1989,"yearalter1":2019,"builtfar":22.92,"residfar":10,"commfar":14,"facilfar":14,"lotfront":100.42,"lotdepth":216.67,"borough":"MN","block":999,"lot":7501}},{"type":"Feature","geometry":{"type":"Polygon","coordinates":[[[-73.98282,40.759183],[-73.982995,40.758941],[-73.983111,40.75899],[-73.983295,40.759067],[-73.983377,40.759102],[-73.983378,40.759102],[-73.983202,40.759345],[-73.98312,40.75931],[-73.98282,40.759183]]]},"properties":{"bbl":"1010000049","address":"138 WEST 48 STREET","owner":"CORT THEATRE LLC","bldgclass":"J4","landuse":"05","zonedist1":"C6-5.5","zonedist2":null,"overlay1":null,"spdist1":"MiD","lotarea":12050,"bldgarea":22500,"comarea":22500,"resarea":0,"officearea":0,"retailarea":0,"numfloors":5,"numbldgs":1,"unitsres":0,"unitstotal":1,"yearbuilt":1913,"yearalter1":2006,"builtfar":1.87,"residfar":10,"commfar":12,"facilfar":12,"lotfront":120,"lotdepth":100.42,"borough":"MN","block":1000,"lot":49}},{"type":"Feature","geometry":{"type":"Polygon","coordinates":[[[-73.983378,40.759102],[-73.983377,40.759102],[-73.983295,40.759067],[-73.983111,40.75899],[-73.983295,40.758735],[-73.983669,40.758893],[-73.983486,40.759147],[-73.983379,40.759102],[-73.983378,40.759102]]]},"properties":{"bbl":"1010007501","address":"145 WEST 47TH STREET","owner":"CLARITY 47 LLC","bldgclass":"RH","landuse":"05","zonedist1":"C6-5.5","zonedist2":null,"overlay1":null,"spdist1":"MiD","lotarea":12050,"bldgarea":396174,"comarea":30233,"resarea":0,"officearea":0,"retailarea":0,"numfloors":48,"numbldgs":1,"unitsres":0,"unitstotal":671,"yearbuilt":2018,"yearalter1":0,"builtfar":32.88,"residfar":10,"commfar":12,"facilfar":12,"lotfront":120,"lotdepth":100.42,"borough":"MN","block":1000,"lot":7501}},{"type":"Feature","geometry":{"type":"Polygon","coordinates":[[[-73.983202,40.759345],[-73.983378,40.759102],[-73.983379,40.759102],[-73.983486,40.759147],[-73.983542,40.759171],[-73.983647,40.759214],[-73.983702,40.759238],[-73.983746,40.759256],[-73.983809,40.759282],[-73.983867,40.759307],[-73.98369,40.759552],[-73.983632,40.759527],[-73.983526,40.759482],[-73.983471,40.759459],[-73.983366,40.759414],[-73.983202,40.759345]]]},"properties":{"bbl":"1010007502","address":"150 WEST 48TH STREET","owner":"TMHCR 48TH STREET LLC","bldgclass":"RH","landuse":"05","zonedist1":"C6-5.5","zonedist2":"C6-7T","overlay1":null,"spdist1":"MiD","lotarea":15565,"bldgarea":289415,"comarea":null,"resarea":null,"officearea":null,"retailarea":null,"numfloors":38,"numbldgs":1,"unitsres":0,"unitstotal":2,"yearbuilt":2020,"yearalter1":0,"builtfar":18.59,"residfar":10,"commfar":12,"facilfar":12,"lotfront":155,"lotdepth":100.42,"borough":"MN","block":1000,"lot":7502}},{"type":"Feature","geometry":{"type":"Polygon","coordinates":[[[-73.982659,40.760118],[-73.982467,40.760383],[-73.98222,40.760279],[-73.982062,40.760497],[-73.980655,40.759906],[-73.981001,40.759422],[-73.982659,40.760118]]]},"properties":{"bbl":"1010027501","address":"1251 AVENUE OF THE AMERICAS","owner":"UNAVAILABLE OWNER","bldgclass":"RC","landuse":"05","zonedist1":"C6-5.5","zonedist2":"C5-3","overlay1":null,"spdist1":"MiD","lotarea":98206,"bldgarea":1793091,"comarea":1793091,"resarea":0,"officearea":1771454,"retailarea":21637,"numfloors":54,"numbldgs":1,"unitsres":0,"unitstotal":56,"yearbuilt":1970,"yearalter1":0,"builtfar":18.26,"residfar":10,"commfar":12,"facilfar":12,"lotfront":200.83,"lotdepth":528,"borough":"MN","block":1002,"lot":7501}},{"type":"Feature","geometry":{"type":"Polygon","coordinates":[[[-73.98891,40.755915],[-73.988651,40.755805],[-73.988836,40.75555],[-73.988626,40.755462],[-73.988793,40.755232],[-73.989261,40.75543],[-73.98891,40.755915]]]},"properties":{"bbl":"1010120015","address":"230 WEST 41 STREET","owner":"230 WEST 41ST STREET, LLC","bldgclass":"O4","landuse":"05","zonedist1":"M1-9A/R12","zonedist2":"C6-6.5","overlay1":null,"spdist1":"MSX","lotarea":22713,"bldgarea":268420,"comarea":268420,"resarea":0,"officearea":237420,"retailarea":18000,"numfloors":20,"numbldgs":1,"unitsres":0,"unitstotal":17,"yearbuilt":1923,"yearalter1":0,"builtfar":11.82,"residfar":15,"commfar":15,"facilfar":15,"lotfront":150,"lotdepth":197.5,"borough":"MN","block":1012,"lot":15}},{"type":"Feature","geometry":{"type":"Polygon","coordinates":[[[-73.988621,40.75516],[-73.988793,40.755232],[-73.988626,40.755462],[-73.98858,40.755443],[-73.988457,40.755391],[-73.988621,40.75516]]]},"properties":{"bbl":"1010120023","address":"215 WEST 40 STREET","owner":"HESKELS CAPITAL LLC","bldgclass":"O6","landuse":"05","zonedist1":"M1-9A/R12","zonedist2":null,"overlay1":null,"spdist1":"MSX","lotarea":4937,"bldgarea":65186,"comarea":65186,"resarea":0,"officearea":60286,"retailarea":4900,"numfloors":14,"numbldgs":1,"unitsres":0,"unitstotal":16,"yearbuilt":1924,"yearalter1":0,"builtfar":13.2,"residfar":15,"commfar":15,"facilfar":15,"lotfront":50,"lotdepth":98.75,"borough":"MN","block":1012,"lot":23}},{"type":"Feature","geometry":{"type":"Polygon","coordinates":[[[-73.988457,40.755391],[-73.988379,40.755358],[-73.988546,40.755128],[-73.988621,40.75516],[-73.988457,40.755391]]]},"properties":{"bbl":"1010120025","address":"213 WEST 40 STREET","owner":"FUTURE 40TH STREET REALTY LLC","bldgclass":"O5","landuse":"05","zonedist1":"M1-9A/R12","zonedist2":null,"overlay1":null,"spdist1":"MSX","lotarea":2469,"bldgarea":13350,"comarea":13350,"resarea":0,"officearea":8900,"retailarea":4450,"numfloors":6,"numbldgs":1,"unitsres":0,"unitstotal":6,"yearbuilt":1910,"yearalter1":1984,"builtfar":5.41,"residfar":15,"commfar":15,"facilfar":15,"lotfront":25,"lotdepth":98.75,"borough":"MN","block":1012,"lot":25}},{"type":"Feature","geometry":{"type":"Polygon","coordinates":[[[-73.988379,40.755358],[-73.988222,40.755292],[-73.988389,40.755062],[-73.988546,40.755128],[-73.988379,40.755358]]]},"properties":{"bbl":"1010120026","address":"209 WEST 40 STREET","owner":"211 WEST 40TH STREET, INC.","bldgclass":"O3","landuse":"05","zonedist1":"M1-9A/R12","zonedist2":null,"overlay1":null,"spdist1":"MSX","lotarea":4938,"bldgarea":32237,"comarea":32237,"resarea":0,"officearea":32237,"retailarea":0,"numfloors":7,"numbldgs":1,"unitsres":0,"unitstotal":7,"yearbuilt":1912,"yearalter1":1983,"builtfar":6.53,"residfar":15,"commfar":15,"facilfar":15,"lotfront":50,"lotdepth":98.75,"borough":"MN","block":1012,"lot":26}},{"type":"Feature","geometry":{"type":"Polygon","coordinates":[[[-73.988389,40.755062],[-73.988222,40.755292],[-73.988139,40.755257],[-73.988172,40.755211],[-73.987855,40.755077],[-73.987988,40.754893],[-73.988389,40.755062]]]},"properties":{"bbl":"1010120029","address":"205 WEST 40 STREET","owner":"560 SEVENTH AVENUE OWNER PRIMARY LLC","bldgclass":"H1","landuse":"05","zonedist1":"M1-9A/R12","zonedist2":null,"overlay1":null,"spdist1":"MSX","lotarea":9876,"bldgarea":158519,"comarea":16221,"resarea":0,"officearea":0,"retailarea":14993,"numfloors":29,"numbldgs":1,"unitsres":0,"unitstotal":3,"yearbuilt":2018,"yearalter1":0,"builtfar":16.05,"residfar":15,"commfar":15,"facilfar":15,"lotfront":74.17,"lotdepth":125,"borough":"MN","block":1012,"lot":29}},{"type":"Feature","geometry":{"type":"Polygon","coordinates":[[[-73.987855,40.755077],[-73.988172,40.755211],[-73.988139,40.755257],[-73.988086,40.75533],[-73.987768,40.755197],[-73.987855,40.755077]]]},"properties":{"bbl":"1010120032","address":"566 7 AVENUE","owner":"EBM DEVELOPMENT CO.LTD.","bldgclass":"O6","landuse":"05","zonedist1":"C6-7","zonedist2":"M1-9A/R12","overlay1":null,"spdist1":"MiD","lotarea":5070,"bldgarea":38276,"comarea":38276,"resarea":0,"officearea":29776,"retailarea":8500,"numfloors":9,"numbldgs":1,"unitsres":0,"unitstotal":25,"yearbuilt":1923,"yearalter1":1957,"builtfar":7.55,"residfar":10,"commfar":15,"facilfar":15,"lotfront":50.58,"lotdepth":100,"borough":"MN","block":1012,"lot":32}},{"type":"Feature","geometry":{"type":"Polygon","coordinates":[[[-73.988037,40.755547],[-73.988222,40.755292],[-73.988379,40.755358],[-73.988457,40.755391],[-73.98858,40.755443],[-73.988396,40.755698],[-73.988037,40.755547]]]},"properties":{"bbl":"1010120038","address":"208 WEST 41 STREET","owner":"J. NED, INC.","bldgclass":"J4","landuse":"05","zonedist1":"C6-7","zonedist2":"C6-6.5","overlay1":null,"spdist1":"MiD","lotarea":10961,"bldgarea":26500,"comarea":26500,"resarea":0,"officearea":0,"retailarea":0,"numfloors":5,"numbldgs":1,"unitsres":0,"unitstotal":1,"yearbuilt":1921,"yearalter1":0,"builtfar":2.42,"residfar":10,"commfar":15,"facilfar":15,"lotfront":111,"lotdepth":98.75,"borough":"MN","block":1012,"lot":38}},{"type":"Feature","geometry":{"type":"Polygon","coordinates":[[[-73.988396,40.755698],[-73.98858,40.755443],[-73.988626,40.755462],[-73.988836,40.75555],[-73.988651,40.755805],[-73.988396,40.755698]]]},"properties":{"bbl":"1010120042","address":"220 WEST 41 STREET","owner":"WOODBRANCH TIMES SQUARE, LLC","bldgclass":"H2","landuse":"05","zonedist1":"C6-6.5","zonedist2":null,"overlay1":null,"spdist1":"MiD","lotarea":8295,"bldgarea":141335,"comarea":21114,"resarea":0,"officearea":0,"retailarea":0,"numfloors":30,"numbldgs":1,"unitsres":0,"unitstotal":1,"yearbuilt":2013,"yearalter1":0,"builtfar":17.04,"residfar":10,"commfar":12,"facilfar":12,"lotfront":84,"lotdepth":98.75,"borough":"MN","block":1012,"lot":42}},{"type":"Feature","geometry":{"type":"Polygon","coordinates":[[[-73.989261,40.75543],[-73.990521,40.75596],[-73.990169,40.756445],[-73.98891,40.755915],[-73.989261,40.75543]]]},"properties":{"bbl":"1010127501","address":"620 8 AVENUE","owner":"NYC ECONOMIC DEVELOPMENT CORPORATION","bldgclass":"RI","landuse":"05","zonedist1":"M1-9A/R12","zonedist2":"C6-6.5","overlay1":null,"spdist1":"MiD","lotarea":79000,"bldgarea":1259189,"comarea":1259189,"resarea":0,"officearea":1136272,"retailarea":85433,"numfloors":52,"numbldgs":1,"unitsres":0,"unitstotal":57,"yearbuilt":2003,"yearalter1":0,"builtfar":15.94,"residfar":15,"commfar":15,"facilfar":15,"lotfront":197.5,"lotdepth":400,"borough":"MN","block":1012,"lot":7501}},{"type":"Feature","geometry":{"type":"Polygon","coordinates":[[[-73.989278,40.75624],[-73.989101,40.756484],[-73.989264,40.756552],[-73.989075,40.756811],[-73.988129,40.756413],[-73.988494,40.75591],[-73.989278,40.75624]]]},"properties":{"bbl":"1010130012","address":"234 WEST 42 STREET","owner":"NYC ECONOMIC DEVELOPMENT CORPORATION","bldgclass":"K4","landuse":"04","zonedist1":"C6-7","zonedist2":"C6-6.5","overlay1":null,"spdist1":"MiD","lotarea":54060,"bldgarea":275345,"comarea":275345,"resarea":0,"officearea":0,"retailarea":275345,"numfloors":15,"numbldgs":2,"unitsres":0,"unitstotal":14,"yearbuilt":1999,"yearalter1":0,"builtfar":5.09,"residfar":10,"commfar":15,"facilfar":15,"lotfront":297.17,"lotdepth":197.5,"borough":"MN","block":1013,"lot":12}},{"type":"Feature","geometry":{"type":"Polygon","coordinates":[[[-73.987379,40.755733],[-73.987542,40.755509],[-73.987941,40.755677],[-73.987761,40.755925],[-73.987844,40.75596],[-73.987659,40.756215],[-73.987177,40.756012],[-73.987379,40.755733]]]},"properties":{"bbl":"1010130029","address":"592 7 AVENUE","owner":"RXR 5TS OWNER LLC","bldgclass":"O4","landuse":"05","zonedist1":"C6-7","zonedist2":null,"overlay1":null,"spdist1":"MiD","lotarea":27156,"bldgarea":1100000,"comarea":1100000,"resarea":0,"officearea":1060000,"retailarea":40000,"numfloors":38,"numbldgs":1,"unitsres":0,"unitstotal":4,"yearbuilt":2000,"yearalter1":0,"builtfar":40.51,"residfar":10,"commfar":15,"facilfar":15,"lotfront":197.5,"lotdepth":150,"borough":"MN","block":1013,"lot":29}},{"type":"Feature","geometry":{"type":"Polygon","coordinates":[[[-73.987659,40.756215],[-73.987844,40.75596],[-73.987761,40.755925],[-73.987941,40.755677],[-73.988417,40.755877],[-73.988237,40.756126],[-73.988062,40.756052],[-73.987993,40.756023],[-73.987922,40.755993],[-73.987737,40.756248],[-73.987659,40.756215]]]},"properties":{"bbl":"1010130039","address":"214 WEST 42 STREET","owner":"NEW AMSTERDAM DEVELOPMENT CORPORATION","bldgclass":"J4","landuse":"05","zonedist1":"C6-7","zonedist2":"C6-6.5","overlay1":null,"spdist1":"MiD","lotarea":19250,"bldgarea":119905,"comarea":119905,"resarea":0,"officearea":75645,"retailarea":0,"numfloors":8,"numbldgs":1,"unitsres":0,"unitstotal":1,"yearbuilt":1903,"yearalter1":2008,"builtfar":6.23,"residfar":10,"commfar":15,"facilfar":15,"lotfront":25,"lotdepth":197.5,"borough":"MN","block":1013,"lot":39}},{"type":"Feature","geometry":{"type":"Polygon","coordinates":[[[-73.987809,40.756278],[-73.987737,40.756248],[-73.987922,40.755993],[-73.987993,40.756023],[-73.987809,40.756278]]]},"properties":{"bbl":"1010130040","address":"216 WEST 42 STREET","owner":"NYC ECONOMIC DEVELOPMENT CORPORATION","bldgclass":"J4","landuse":"05","zonedist1":"C6-7","zonedist2":null,"overlay1":null,"spdist1":"MiD","lotarea":2469,"bldgarea":6907,"comarea":6907,"resarea":0,"officearea":0,"retailarea":0,"numfloors":3,"numbldgs":1,"unitsres":0,"unitstotal":1,"yearbuilt":1920,"yearalter1":0,"builtfar":2.8,"residfar":10,"commfar":15,"facilfar":15,"lotfront":25,"lotdepth":98.75,"borough":"MN","block":1013,"lot":40}},{"type":"Feature","geometry":{"type":"Polygon","coordinates":[[[-73.987809,40.756278],[-73.987993,40.756023],[-73.988062,40.756052],[-73.987877,40.756307],[-73.987809,40.756278]]]},"properties":{"bbl":"1010130041","address":"218 WEST 42 STREET","owner":"NYC ECONOMIC DEVELOPMENT CORPORATION","bldgclass":"K4","landuse":"04","zonedist1":"C6-7","zonedist2":null,"overlay1":null,"spdist1":"MiD","lotarea":2234,"bldgarea":15641,"comarea":15641,"resarea":0,"officearea":0,"retailarea":2231,"numfloors":5,"numbldgs":1,"unitsres":0,"unitstotal":1,"yearbuilt":1914,"yearalter1":2006,"builtfar":7,"residfar":10,"commfar":15,"facilfar":15,"lotfront":22.62,"lotdepth":98.75,"borough":"MN","block":1013,"lot":41}},{"type":"Feature","geometry":{"type":"Polygon","coordinates":[[[-73.989264,40.756552],[-73.989479,40.756642],[-73.98929,40.756902],[-73.989075,40.756811],[-73.989264,40.756552]]]},"properties":{"bbl":"1010130057","address":"258 WEST 42 STREET","owner":"NYC ECONOMIC DEVELOPMENT CORPORATION","bldgclass":"J8","landuse":"05","zonedist1":"C6-7","zonedist2":null,"overlay1":null,"spdist1":"MiD","lotarea":6863,"bldgarea":170744,"comarea":170744,"resarea":0,"officearea":0,"retailarea":0,"numfloors":4,"numbldgs":1,"unitsres":0,"unitstotal":1,"yearbuilt":1999,"yearalter1":0,"builtfar":24.88,"residfar":10,"commfar":15,"facilfar":15,"lotfront":69.5,"lotdepth":98.75,"borough":"MN","block":1013,"lot":57}},{"type":"Feature","geometry":{"type":"Polygon","coordinates":[[[-73.987728,40.756506],[-73.98806,40.756646],[-73.987891,40.756883],[-73.987849,40.756865],[-73.987832,40.756889],[-73.987542,40.756767],[-73.987728,40.756506]]]},"properties":{"bbl":"1010140020","address":"215 WEST 42 STREET","owner":"NYC ECONOMIC DEVELOPMENT CORPORATION","bldgclass":"J4","landuse":"05","zonedist1":"C6-7","zonedist2":null,"overlay1":null,"spdist1":"MiD","lotarea":10401,"bldgarea":12176,"comarea":12176,"resarea":0,"officearea":0,"retailarea":0,"numfloors":3,"numbldgs":1,"unitsres":0,"unitstotal":1,"yearbuilt":1919,"yearalter1":2020,"builtfar":1.17,"residfar":10,"commfar":15,"facilfar":15,"lotfront":105,"lotdepth":100.42,"borough":"MN","block":1014,"lot":20}},{"type":"Feature","geometry":{"type":"Polygon","coordinates":[[[-73.988054,40.757801],[-73.987995,40.757883],[-73.987968,40.757871],[-73.987909,40.757953],[-73.987914,40.757955],[-73.987899,40.757977],[-73.98792,40.757986],[-73.987877,40.758046],[-73.987875,40.758045],[-73.987634,40.757943],[-73.98781,40.757698],[-73.98805,40.7578],[-73.988054,40.757801]]]},"properties":{"bbl":"1010150051","address":"240 WEST 44 STREET","owner":"240 WEST 44TH STREET TWO LLC","bldgclass":"J4","landuse":"05","zonedist1":"C6-5","zonedist2":null,"overlay1":null,"spdist1":"MiD","lotarea":7225,"bldgarea":24423,"comarea":24423,"resarea":0,"officearea":0,"retailarea":0,"numfloors":4.5,"numbldgs":1,"unitsres":0,"unitstotal":1,"yearbuilt":1912,"yearalter1":2016,"builtfar":3.38,"residfar":10,"commfar":10,"facilfar":10,"lotfront":75.5,"lotdepth":100.42,"borough":"MN","block":1015,"lot":51}},{"type":"Feature","geometry":{"type":"Polygon","coordinates":[[[-73.987618,40.757617],[-73.987443,40.757862],[-73.986867,40.757619],[-73.987223,40.757125],[-73.988229,40.75755],[-73.98805,40.7578],[-73.98781,40.757698],[-73.987618,40.757617]]]},"properties":{"bbl":"1010157501","address":"229 WEST 43 STREET","owner":"229 WEST 43RD STREET CONDOMINIUM","bldgclass":"RC","landuse":"05","zonedist1":"C6-5","zonedist2":null,"overlay1":null,"spdist1":"MiD","lotarea":50637,"bldgarea":589617,"comarea":589617,"resarea":0,"officearea":345701,"retailarea":243916,"numfloors":16,"numbldgs":1,"unitsres":0,"unitstotal":2,"yearbuilt":1932,"yearalter1":2008,"builtfar":11.64,"residfar":10,"commfar":10,"facilfar":10,"lotfront":318,"lotdepth":200.83,"borough":"MN","block":1015,"lot":7501}},{"type":"Feature","geometry":{"type":"Polygon","coordinates":[[[-73.987672,40.758454],[-73.987364,40.758326],[-73.987546,40.758075],[-73.987887,40.758217],[-73.987705,40.758468],[-73.987672,40.758454]]]},"properties":{"bbl":"1010160011","address":"235 WEST 44 STREET","owner":"THE SHUBERT ORGANIZATION INC","bldgclass":"J4","landuse":"05","zonedist1":"C6-5","zonedist2":null,"overlay1":null,"spdist1":"MiD","lotarea":10695,"bldgarea":26750,"comarea":26750,"resarea":0,"officearea":0,"retailarea":0,"numfloors":5,"numbldgs":1,"unitsres":0,"unitstotal":1,"yearbuilt":1918,"yearalter1":0,"builtfar":2.5,"residfar":10,"commfar":10,"facilfar":10,"lotfront":106.5,"lotdepth":100.42,"borough":"MN","block":1016,"lot":11}},{"type":"Feature","geometry":{"type":"Polygon","coordinates":[[[-73.986791,40.758411],[-73.987154,40.757912],[-73.987546,40.758075],[-73.987364,40.758326],[-73.987183,40.758574],[-73.986791,40.758411]]]},"properties":{"bbl":"1010160015","address":"222 WEST 45 STREET","owner":"SHUBERT AND BOOTH THEATRE, LLC","bldgclass":"J4","landuse":"05","zonedist1":"C6-5","zonedist2":null,"overlay1":null,"spdist1":"MiD","lotarea":25305,"bldgarea":60232,"comarea":60232,"resarea":0,"officearea":0,"retailarea":0,"numfloors":5,"numbldgs":2,"unitsres":0,"unitstotal":2,"yearbuilt":1913,"yearalter1":0,"builtfar":2.38,"residfar":10,"commfar":10,"facilfar":10,"lotfront":126.04,"lotdepth":200.83,"borough":"MN","block":1016,"lot":15}},{"type":"Feature","geometry":{"type":"Polygon","coordinates":[[[-73.987672,40.758454],[-73.987491,40.758703],[-73.987183,40.758574],[-73.987364,40.758326],[-73.987672,40.758454]]]},"properties":{"bbl":"1010160051","address":"234 WEST 45 STREET","owner":"SCHOENFELD THEATRE LLC","bldgclass":"J4","landuse":"05","zonedist1":"C6-5","zonedist2":null,"overlay1":null,"spdist1":"MiD","lotarea":9698,"bldgarea":25000,"comarea":25000,"resarea":0,"officearea":0,"retailarea":0,"numfloors":6.5,"numbldgs":1,"unitsres":0,"unitstotal":0,"yearbuilt":1918,"yearalter1":0,"builtfar":2.58,"residfar":10,"commfar":10,"facilfar":10,"lotfront":96.5,"lotdepth":100.42,"borough":"MN","block":1016,"lot":51}},{"type":"Feature","geometry":{"type":"Polygon","coordinates":[[[-73.987775,40.758821],[-73.987795,40.758794],[-73.987909,40.758695],[-73.987958,40.758577],[-73.98796,40.758574],[-73.987977,40.758551],[-73.988161,40.758628],[-73.987963,40.758899],[-73.987775,40.758821]]]},"properties":{"bbl":"1010160058","address":"252 WEST 45 STREET","owner":"THE SHUBERT ORGANIZATION INC","bldgclass":"J4","landuse":"05","zonedist1":"C6-5","zonedist2":null,"overlay1":null,"spdist1":"MiD","lotarea":6400,"bldgarea":18800,"comarea":18800,"resarea":0,"officearea":0,"retailarea":0,"numfloors":4,"numbldgs":1,"unitsres":0,"unitstotal":1,"yearbuilt":1927,"yearalter1":0,"builtfar":2.94,"residfar":10,"commfar":10,"facilfar":10,"lotfront":62.33,"lotdepth":109.67,"borough":"MN","block":1016,"lot":58}},{"type":"Feature","geometry":{"type":"Polygon","coordinates":[[[-73.987249,40.759418],[-73.98734,40.759293],[-73.987426,40.759174],[-73.987442,40.759152],[-73.987571,40.758976],[-73.987606,40.758928],[-73.987704,40.758969],[-73.987762,40.758993],[-73.987816,40.759015],[-73.987869,40.759037],[-73.987918,40.759058],[-73.987978,40.759083],[-73.988189,40.759171],[-73.988153,40.75922],[-73.988121,40.759264],[-73.987911,40.759176],[-73.987876,40.759223],[-73.987844,40.759268],[-73.98781,40.759315],[-73.98802,40.759403],[-73.987957,40.75949],[-73.987924,40.759535],[-73.987896,40.759574],[-73.987879,40.759596],[-73.987832,40.759661],[-73.987667,40.759592],[-73.987512,40.759528],[-73.9873,40.75944],[-73.987249,40.759418]]]},"properties":{"bbl":"1010170001","address":"740 8 AVENUE","owner":"45TH OWNER LLC","bldgclass":"H1","landuse":"05","zonedist1":"C6-5","zonedist2":"C6-4","overlay1":null,"spdist1":"MiD","lotarea":33080,"bldgarea":776000,"comarea":null,"resarea":null,"officearea":null,"retailarea":null,"numfloors":null,"numbldgs":1,"unitsres":0,"unitstotal":1,"yearbuilt":2023,"yearalter1":0,"builtfar":23.46,"residfar":10,"commfar":10,"facilfar":10,"lotfront":107,"lotdepth":183,"borough":"MN","block":1017,"lot":1}},{"type":"Feature","geometry":{"type":"Polygon","coordinates":[[[-73.987876,40.759223],[-73.987911,40.759176],[-73.988121,40.759264],[-73.988087,40.759312],[-73.987876,40.759223]]]},"properties":{"bbl":"1010170002","address":"728 8 AVENUE","owner":"CINE ROMA PROPERTIES, INC.","bldgclass":"K4","landuse":"04","zonedist1":"C6-4","zonedist2":null,"overlay1":null,"spdist1":"MiD","lotarea":1237,"bldgarea":3648,"comarea":3648,"resarea":0,"officearea":1824,"retailarea":1824,"numfloors":4,"numbldgs":1,"unitsres":0,"unitstotal":1,"yearbuilt":1920,"yearalter1":0,"builtfar":2.95,"residfar":10,"commfar":10,"facilfar":10,"lotfront":18.75,"lotdepth":66,"borough":"MN","block":1017,"lot":2}},{"type":"Feature","geometry":{"type":"Polygon","coordinates":[[[-73.98781,40.759315],[-73.987844,40.759268],[-73.988054,40.759356],[-73.98802,40.759403],[-73.98781,40.759315]]]},"properties":{"bbl":"1010170004","address":"732 8 AVENUE","owner":"RBP 45TH ASSOCIATES LLC","bldgclass":"K2","landuse":"05","zonedist1":"C6-4","zonedist2":null,"overlay1":null,"spdist1":"MiD","lotarea":1265,"bldgarea":4621,"comarea":4621,"resarea":0,"officearea":0,"retailarea":4621,"numfloors":4,"numbldgs":1,"unitsres":0,"unitstotal":2,"yearbuilt":1920,"yearalter1":1969,"builtfar":3.65,"residfar":10,"commfar":10,"facilfar":10,"lotfront":19.17,"lotdepth":66,"borough":"MN","block":1017,"lot":4}},{"type":"Feature","geometry":{"type":"Polygon","coordinates":[[[-73.98721,40.759083],[-73.987017,40.759002],[-73.986896,40.758951],[-73.987074,40.758706],[-73.987389,40.758837],[-73.98721,40.759083]]]},"properties":{"bbl":"1010170011","address":"239 WEST 45 STREET","owner":"THE SHUBERT ORGANIZATION, INC.","bldgclass":"J4","landuse":"05","zonedist1":"C6-5","zonedist2":null,"overlay1":null,"spdist1":"MiD","lotarea":10050,"bldgarea":10050,"comarea":10050,"resarea":0,"officearea":0,"retailarea":0,"numfloors":2.5,"numbldgs":1,"unitsres":0,"unitstotal":1,"yearbuilt":1920,"yearalter1":0,"builtfar":1,"residfar":10,"commfar":10,"facilfar":10,"lotfront":100,"lotdepth":100.42,"borough":"MN","block":1017,"lot":11}},{"type":"Feature","geometry":{"type":"Polygon","coordinates":[[[-73.986925,40.759773],[-73.986839,40.759736],[-73.986767,40.759706],[-73.986685,40.759671],[-73.986865,40.759426],[-73.98734,40.759627],[-73.98716,40.759872],[-73.986925,40.759773]]]},"properties":{"bbl":"1010180006","address":"235 WEST 46 STREET","owner":"BECKER-PARAMOUNT FEE LLC","bldgclass":"H2","landuse":"05","zonedist1":"C6-5","zonedist2":null,"overlay1":null,"spdist1":"MiD","lotarea":15062,"bldgarea":215879,"comarea":null,"resarea":null,"officearea":null,"retailarea":null,"numfloors":18,"numbldgs":1,"unitsres":0,"unitstotal":2,"yearbuilt":1928,"yearalter1":2012,"builtfar":14.33,"residfar":10,"commfar":10,"facilfar":10,"lotfront":150,"lotdepth":100.42,"borough":"MN","block":1018,"lot":6}},{"type":"Feature","geometry":{"type":"Polygon","coordinates":[[[-73.985996,40.759382],[-73.985894,40.759338],[-73.985635,40.759229],[-73.98561,40.759219],[-73.98566,40.75915],[-73.985704,40.75909],[-73.98579,40.758973],[-73.986229,40.759158],[-73.986049,40.759404],[-73.985996,40.759382]]]},"properties":{"bbl":"1010180020","address":"205 WEST 46 STREET","owner":"LUNT THEATRE COMPANY","bldgclass":"J4","landuse":"05","zonedist1":"C6-7T","zonedist2":"C6-5","overlay1":null,"spdist1":"MiD","lotarea":13957,"bldgarea":34000,"comarea":34000,"resarea":0,"officearea":0,"retailarea":0,"numfloors":4,"numbldgs":1,"unitsres":0,"unitstotal":1,"yearbuilt":1910,"yearalter1":0,"builtfar":2.44,"residfar":10,"commfar":14,"facilfar":14,"lotfront":139,"lotdepth":100.42,"borough":"MN","block":1018,"lot":20}},{"type":"Feature","geometry":{"type":"Polygon","coordinates":[[[-73.98529,40.759274],[-73.985537,40.759365],[-73.985574,40.759312],[-73.985635,40.759229],[-73.985894,40.759338],[-73.985706,40.759594],[-73.985245,40.759399],[-73.98529,40.759274]]]},"properties":{"bbl":"1010187501","address":"1567 BROADWAY","owner":"EXTELL TIME SQUARE HOTEL LLC","bldgclass":"RC","landuse":"05","zonedist1":"C6-7T","zonedist2":null,"overlay1":null,"spdist1":"MiD","lotarea":11293,"bldgarea":345066,"comarea":13926,"resarea":0,"officearea":0,"retailarea":13926,"numfloors":54,"numbldgs":1,"unitsres":0,"unitstotal":4,"yearbuilt":2000,"yearalter1":0,"builtfar":30.56,"residfar":10,"commfar":14,"facilfar":14,"lotfront":141.3,"lotdepth":100.42,"borough":"MN","block":1018,"lot":7501}},{"type":"Feature","geometry":{"type":"Polygon","coordinates":[[[-73.984387,40.75985],[-73.984752,40.759352],[-73.984885,40.759408],[-73.984685,40.759976],[-73.984387,40.75985]]]},"properties":{"bbl":"1010197501","address":"2 TIMES SQUARE","owner":"SHERWOOD 48 ASSOC                  JEFFR EY KATZ","bldgclass":"RC","landuse":"05","zonedist1":"C6-7T","zonedist2":null,"overlay1":null,"spdist1":"MiD","lotarea":13899,"bldgarea":229188,"comarea":27268,"resarea":0,"officearea":0,"retailarea":26992,"numfloors":25,"numbldgs":1,"unitsres":0,"unitstotal":316,"yearbuilt":1990,"yearalter1":0,"builtfar":16.49,"residfar":10,"commfar":14,"facilfar":14,"lotfront":200.1,"lotdepth":93.75,"borough":"MN","block":1019,"lot":7501}},{"type":"Feature","geometry":{"type":"Polygon","coordinates":[[[-73.990555,40.758039],[-73.990479,40.758007],[-73.990665,40.757752],[-73.990741,40.757784],[-73.990555,40.758039]]]},"properties":{"bbl":"1010330022","address":"319 WEST 42 STREET","owner":"JNK-42 LLC","bldgclass":"C7","landuse":"04","zonedist1":"C6-4","zonedist2":null,"overlay1":null,"spdist1":"CL","lotarea":2510,"bldgarea":9203,"comarea":1600,"resarea":7603,"officearea":0,"retailarea":1600,"numfloors":5,"numbldgs":1,"unitsres":14,"unitstotal":15,"yearbuilt":1920,"yearalter1":1985,"builtfar":3.67,"residfar":10,"commfar":10,"facilfar":10,"lotfront":25,"lotdepth":100.42,"borough":"MN","block":1033,"lot":22}},{"type":"Feature","geometry":{"type":"Polygon","coordinates":[[[-73.989958,40.75772],[-73.989716,40.757618],[-73.989864,40.757415],[-73.990106,40.757517],[-73.989958,40.75772]]]},"properties":{"bbl":"1010330029","address":"661 8 AVENUE","owner":"42ND & 8TH HOLDCO LLC","bldgclass":"K2","landuse":"05","zonedist1":"C6-4","zonedist2":null,"overlay1":null,"spdist1":"CL","lotarea":6035,"bldgarea":12905,"comarea":12905,"resarea":0,"officearea":0,"retailarea":12905,"numfloors":2,"numbldgs":1,"unitsres":0,"unitstotal":1,"yearbuilt":1972,"yearalter1":0,"builtfar":2.14,"residfar":10,"commfar":10,"facilfar":10,"lotfront":80.42,"lotdepth":75,"borough":"MN","block":1033,"lot":29}},{"type":"Feature","geometry":{"type":"Polygon","coordinates":[[[-73.99045,40.758319],[-73.990631,40.758071],[-73.990715,40.758106],[-73.990534,40.758355],[-73.99045,40.758319]]]},"properties":{"bbl":"1010330045","address":"324 WEST 43 STREET","owner":"MIGDAL19 MANAGEMENT 2010 LLC","bldgclass":"C4","landuse":"02","zonedist1":"C6-2","zonedist2":null,"overlay1":null,"spdist1":"CL","lotarea":2510,"bldgarea":9660,"comarea":0,"resarea":9660,"officearea":0,"retailarea":0,"numfloors":5,"numbldgs":1,"unitsres":20,"unitstotal":20,"yearbuilt":1930,"yearalter1":1982,"builtfar":3.85,"residfar":6.02,"commfar":6,"facilfar":6.5,"lotfront":25,"lotdepth":100.42,"borough":"MN","block":1033,"lot":45}},{"type":"Feature","geometry":{"type":"Polygon","coordinates":[[[-73.990345,40.758762],[-73.990524,40.758517],[-73.990608,40.758553],[-73.99043,40.758798],[-73.990345,40.758762]]]},"properties":{"bbl":"1010340018","address":"327 WEST 43 STREET","owner":"SAMARITAN VILLAGE INC","bldgclass":"I7","landuse":"08","zonedist1":"C6-2","zonedist2":null,"overlay1":null,"spdist1":"CL","lotarea":2510,"bldgarea":7500,"comarea":7500,"resarea":0,"officearea":2500,"retailarea":0,"numfloors":5,"numbldgs":1,"unitsres":0,"unitstotal":1,"yearbuilt":1920,"yearalter1":1995,"builtfar":2.99,"residfar":6.02,"commfar":6,"facilfar":6.5,"lotfront":25,"lotdepth":100.42,"borough":"MN","block":1034,"lot":18}},{"type":"Feature","geometry":{"type":"Polygon","coordinates":[[[-73.990182,40.758694],[-73.990361,40.758449],[-73.990437,40.758481],[-73.990258,40.758726],[-73.990182,40.758694]]]},"properties":{"bbl":"1010340020","address":"323 WEST 43 STREET","owner":"323 WEST 43 STREET HDFC","bldgclass":"C6","landuse":"02","zonedist1":"C6-2","zonedist2":null,"overlay1":null,"spdist1":"CL","lotarea":2510,"bldgarea":9535,"comarea":0,"resarea":9535,"officearea":0,"retailarea":0,"numfloors":5,"numbldgs":1,"unitsres":16,"unitstotal":16,"yearbuilt":1900,"yearalter1":0,"builtfar":3.8,"residfar":6.02,"commfar":6,"facilfar":6.5,"lotfront":25,"lotdepth":100.42,"borough":"MN","block":1034,"lot":20}},{"type":"Feature","geometry":{"type":"Polygon","coordinates":[[[-73.989807,40.758216],[-73.989889,40.75825],[-73.989711,40.758495],[-73.989629,40.758461],[-73.989807,40.758216]]]},"properties":{"bbl":"1010340027","address":"309 WEST 43 STREET","owner":"MAZAL CAPITAL PARTNER LLC","bldgclass":"C4","landuse":"02","zonedist1":"C6-4","zonedist2":"C6-2","overlay1":null,"spdist1":"CL","lotarea":2510,"bldgarea":9940,"comarea":0,"resarea":9940,"officearea":0,"retailarea":0,"numfloors":5,"numbldgs":1,"unitsres":20,"unitstotal":20,"yearbuilt":1920,"yearalter1":1974,"builtfar":3.96,"residfar":10,"commfar":10,"facilfar":10,"lotfront":25,"lotdepth":100.42,"borough":"MN","block":1034,"lot":27}},{"type":"Feature","geometry":{"type":"Polygon","coordinates":[[[-73.989257,40.758247],[-73.989289,40.758202],[-73.989617,40.75834],[-73.989585,40.758385],[-73.989257,40.758247]]]},"properties":{"bbl":"1010340031","address":"687 8 AVENUE","owner":"EAGLE STREET FUNDING LLC","bldgclass":"K4","landuse":"04","zonedist1":"C6-4","zonedist2":null,"overlay1":null,"spdist1":"CL","lotarea":2017,"bldgarea":7760,"comarea":3900,"resarea":3860,"officearea":0,"retailarea":3900,"numfloors":4,"numbldgs":1,"unitsres":4,"unitstotal":5,"yearbuilt":1920,"yearalter1":0,"builtfar":3.85,"residfar":10,"commfar":10,"facilfar":10,"lotfront":20.17,"lotdepth":100,"borough":"MN","block":1034,"lot":31}},{"type":"Feature","geometry":{"type":"Polygon","coordinates":[[[-73.989551,40.758431],[-73.989629,40.758461],[-73.989711,40.758495],[-73.990109,40.758663],[-73.989924,40.758916],[-73.989368,40.758682],[-73.989039,40.758544],[-73.989088,40.758478],[-73.989179,40.758353],[-73.989221,40.758296],[-73.989551,40.758431]]]},"properties":{"bbl":"1010340037","address":"306 WEST 44 STREET","owner":"ICNY TIMES SQUARE PROPCO FEE OWNER, LP","bldgclass":"H1","landuse":"05","zonedist1":"C6-4","zonedist2":"C6-2","overlay1":null,"spdist1":"CL","lotarea":27615,"bldgarea":450000,"comarea":2870,"resarea":14000,"officearea":0,"retailarea":2870,"numfloors":34,"numbldgs":1,"unitsres":9,"unitstotal":12,"yearbuilt":2009,"yearalter1":0,"builtfar":16.3,"residfar":10,"commfar":10,"facilfar":10,"lotfront":275,"lotdepth":100.41,"borough":"MN","block":1034,"lot":37}},{"type":"Feature","geometry":{"type":"Polygon","coordinates":[[[-73.989551,40.758431],[-73.989585,40.758385],[-73.989617,40.75834],[-73.989732,40.758184],[-73.989807,40.758216],[-73.989629,40.758461],[-73.989551,40.758431]]]},"properties":{"bbl":"1010340038","address":"307 WEST 43 STREET","owner":"CLINTON HOUSING DEVELOPMENT FUND CORPORA TION","bldgclass":"D6","landuse":"04","zonedist1":"C6-4","zonedist2":null,"overlay1":null,"spdist1":"CL","lotarea":2512,"bldgarea":15225,"comarea":2175,"resarea":13050,"officearea":2175,"retailarea":0,"numfloors":6,"numbldgs":1,"unitsres":9,"unitstotal":10,"yearbuilt":2010,"yearalter1":0,"builtfar":6.06,"residfar":10,"commfar":10,"facilfar":10,"lotfront":25,"lotdepth":100.5,"borough":"MN","block":1034,"lot":38}},{"type":"Feature","geometry":{"type":"Polygon","coordinates":[[[-73.990109,40.758663],[-73.990287,40.758418],[-73.990361,40.758449],[-73.990182,40.758694],[-73.990258,40.758726],[-73.990292,40.75874],[-73.990107,40.758993],[-73.989924,40.758916],[-73.990109,40.758663]]]},"properties":{"bbl":"1010340044","address":"324 WEST 44 STREET","owner":"MP 44 LLC","bldgclass":"H2","landuse":"05","zonedist1":"C6-2","zonedist2":null,"overlay1":null,"spdist1":"CL","lotarea":8435,"bldgarea":35420,"comarea":null,"resarea":null,"officearea":null,"retailarea":null,"numfloors":7,"numbldgs":2,"unitsres":0,"unitstotal":1,"yearbuilt":2016,"yearalter1":0,"builtfar":4.2,"residfar":6.02,"commfar":6,"facilfar":6.5,"lotfront":59,"lotdepth":200.84,"borough":"MN","block":1034,"lot":44}},{"type":"Feature","geometry":{"type":"Polygon","coordinates":[[[-73.990247,40.759052],[-73.990432,40.758799],[-73.99043,40.758798],[-73.990608,40.758553],[-73.99068,40.758583],[-73.990501,40.758828],[-73.990579,40.758861],[-73.990733,40.758926],[-73.990895,40.758994],[-73.990974,40.759027],[-73.990789,40.759281],[-73.990247,40.759052]]]},"properties":{"bbl":"1010340048","address":"330 WEST 44 STREET","owner":"EXG 332W44 LLC","bldgclass":"G1","landuse":"10","zonedist1":"C6-2","zonedist2":null,"overlay1":null,"spdist1":"CL","lotarea":19815,"bldgarea":44564,"comarea":44564,"resarea":0,"officearea":0,"retailarea":0,"numfloors":4,"numbldgs":1,"unitsres":0,"unitstotal":1,"yearbuilt":1959,"yearalter1":2016,"builtfar":2.25,"residfar":6.02,"commfar":6,"facilfar":6.5,"lotfront":172,"lotdepth":200.83,"borough":"MN","block":1034,"lot":48}},{"type":"Feature","geometry":{"type":"Polygon","coordinates":[[[-73.990352,40.759587],[-73.990536,40.759335],[-73.990618,40.759369],[-73.990434,40.759621],[-73.990352,40.759587]]]},"properties":{"bbl":"1010350012","address":"339 WEST 44 STREET","owner":"339 WEST 44 REALTY LLC","bldgclass":"C7","landuse":"04","zonedist1":"C6-2","zonedist2":null,"overlay1":null,"spdist1":"CL","lotarea":2510,"bldgarea":9647,"comarea":1600,"resarea":8047,"officearea":0,"retailarea":1600,"numfloors":5,"numbldgs":1,"unitsres":16,"unitstotal":17,"yearbuilt":1920,"yearalter1":2022,"builtfar":3.84,"residfar":6.02,"commfar":6,"facilfar":6.5,"lotfront":25,"lotdepth":100.42,"borough":"MN","block":1035,"lot":12}},{"type":"Feature","geometry":{"type":"Polygon","coordinates":[[[-73.990536,40.759335],[-73.990352,40.759587],[-73.990272,40.759553],[-73.990048,40.759459],[-73.990232,40.759207],[-73.990536,40.759335]]]},"properties":{"bbl":"1010350013","address":"331 WEST 44 STREET","owner":"LOCAL UNION #94-94AETC","bldgclass":"O2","landuse":"05","zonedist1":"C6-2","zonedist2":null,"overlay1":null,"spdist1":"CL","lotarea":10042,"bldgarea":16184,"comarea":16184,"resarea":0,"officearea":16184,"retailarea":0,"numfloors":2,"numbldgs":1,"unitsres":0,"unitstotal":0,"yearbuilt":1923,"yearalter1":1989,"builtfar":1.61,"residfar":6.02,"commfar":6,"facilfar":6.5,"lotfront":100,"lotdepth":100.42,"borough":"MN","block":1035,"lot":13}},{"type":"Feature","geometry":{"type":"Polygon","coordinates":[[[-73.989488,40.759544],[-73.989667,40.759299],[-73.989515,40.759235],[-73.989405,40.759189],[-73.989589,40.758937],[-73.990232,40.759207],[-73.990048,40.759459],[-73.989885,40.75939],[-73.98983,40.759367],[-73.989779,40.759346],[-73.9896,40.759591],[-73.989488,40.759544]]]},"properties":{"bbl":"1010350017","address":"315 WEST 44 STREET","owner":"PLANT REALTY LLC","bldgclass":"O6","landuse":"05","zonedist1":"C6-2","zonedist2":null,"overlay1":null,"spdist1":"CL","lotarea":23525,"bldgarea":181021,"comarea":181021,"resarea":0,"officearea":163021,"retailarea":18000,"numfloors":10,"numbldgs":3,"unitsres":0,"unitstotal":75,"yearbuilt":1931,"yearalter1":1990,"builtfar":7.69,"residfar":6.02,"commfar":6,"facilfar":6.5,"lotfront":200,"lotdepth":201,"borough":"MN","block":1035,"lot":17}},{"type":"Feature","geometry":{"type":"Polygon","coordinates":[[[-73.989092,40.759057],[-73.989276,40.758805],[-73.989589,40.758937],[-73.989405,40.759189],[-73.989092,40.759057]]]},"properties":{"bbl":"1010350025","address":"WEST 44 STREET","owner":"307 WEST 44TH STREET,","bldgclass":"G6","landuse":"10","zonedist1":"C6-2","zonedist2":"C6-4","overlay1":null,"spdist1":"CL","lotarea":10042,"bldgarea":0,"comarea":null,"resarea":null,"officearea":null,"retailarea":null,"numfloors":null,"numbldgs":1,"unitsres":0,"unitstotal":0,"yearbuilt":0,"yearalter1":0,"builtfar":0,"residfar":6.02,"commfar":6,"facilfar":6.5,"lotfront":100,"lotdepth":100.42,"borough":"MN","block":1035,"lot":25}},{"type":"Feature","geometry":{"type":"Polygon","coordinates":[[[-73.989276,40.758805],[-73.989092,40.759057],[-73.988768,40.758922],[-73.988952,40.758669],[-73.989276,40.758805]]]},"properties":{"bbl":"1010350029","address":"701 8 AVENUE","owner":"HACELS, LLC","bldgclass":"O5","landuse":"05","zonedist1":"C6-4","zonedist2":null,"overlay1":null,"spdist1":"CL","lotarea":10040,"bldgarea":40500,"comarea":40500,"resarea":0,"officearea":30500,"retailarea":10000,"numfloors":4,"numbldgs":1,"unitsres":0,"unitstotal":4,"yearbuilt":1928,"yearalter1":0,"builtfar":4.03,"residfar":10,"commfar":10,"facilfar":10,"lotfront":100.42,"lotdepth":100,"borough":"MN","block":1035,"lot":29}},{"type":"Feature","geometry":{"type":"Polygon","coordinates":[[[-73.989092,40.759057],[-73.988914,40.759302],[-73.98859,40.759166],[-73.988768,40.758922],[-73.989092,40.759057]]]},"properties":{"bbl":"1010350036","address":"709 8 AVENUE","owner":"HACELS, LLC","bldgclass":"O5","landuse":"05","zonedist1":"C6-4","zonedist2":null,"overlay1":null,"spdist1":"CL","lotarea":10041,"bldgarea":29268,"comarea":29268,"resarea":0,"officearea":20000,"retailarea":9268,"numfloors":3,"numbldgs":1,"unitsres":0,"unitstotal":5,"yearbuilt":1928,"yearalter1":1982,"builtfar":2.91,"residfar":10,"commfar":10,"facilfar":10,"lotfront":100.42,"lotdepth":100,"borough":"MN","block":1035,"lot":36}},{"type":"Feature","geometry":{"type":"Polygon","coordinates":[[[-73.989405,40.759189],[-73.989515,40.759235],[-73.989335,40.759479],[-73.988914,40.759302],[-73.989092,40.759057],[-73.989405,40.759189]]]},"properties":{"bbl":"1010350037","address":"302 WEST 45 STREET","owner":"JUJAMCYN THEATERS LLC","bldgclass":"J4","landuse":"05","zonedist1":"C6-2","zonedist2":"C6-4","overlay1":null,"spdist1":"CL","lotarea":13389,"bldgarea":39762,"comarea":39762,"resarea":0,"officearea":0,"retailarea":0,"numfloors":5,"numbldgs":1,"unitsres":0,"unitstotal":1,"yearbuilt":1924,"yearalter1":0,"builtfar":2.97,"residfar":6.02,"commfar":6,"facilfar":6.5,"lotfront":133.33,"lotdepth":100.42,"borough":"MN","block":1035,"lot":37}},{"type":"Feature","geometry":{"type":"Polygon","coordinates":[[[-73.989488,40.759544],[-73.989335,40.759479],[-73.989515,40.759235],[-73.989667,40.759299],[-73.989488,40.759544]]]},"properties":{"bbl":"1010350042","address":"316 WEST 45 STREET","owner":"RUNNING FOOTMAN REALTY COMPANY, LLC","bldgclass":"K4","landuse":"04","zonedist1":"C6-2","zonedist2":null,"overlay1":null,"spdist1":"CL","lotarea":5021,"bldgarea":11424,"comarea":5754,"resarea":5670,"officearea":0,"retailarea":3864,"numfloors":3,"numbldgs":5,"unitsres":8,"unitstotal":10,"yearbuilt":1920,"yearalter1":0,"builtfar":2.28,"residfar":6.02,"commfar":6,"facilfar":6.5,"lotfront":50,"lotdepth":100.42,"borough":"MN","block":1035,"lot":42}},{"type":"Feature","geometry":{"type":"Polygon","coordinates":[[[-73.98983,40.759367],[-73.989651,40.759612],[-73.9896,40.759591],[-73.989779,40.759346],[-73.98983,40.759367]]]},"properties":{"bbl":"1010350046","address":"326 WEST 45 STREET","owner":"326 W 45TH STREET HDFC","bldgclass":"C6","landuse":"02","zonedist1":"C6-2","zonedist2":null,"overlay1":null,"spdist1":"CL","lotarea":1757,"bldgarea":3268,"comarea":0,"resarea":3268,"officearea":0,"retailarea":0,"numfloors":4,"numbldgs":1,"unitsres":6,"unitstotal":6,"yearbuilt":1920,"yearalter1":1986,"builtfar":1.86,"residfar":6.02,"commfar":6,"facilfar":6.5,"lotfront":17.5,"lotdepth":100.42,"borough":"MN","block":1035,"lot":46}},{"type":"Feature","geometry":{"type":"Polygon","coordinates":[[[-73.989885,40.75939],[-73.989706,40.759635],[-73.989651,40.759612],[-73.98983,40.759367],[-73.989885,40.75939]]]},"properties":{"bbl":"1010350146","address":"328 WEST 45 STREET","owner":"ROOSEVELT REALTY HOLDINGS LLC","bldgclass":"S5","landuse":"04","zonedist1":"C6-2","zonedist2":null,"overlay1":null,"spdist1":"CL","lotarea":1757,"bldgarea":3756,"comarea":1395,"resarea":2361,"officearea":0,"retailarea":1395,"numfloors":3,"numbldgs":1,"unitsres":5,"unitstotal":6,"yearbuilt":1925,"yearalter1":0,"builtfar":2.14,"residfar":6.02,"commfar":6,"facilfar":6.5,"lotfront":17.5,"lotdepth":100.42,"borough":"MN","block":1035,"lot":146}},{"type":"Feature","geometry":{"type":"Polygon","coordinates":[[[-73.988544,40.759644],[-73.988313,40.759547],[-73.988492,40.7593],[-73.988814,40.759435],[-73.988634,40.759682],[-73.988544,40.759644]]]},"properties":{"bbl":"1010360029","address":"717 8 AVENUE","owner":"301 W. 45 REALTY LLC","bldgclass":"D6","landuse":"04","zonedist1":"C6-4","zonedist2":null,"overlay1":null,"spdist1":"CL","lotarea":10041,"bldgarea":126778,"comarea":10000,"resarea":116778,"officearea":0,"retailarea":10000,"numfloors":17,"numbldgs":1,"unitsres":176,"unitstotal":182,"yearbuilt":1966,"yearalter1":2017,"builtfar":12.63,"residfar":10,"commfar":10,"facilfar":10,"lotfront":100.42,"lotdepth":100,"borough":"MN","block":1036,"lot":29}},{"type":"Feature","geometry":{"type":"Polygon","coordinates":[[[-73.982636,40.754076],[-73.983427,40.752989],[-73.984823,40.753576],[-73.984031,40.754663],[-73.982636,40.754076]]]},"properties":{"bbl":"1012570002","address":"1060 AVENUE OF THE AMERICAS","owner":"NYC DEPARTMENT OF PARKS AND RECREATION","bldgclass":"Q1","landuse":"09","zonedist1":"PARK","zonedist2":null,"overlay1":null,"spdist1":null,"lotarea":199290,"bldgarea":116219,"comarea":116219,"resarea":0,"officearea":0,"retailarea":0,"numfloors":2,"numbldgs":8,"unitsres":0,"unitstotal":1,"yearbuilt":1920,"yearalter1":0,"builtfar":0.58,"residfar":0,"commfar":0,"facilfar":0,"lotfront":455,"lotdepth":438,"borough":"MN","block":1257,"lot":2}},{"type":"Feature","geometry":{"type":"Polygon","coordinates":[[[-73.982113,40.754804],[-73.982487,40.754292],[-73.983203,40.754593],[-73.98301,40.754858],[-73.983691,40.755145],[-73.98351,40.755393],[-73.982113,40.754804]]]},"properties":{"bbl":"1012580009","address":"1114 AVENUE OF THE AMERICAS","owner":"1114 6TH AVENUE OWNER LLC","bldgclass":"O4","landuse":"05","zonedist1":"C6-6","zonedist2":"C6-4.5","overlay1":null,"spdist1":"MiD","lotarea":67875,"bldgarea":1517497,"comarea":1517497,"resarea":0,"officearea":1419759,"retailarea":27138,"numfloors":47,"numbldgs":2,"unitsres":0,"unitstotal":62,"yearbuilt":1971,"yearalter1":2001,"builtfar":22.36,"residfar":10,"commfar":15,"facilfar":15,"lotfront":100.42,"lotdepth":442,"borough":"MN","block":1258,"lot":9}},{"type":"Feature","geometry":{"type":"Polygon","coordinates":[[[-73.980967,40.753651],[-73.981634,40.753932],[-73.981446,40.754189],[-73.981184,40.754079],[-73.980779,40.753908],[-73.980967,40.753651]]]},"properties":{"bbl":"1012580034","address":"500 5 AVENUE","owner":"500 FIFTH AVENUE NEW YORK LLC","bldgclass":"O4","landuse":"05","zonedist1":"C5-3","zonedist2":"C6-6","overlay1":null,"spdist1":"MiD","lotarea":20920,"bldgarea":659122,"comarea":659122,"resarea":0,"officearea":646976,"retailarea":12136,"numfloors":58,"numbldgs":1,"unitsres":0,"unitstotal":154,"yearbuilt":1931,"yearalter1":2018,"builtfar":31.51,"residfar":10,"commfar":15,"facilfar":15,"lotfront":100.42,"lotdepth":208.33,"borough":"MN","block":1258,"lot":34}},{"type":"Feature","geometry":{"type":"Polygon","coordinates":[[[-73.981793,40.755158],[-73.981973,40.754913],[-73.982044,40.754943],[-73.981865,40.755188],[-73.981793,40.755158]]]},"properties":{"bbl":"1012590018","address":"33 WEST 43 STREET","owner":"FIRE DEPARTMENT OF NEW YORK","bldgclass":"Y1","landuse":"08","zonedist1":"C6-4.5","zonedist2":null,"overlay1":null,"spdist1":"MiD","lotarea":2510,"bldgarea":6325,"comarea":6325,"resarea":0,"officearea":0,"retailarea":0,"numfloors":4,"numbldgs":1,"unitsres":0,"unitstotal":1,"yearbuilt":1898,"yearalter1":0,"builtfar":2.52,"residfar":10,"commfar":12,"facilfar":12,"lotfront":25,"lotdepth":100.42,"borough":"MN","block":1259,"lot":18}},{"type":"Feature","geometry":{"type":"Polygon","coordinates":[[[-73.980756,40.754671],[-73.980804,40.754604],[-73.980852,40.754538],[-73.980906,40.754465],[-73.981213,40.754594],[-73.981033,40.754839],[-73.980726,40.754711],[-73.980756,40.754671]]]},"properties":{"bbl":"1012590029","address":"5 WEST 43 STREET","owner":"CENTURY ASSN","bldgclass":"P9","landuse":"08","zonedist1":"C6-4.5","zonedist2":"C5-3","overlay1":null,"spdist1":"MiD","lotarea":9957,"bldgarea":31596,"comarea":31596,"resarea":0,"officearea":0,"retailarea":0,"numfloors":5,"numbldgs":1,"unitsres":1,"unitstotal":2,"yearbuilt":1891,"yearalter1":2008,"builtfar":3.17,"residfar":10,"commfar":12,"facilfar":12,"lotfront":99.17,"lotdepth":100.42,"borough":"MN","block":1259,"lot":29}},{"type":"Feature","geometry":{"type":"Polygon","coordinates":[[[-73.981117,40.754875],[-73.98128,40.754943],[-73.981094,40.75519],[-73.980935,40.755124],[-73.981117,40.754875]]]},"properties":{"bbl":"1012590047","address":"12 WEST 44 STREET","owner":"MANSFIELD REALTY I LLC","bldgclass":"H2","landuse":"05","zonedist1":"C6-4.5","zonedist2":null,"overlay1":null,"spdist1":"MiD","lotarea":5025,"bldgarea":46492,"comarea":null,"resarea":null,"officearea":null,"retailarea":null,"numfloors":12,"numbldgs":1,"unitsres":0,"unitstotal":3,"yearbuilt":1902,"yearalter1":1986,"builtfar":9.25,"residfar":10,"commfar":12,"facilfar":12,"lotfront":50,"lotdepth":100.42,"borough":"MN","block":1259,"lot":47}},{"type":"Feature","geometry":{"type":"Polygon","coordinates":[[[-73.981408,40.755322],[-73.981094,40.75519],[-73.98128,40.754943],[-73.981337,40.754967],[-73.98159,40.755073],[-73.981408,40.755322]]]},"properties":{"bbl":"1012590048","address":"20 WEST 44 STREET","owner":"GEN SOC OF MECH TRDSMEN","bldgclass":"P8","landuse":"08","zonedist1":"C6-4.5","zonedist2":null,"overlay1":null,"spdist1":"MiD","lotarea":10042,"bldgarea":70280,"comarea":70280,"resarea":0,"officearea":0,"retailarea":0,"numfloors":7,"numbldgs":1,"unitsres":0,"unitstotal":18,"yearbuilt":1890,"yearalter1":1905,"builtfar":7,"residfar":10,"commfar":12,"facilfar":12,"lotfront":100,"lotdepth":100.42,"borough":"MN","block":1259,"lot":48}},{"type":"Feature","geometry":{"type":"Polygon","coordinates":[[[-73.981729,40.755457],[-73.981571,40.755391],[-73.981754,40.755142],[-73.981793,40.755158],[-73.981865,40.755188],[-73.981911,40.755208],[-73.981729,40.755457]]]},"properties":{"bbl":"1012590054","address":"30 WEST 44 STREET","owner":"UNIVERSITY PA TRSTEES","bldgclass":"H5","landuse":"05","zonedist1":"C6-4.5","zonedist2":null,"overlay1":null,"spdist1":"MiD","lotarea":5038,"bldgarea":59429,"comarea":null,"resarea":null,"officearea":null,"retailarea":null,"numfloors":14,"numbldgs":1,"unitsres":0,"unitstotal":1,"yearbuilt":1901,"yearalter1":1993,"builtfar":11.8,"residfar":10,"commfar":12,"facilfar":12,"lotfront":50.17,"lotdepth":100.42,"borough":"MN","block":1259,"lot":54}},{"type":"Feature","geometry":{"type":"Polygon","coordinates":[[[-73.982044,40.754943],[-73.98212,40.754975],[-73.981941,40.75522],[-73.981911,40.755208],[-73.981865,40.755188],[-73.982044,40.754943]]]},"properties":{"bbl":"1012590117","address":"35 WEST 43 STREET","owner":"35 WEST 43RD STREET L.L.C.","bldgclass":"K4","landuse":"04","zonedist1":"C6-4.5","zonedist2":null,"overlay1":null,"spdist1":"MiD","lotarea":2250,"bldgarea":8460,"comarea":8460,"resarea":0,"officearea":4200,"retailarea":4260,"numfloors":4,"numbldgs":1,"unitsres":0,"unitstotal":5,"yearbuilt":1920,"yearalter1":1987,"builtfar":3.76,"residfar":10,"commfar":12,"facilfar":12,"lotfront":22.5,"lotdepth":100,"borough":"MN","block":1259,"lot":117}},{"type":"Feature","geometry":{"type":"Polygon","coordinates":[[[-73.981729,40.755457],[-73.981911,40.755208],[-73.981941,40.75522],[-73.98212,40.754975],[-73.982335,40.755065],[-73.982155,40.75531],[-73.982049,40.755266],[-73.981866,40.755515],[-73.981729,40.755457]]]},"properties":{"bbl":"1012597501","address":"36 WEST 44 STREET","owner":"BAR BUILDING CONDOMINIUM","bldgclass":"RC","landuse":"05","zonedist1":"C6-4.5","zonedist2":null,"overlay1":null,"spdist1":"MiD","lotarea":11230,"bldgarea":141013,"comarea":141013,"resarea":0,"officearea":127255,"retailarea":13758,"numfloors":14,"numbldgs":1,"unitsres":0,"unitstotal":47,"yearbuilt":1922,"yearalter1":0,"builtfar":12.56,"residfar":10,"commfar":12,"facilfar":12,"lotfront":44.33,"lotdepth":200.83,"borough":"MN","block":1259,"lot":7501}},{"type":"Feature","geometry":{"type":"Polygon","coordinates":[[[-73.98189,40.75602],[-73.981724,40.75595],[-73.981903,40.755704],[-73.982132,40.755801],[-73.981953,40.756047],[-73.98189,40.75602]]]},"properties":{"bbl":"1012600012","address":"47 WEST 44 STREET","owner":"IROQUOIS HOTEL HOLDINGS LLC","bldgclass":"HB","landuse":"05","zonedist1":"C6-4.5","zonedist2":null,"overlay1":null,"spdist1":"MiD","lotarea":7100,"bldgarea":54558,"comarea":3600,"resarea":0,"officearea":0,"retailarea":3600,"numfloors":12,"numbldgs":1,"unitsres":0,"unitstotal":118,"yearbuilt":1900,"yearalter1":2014,"builtfar":7.68,"residfar":10,"commfar":12,"facilfar":12,"lotfront":70.83,"lotdepth":100.42,"borough":"MN","block":1260,"lot":12}},{"type":"Feature","geometry":{"type":"Polygon","coordinates":[[[-73.98114,40.756032],[-73.981324,40.75578],[-73.981364,40.755797],[-73.981513,40.755861],[-73.98133,40.756112],[-73.98114,40.756032]]]},"properties":{"bbl":"1012600056","address":"38 WEST 45 STREET","owner":"MIDTOWN SOUTH OWNER LLC","bldgclass":"H2","landuse":"05","zonedist1":"C6-4.5","zonedist2":null,"overlay1":null,"spdist1":"MiD","lotarea":6025,"bldgarea":58935,"comarea":null,"resarea":null,"officearea":null,"retailarea":null,"numfloors":13,"numbldgs":1,"unitsres":0,"unitstotal":1,"yearbuilt":1903,"yearalter1":1986,"builtfar":9.78,"residfar":10,"commfar":12,"facilfar":12,"lotfront":60,"lotdepth":100.42,"borough":"MN","block":1260,"lot":56}},{"type":"Feature","geometry":{"type":"Polygon","coordinates":[[[-73.982606,40.756653],[-73.982213,40.756486],[-73.982336,40.756318],[-73.982729,40.756484],[-73.982606,40.756653]]]},"properties":{"bbl":"1012600071","address":"1156 AVENUE OF THE AMERICAS","owner":"1156 APF LLC","bldgclass":"O6","landuse":"05","zonedist1":"C6-6","zonedist2":null,"overlay1":null,"spdist1":"MiD","lotarea":7850,"bldgarea":69481,"comarea":69481,"resarea":0,"officearea":61481,"retailarea":8000,"numfloors":9,"numbldgs":1,"unitsres":0,"unitstotal":20,"yearbuilt":1911,"yearalter1":0,"builtfar":8.85,"residfar":10,"commfar":15,"facilfar":15,"lotfront":65.42,"lotdepth":120,"borough":"MN","block":1260,"lot":71}},{"type":"Feature","geometry":{"type":"Polygon","coordinates":[[[-73.981211,40.756558],[-73.981277,40.756586],[-73.981102,40.756827],[-73.981036,40.756799],[-73.981211,40.756558]]]},"properties":{"bbl":"1012610160","address":"46 WEST 46 STREET","owner":"REISMAN FAMILY PROPERTIES LLC","bldgclass":"K4","landuse":"04","zonedist1":"C6-4.5","zonedist2":null,"overlay1":null,"spdist1":"MiD","lotarea":2008,"bldgarea":9320,"comarea":9320,"resarea":0,"officearea":1864,"retailarea":7456,"numfloors":5,"numbldgs":1,"unitsres":0,"unitstotal":5,"yearbuilt":1920,"yearalter1":0,"builtfar":4.64,"residfar":10,"commfar":12,"facilfar":12,"lotfront":20,"lotdepth":100.42,"borough":"MN","block":1261,"lot":160}},{"type":"Feature","geometry":{"type":"Polygon","coordinates":[[[-73.980571,40.757098],[-73.980748,40.756855],[-73.980808,40.75688],[-73.98063,40.757123],[-73.980571,40.757098]]]},"properties":{"bbl":"1012620017","address":"45 WEST 46 STREET","owner":"77 NY   46 ST.,","bldgclass":"K4","landuse":"04","zonedist1":"C6-4.5","zonedist2":null,"overlay1":null,"spdist1":"MiD","lotarea":2008,"bldgarea":7000,"comarea":7000,"resarea":0,"officearea":3240,"retailarea":3760,"numfloors":5,"numbldgs":1,"unitsres":0,"unitstotal":6,"yearbuilt":1920,"yearalter1":0,"builtfar":3.49,"residfar":10,"commfar":12,"facilfar":12,"lotfront":20,"lotdepth":100.42,"borough":"MN","block":1262,"lot":17}},{"type":"Feature","geometry":{"type":"Polygon","coordinates":[[[-73.98051,40.757072],[-73.980442,40.757044],[-73.98062,40.756801],[-73.980687,40.756829],[-73.98051,40.757072]]]},"properties":{"bbl":"1012620018","address":"41 WEST 46 STREET","owner":"41 WEST LLC","bldgclass":"C7","landuse":"04","zonedist1":"C6-4.5","zonedist2":null,"overlay1":null,"spdist1":"MiD","lotarea":2008,"bldgarea":7216,"comarea":1442,"resarea":5774,"officearea":0,"retailarea":1442,"numfloors":5,"numbldgs":1,"unitsres":7,"unitstotal":8,"yearbuilt":1920,"yearalter1":2000,"builtfar":3.59,"residfar":10,"commfar":12,"facilfar":12,"lotfront":20,"lotdepth":100.42,"borough":"MN","block":1262,"lot":18}},{"type":"Feature","geometry":{"type":"Polygon","coordinates":[[[-73.981611,40.757861],[-73.981734,40.757693],[-73.98181,40.757725],[-73.981687,40.757893],[-73.981611,40.757861]]]},"properties":{"bbl":"1012620075","address":"1192 AVENUE OF THE AMERICAS","owner":"JEWELRY TOWER LLC","bldgclass":"K2","landuse":"05","zonedist1":"C6-6","zonedist2":null,"overlay1":null,"spdist1":"MiD","lotarea":1540,"bldgarea":4620,"comarea":null,"resarea":null,"officearea":null,"retailarea":null,"numfloors":3,"numbldgs":1,"unitsres":0,"unitstotal":24,"yearbuilt":1930,"yearalter1":0,"builtfar":3,"residfar":10,"commfar":15,"facilfar":15,"lotfront":70,"lotdepth":22,"borough":"MN","block":1262,"lot":75}},{"type":"Feature","geometry":{"type":"Polygon","coordinates":[[[-73.980532,40.757903],[-73.980453,40.75787],[-73.980632,40.757624],[-73.980711,40.757658],[-73.980532,40.757903]]]},"properties":{"bbl":"1012630012","address":"43 WEST 47 STREET","owner":"43 WEST 47TH REALTYCORP.","bldgclass":"K2","landuse":"05","zonedist1":"C6-4.5","zonedist2":null,"overlay1":null,"spdist1":"MiD","lotarea":2510,"bldgarea":10875,"comarea":10875,"resarea":0,"officearea":0,"retailarea":10875,"numfloors":5,"numbldgs":1,"unitsres":0,"unitstotal":26,"yearbuilt":1920,"yearalter1":1977,"builtfar":4.33,"residfar":10,"commfar":12,"facilfar":12,"lotfront":25,"lotdepth":100.42,"borough":"MN","block":1263,"lot":12}},{"type":"Feature","geometry":{"type":"Polygon","coordinates":[[[-73.980328,40.757817],[-73.980179,40.757754],[-73.980151,40.757742],[-73.98033,40.757497],[-73.98056,40.757594],[-73.980381,40.75784],[-73.980328,40.757817]]]},"properties":{"bbl":"1012630014","address":"37 WEST 47 STREET","owner":"EMPIRE ASSOCIATES","bldgclass":"O6","landuse":"05","zonedist1":"C6-4.5","zonedist2":null,"overlay1":null,"spdist1":"MiD","lotarea":6878,"bldgarea":85952,"comarea":85952,"resarea":0,"officearea":80896,"retailarea":5056,"numfloors":17,"numbldgs":1,"unitsres":0,"unitstotal":74,"yearbuilt":1925,"yearalter1":0,"builtfar":12.5,"residfar":10,"commfar":12,"facilfar":12,"lotfront":68.5,"lotdepth":100.42,"borough":"MN","block":1263,"lot":14}},{"type":"Feature","geometry":{"type":"Polygon","coordinates":[[[-73.980899,40.752204],[-73.98107,40.751969],[-73.981235,40.752039],[-73.981066,40.752271],[-73.98101,40.752248],[-73.980943,40.752221],[-73.980899,40.752204]]]},"properties":{"bbl":"1012750006","address":"3 EAST 40 STREET","owner":"VERILEN REPRODUCTIONS","bldgclass":"H3","landuse":"05","zonedist1":"C5-2.5","zonedist2":"C5-3","overlay1":null,"spdist1":"MiD","lotarea":4925,"bldgarea":84500,"comarea":2850,"resarea":0,"officearea":0,"retailarea":2850,"numfloors":31,"numbldgs":1,"unitsres":0,"unitstotal":2,"yearbuilt":1988,"yearalter1":0,"builtfar":17.16,"residfar":10,"commfar":12,"facilfar":12,"lotfront":52.5,"lotdepth":94,"borough":"MN","block":1275,"lot":6}},{"type":"Feature","geometry":{"type":"Polygon","coordinates":[[[-73.980815,40.752171],[-73.980809,40.752178],[-73.980738,40.752148],[-73.980659,40.752115],[-73.980656,40.752113],[-73.980834,40.751868],[-73.98107,40.751969],[-73.980899,40.752204],[-73.980815,40.752171]]]},"properties":{"bbl":"1012750008","address":"7 EAST 40 STREET","owner":"SACHAR 26 LLC","bldgclass":"O6","landuse":"05","zonedist1":"C5-2.5","zonedist2":null,"overlay1":null,"spdist1":"MiD","lotarea":7406,"bldgarea":86788,"comarea":86788,"resarea":0,"officearea":77888,"retailarea":8900,"numfloors":18,"numbldgs":2,"unitsres":0,"unitstotal":4,"yearbuilt":1913,"yearalter1":0,"builtfar":11.72,"residfar":10,"commfar":12,"facilfar":12,"lotfront":75,"lotdepth":98.75,"borough":"MN","block":1275,"lot":8}},{"type":"Feature","geometry":{"type":"Polygon","coordinates":[[[-73.980578,40.752077],[-73.980755,40.751835],[-73.980834,40.751868],[-73.980656,40.752113],[-73.980582,40.752082],[-73.980584,40.752079],[-73.980578,40.752077]]]},"properties":{"bbl":"1012750011","address":"13 EAST 40 STREET","owner":"REPUBLIC OF CYPRUS","bldgclass":"Z4","landuse":"08","zonedist1":"C5-2.5","zonedist2":null,"overlay1":null,"spdist1":"MiD","lotarea":2450,"bldgarea":11951,"comarea":11951,"resarea":0,"officearea":11951,"retailarea":0,"numfloors":6,"numbldgs":1,"unitsres":0,"unitstotal":1,"yearbuilt":1915,"yearalter1":0,"builtfar":4.88,"residfar":10,"commfar":12,"facilfar":12,"lotfront":25,"lotdepth":98.75,"borough":"MN","block":1275,"lot":11}},{"type":"Feature","geometry":{"type":"Polygon","coordinates":[[[-73.980641,40.752998],[-73.980966,40.753135],[-73.980825,40.753329],[-73.980501,40.753191],[-73.980641,40.752998]]]},"properties":{"bbl":"1012760069","address":"501 5 AVENUE","owner":"501 FIFTH AVENUE CO","bldgclass":"O4","landuse":"05","zonedist1":"C5-3","zonedist2":null,"overlay1":null,"spdist1":"MiD","lotarea":7325,"bldgarea":132961,"comarea":132961,"resarea":0,"officearea":127166,"retailarea":5795,"numfloors":21,"numbldgs":1,"unitsres":0,"unitstotal":132,"yearbuilt":1917,"yearalter1":0,"builtfar":18.15,"residfar":10,"commfar":15,"facilfar":15,"lotfront":73.25,"lotdepth":100,"borough":"MN","block":1276,"lot":69}}]}