{"type":"FeatureCollection","metadata":{"source":"OpenStreetMap contributors, via Overpass API","licence":"ODbL 1.0 — attribution required and rendered on the sheet","bbox":{"xmin":-73.9905,"ymin":40.7515,"xmax":-73.9805,"ymax":40.7595},"srid":4326,"retrieved":"2026-09-05T21:43:05.000Z","counts":{"ways":932}},"features":[{"type":"Feature","geometry":{"type":"LineString","coordinates":[[-73.977662,40.75791],[-73.977795,40.757966],[-73.978051,40.758074],[-73.978446,40.758241],[-73.978787,40.758386],[-73.978838,40.758407],[-73.978944,40.758453],[-73.979,40.758476],[-73.979053,40.758499],[-73.98075,40.759218],[-73.980883,40.759274]]},"properties":{"osm_id":5670114,"name":"West 49th Street","highway":"secondary","class":"secondary","oneway":true}},{"type":"Feature","geometry":{"type":"LineString","coordinates":[[-73.980019,40.755639],[-73.981717,40.756357],[-73.982313,40.756605]]},"properties":{"osm_id":5670124,"name":"West 45th Street","highway":"secondary","class":"secondary","oneway":true}},{"type":"Feature","geometry":{"type":"LineString","coordinates":[[-73.985969,40.751512],[-73.986065,40.751554],[-73.986267,40.751642],[-73.986399,40.7517]]},"properties":{"osm_id":5671181,"name":"West 37th Street","highway":"secondary","class":"secondary","oneway":true}},{"type":"Feature","geometry":{"type":"LineString","coordinates":[[-73.987189,40.757836],[-73.987149,40.75789],[-73.986773,40.758402],[-73.986728,40.758462]]},"properties":{"osm_id":5671182,"name":"Shubert Alley","highway":"pedestrian","class":"pedestrian"}},{"type":"Feature","geometry":{"type":"LineString","coordinates":[[-73.978557,40.756659],[-73.978681,40.756713],[-73.978694,40.756719],[-73.981662,40.75796],[-73.981797,40.758016],[-73.981936,40.758075],[-73.982503,40.758314],[-73.984509,40.759175],[-73.984619,40.759223]]},"properties":{"osm_id":5672036,"name":"West 47th Street","highway":"residential","class":"local","oneway":true}},{"type":"Feature","geometry":{"type":"LineString","coordinates":[[-73.981824,40.752205],[-73.981705,40.752155],[-73.980312,40.751564],[-73.980222,40.751535]]},"properties":{"osm_id":5672155,"name":"East 40th Street","highway":"residential","class":"local","oneway":true}},{"type":"Feature","geometry":{"type":"LineString","coordinates":[[-73.980392,40.754165],[-73.980521,40.754219],[-73.982101,40.754873],[-73.983496,40.755462],[-73.983624,40.755516]]},"properties":{"osm_id":5672464,"name":"West 43rd Street","highway":"residential","class":"local","oneway":true}},{"type":"Feature","geometry":{"type":"LineString","coordinates":[[-73.984596,40.754177],[-73.984728,40.754233],[-73.985276,40.754464],[-73.985305,40.754476],[-73.985394,40.754515],[-73.985424,40.754528],[-73.985485,40.754554],[-73.986512,40.754988],[-73.986559,40.755008],[-73.986627,40.755036],[-73.986671,40.755054]]},"properties":{"osm_id":5673323,"name":"West 41st Street","highway":"residential","class":"local","oneway":true}},{"type":"Feature","geometry":{"type":"LineString","coordinates":[[-73.990134,40.751659],[-73.990267,40.751715],[-73.990808,40.751943],[-73.990966,40.75201],[-73.992517,40.752665]]},"properties":{"osm_id":5673561,"name":"West 35th Street","highway":"residential","class":"local","oneway":true}},{"type":"Feature","geometry":{"type":"LineString","coordinates":[[-73.986425,40.755819],[-73.986458,40.755716],[-73.98665,40.755117],[-73.986671,40.755054]]},"properties":{"osm_id":35027229,"name":"Broadway","highway":"residential","class":"local","oneway":true}},{"type":"Feature","geometry":{"type":"LineString","coordinates":[[-73.98537,40.758629],[-73.985619,40.758155],[-73.985647,40.7581]]},"properties":{"osm_id":35027232,"name":"Broadway","highway":"pedestrian","class":"pedestrian"}},{"type":"Feature","geometry":{"type":"LineString","coordinates":[[-73.982276,40.751581],[-73.982402,40.751635],[-73.983421,40.752069],[-73.985357,40.752888],[-73.985484,40.752944],[-73.985624,40.753003],[-73.986949,40.75357],[-73.98707,40.753622]]},"properties":{"osm_id":36806906,"name":"West 39th Street","highway":"residential","class":"local","oneway":true}},{"type":"Feature","geometry":{"type":"LineString","coordinates":[[-73.992525,40.753478],[-73.992391,40.753422],[-73.991558,40.753072],[-73.989811,40.75234],[-73.989688,40.752289]]},"properties":{"osm_id":46481747,"name":"West 36th Street","highway":"secondary","class":"secondary","oneway":true}},{"type":"Feature","geometry":{"type":"LineString","coordinates":[[-73.982254,40.75739],[-73.982124,40.757335],[-73.981278,40.756977],[-73.979151,40.756089],[-73.979023,40.756037]]},"properties":{"osm_id":46522000,"name":"West 46th Street","highway":"secondary","class":"secondary","oneway":true}},{"type":"Feature","geometry":{"type":"LineString","coordinates":[[-73.986399,40.7517],[-73.986537,40.751759],[-73.987192,40.752042],[-73.987318,40.752096],[-73.98735,40.75211],[-73.987488,40.752169],[-73.987537,40.75219]]},"properties":{"osm_id":46522005,"name":"West 37th Street","highway":"secondary","class":"secondary","oneway":true}},{"type":"Feature","geometry":{"type":"LineString","coordinates":[[-73.985732,40.758046],[-73.986227,40.758253],[-73.986728,40.758462],[-73.988259,40.759106],[-73.988386,40.75916]]},"properties":{"osm_id":46522008,"name":"West 45th Street","highway":"secondary","class":"secondary","oneway":true}},{"type":"Feature","geometry":{"type":"LineString","coordinates":[[-73.983938,40.754451],[-73.983807,40.754396],[-73.982744,40.753949]]},"properties":{"osm_id":113722982,"name":null,"highway":"footway","class":"pedestrian"}},{"type":"Feature","geometry":{"type":"LineString","coordinates":[[-73.982589,40.753883],[-73.982765,40.753649],[-73.982885,40.753488],[-73.983013,40.75331],[-73.983184,40.753073],[-73.98325,40.752983],[-73.98328,40.752939],[-73.983302,40.752908],[-73.983311,40.752896]]},"properties":{"osm_id":113722984,"name":null,"highway":"footway","class":"pedestrian"}},{"type":"Feature","geometry":{"type":"LineString","coordinates":[[-73.983184,40.753073],[-73.983229,40.753092],[-73.983318,40.75313],[-73.983327,40.753133],[-73.984398,40.753584]]},"properties":{"osm_id":113722986,"name":null,"highway":"footway","class":"pedestrian"}},{"type":"Feature","geometry":{"type":"LineString","coordinates":[[-73.984194,40.753856],[-73.984334,40.753914],[-73.984236,40.754048],[-73.984144,40.754173],[-73.984008,40.754116],[-73.983979,40.754105]]},"properties":{"osm_id":113722989,"name":null,"highway":"footway","class":"pedestrian"}},{"type":"Feature","geometry":{"type":"LineString","coordinates":[[-73.983949,40.754093],[-73.983873,40.75419],[-73.982938,40.753801],[-73.982917,40.753792],[-73.98308,40.753568],[-73.983247,40.753337],[-73.983269,40.753346],[-73.983982,40.753637],[-73.9842,40.75373],[-73.984126,40.753831]]},"properties":{"osm_id":113722990,"name":null,"highway":"footway","class":"pedestrian"}},{"type":"Feature","geometry":{"type":"LineString","coordinates":[[-73.984194,40.753856],[-73.98421,40.753836],[-73.984398,40.753584],[-73.98441,40.753567],[-73.984493,40.753454]]},"properties":{"osm_id":113722991,"name":null,"highway":"footway","class":"pedestrian"}},{"type":"Feature","geometry":{"type":"LineString","coordinates":[[-73.983676,40.75458],[-73.983693,40.754556],[-73.983707,40.754536]]},"properties":{"osm_id":113722992,"name":null,"highway":"footway","class":"pedestrian"}},{"type":"Feature","geometry":{"type":"LineString","coordinates":[[-73.989791,40.757233],[-73.98972,40.757331],[-73.989435,40.757721]]},"properties":{"osm_id":125480075,"name":"8th Avenue","highway":"secondary","class":"secondary","oneway":true}},{"type":"Feature","geometry":{"type":"LineString","coordinates":[[-73.984118,40.754842],[-73.984047,40.754938],[-73.984031,40.75496],[-73.983669,40.755455],[-73.983624,40.755516],[-73.983581,40.755574],[-73.983208,40.756085],[-73.983166,40.756142]]},"properties":{"osm_id":127693103,"name":"6th Avenue","highway":"secondary","class":"secondary","oneway":true}},{"type":"Feature","geometry":{"type":"LineString","coordinates":[[-73.98516,40.756061],[-73.985512,40.755576]]},"properties":{"osm_id":163630202,"name":null,"highway":"footway","class":"pedestrian"}},{"type":"Feature","geometry":{"type":"LineString","coordinates":[[-73.985102,40.756139],[-73.985144,40.756082],[-73.98516,40.756061]]},"properties":{"osm_id":163630203,"name":null,"highway":"footway","class":"pedestrian"}},{"type":"Feature","geometry":{"type":"LineString","coordinates":[[-73.986949,40.756036],[-73.987015,40.755949],[-73.987402,40.755433],[-73.987447,40.755373]]},"properties":{"osm_id":167922070,"name":"7th Avenue","highway":"secondary","class":"secondary","oneway":true}},{"type":"Feature","geometry":{"type":"LineString","coordinates":[[-73.984174,40.759841],[-73.984217,40.759782],[-73.984585,40.75927],[-73.984619,40.759223]]},"properties":{"osm_id":167922071,"name":"7th Avenue","highway":"secondary","class":"secondary","oneway":true}},{"type":"Feature","geometry":{"type":"LineString","coordinates":[[-73.984118,40.754842],[-73.984262,40.754903],[-73.985601,40.755471],[-73.985919,40.755605]]},"properties":{"osm_id":167922072,"name":"West 42nd Street","highway":"primary","class":"arterial"}},{"type":"Feature","geometry":{"type":"LineString","coordinates":[[-73.984174,40.759841],[-73.984057,40.759791],[-73.983161,40.759409],[-73.983017,40.759349],[-73.982136,40.75898]]},"properties":{"osm_id":167922073,"name":"West 48th Street","highway":"residential","class":"local","oneway":true}},{"type":"Feature","geometry":{"type":"LineString","coordinates":[[-73.986425,40.755819],[-73.986509,40.755854],[-73.986831,40.755988],[-73.986949,40.756036]]},"properties":{"osm_id":167922076,"name":"West 42nd Street","highway":"primary","class":"arterial"}},{"type":"Feature","geometry":{"type":"LineString","coordinates":[[-73.989296,40.757912],[-73.989447,40.757975],[-73.990167,40.758274],[-73.990703,40.758499],[-73.990769,40.758527],[-73.992018,40.759054],[-73.992138,40.759104]]},"properties":{"osm_id":194926846,"name":"West 43rd Street","highway":"unclassified","class":"local","oneway":true}},{"type":"Feature","geometry":{"type":"LineString","coordinates":[[-73.988386,40.75916],[-73.988339,40.759223],[-73.988132,40.759508],[-73.987969,40.759731],[-73.987928,40.759787]]},"properties":{"osm_id":194926851,"name":"8th Avenue","highway":"secondary","class":"secondary","oneway":true}},{"type":"Feature","geometry":{"type":"LineString","coordinates":[[-73.987447,40.755373],[-73.987537,40.755411],[-73.988444,40.755794],[-73.988541,40.755835],[-73.990137,40.756508],[-73.990276,40.756567]]},"properties":{"osm_id":195743209,"name":"West 41st Street","highway":"unclassified","class":"local","oneway":true}},{"type":"Feature","geometry":{"type":"LineString","coordinates":[[-73.990276,40.756567],[-73.990429,40.756631]]},"properties":{"osm_id":195743210,"name":"West 41st Street","highway":"unclassified","class":"local","oneway":true}},{"type":"Feature","geometry":{"type":"LineString","coordinates":[[-73.987447,40.755373],[-73.987485,40.75532],[-73.987692,40.75503]]},"properties":{"osm_id":195743344,"name":"7th Avenue","highway":"secondary","class":"secondary","oneway":true}},{"type":"Feature","geometry":{"type":"LineString","coordinates":[[-73.990276,40.756567],[-73.990233,40.756626],[-73.990057,40.756868]]},"properties":{"osm_id":195743345,"name":"8th Avenue","highway":"secondary","class":"secondary","oneway":true}},{"type":"Feature","geometry":{"type":"LineString","coordinates":[[-73.981526,40.757002],[-73.981887,40.756497]]},"properties":{"osm_id":207439316,"name":null,"highway":"footway","class":"pedestrian"}},{"type":"Feature","geometry":{"type":"LineString","coordinates":[[-73.981806,40.758279],[-73.981794,40.758274],[-73.981651,40.758218],[-73.981384,40.758586],[-73.981341,40.758645],[-73.981484,40.758707],[-73.982136,40.75898],[-73.982181,40.758922],[-73.982197,40.758902],[-73.982257,40.758819],[-73.981822,40.758638],[-73.982018,40.758368],[-73.981806,40.758279]]},"properties":{"osm_id":218330656,"name":"News Corp. Plaza","highway":"pedestrian","class":"pedestrian"}},{"type":"Feature","geometry":{"type":"LineString","coordinates":[[-73.98504,40.753558],[-73.984909,40.753503],[-73.981951,40.752259],[-73.981824,40.752205]]},"properties":{"osm_id":226041022,"name":"West 40th Street","highway":"residential","class":"local","oneway":true}},{"type":"Feature","geometry":{"type":"LineString","coordinates":[[-73.983624,40.755516],[-73.983758,40.755572],[-73.985102,40.756139],[-73.985356,40.756246],[-73.985781,40.756425]]},"properties":{"osm_id":226041025,"name":"West 43rd Street","highway":"residential","class":"local","oneway":true}},{"type":"Feature","geometry":{"type":"LineString","coordinates":[[-73.98569,40.757208],[-73.984906,40.756877],[-73.984042,40.756512],[-73.983297,40.756197],[-73.983166,40.756142]]},"properties":{"osm_id":226041026,"name":"West 44th Street","highway":"residential","class":"local","oneway":true}},{"type":"Feature","geometry":{"type":"LineString","coordinates":[[-73.991684,40.759728],[-73.991552,40.759673],[-73.990628,40.759284],[-73.990351,40.759167],[-73.989475,40.758799],[-73.988989,40.758594],[-73.988843,40.758532]]},"properties":{"osm_id":226041027,"name":"West 44th Street","highway":"residential","class":"local","oneway":true}},{"type":"Feature","geometry":{"type":"LineString","coordinates":[[-73.981341,40.758645],[-73.981206,40.758588],[-73.979455,40.757852],[-73.979406,40.757832],[-73.97926,40.757769],[-73.978238,40.757337],[-73.978111,40.757283]]},"properties":{"osm_id":226041029,"name":"West 48th Street","highway":"residential","class":"local","oneway":true}},{"type":"Feature","geometry":{"type":"LineString","coordinates":[[-73.982067,40.759059],[-73.982083,40.75904],[-73.982136,40.75898],[-73.981484,40.758707],[-73.981341,40.758645],[-73.981296,40.758707],[-73.980924,40.759218],[-73.980883,40.759274],[-73.981031,40.759337],[-73.981357,40.759474],[-73.982155,40.75981],[-73.982194,40.759753],[-73.982211,40.759729],[-73.982284,40.759628],[-73.981506,40.759304],[-73.981704,40.75903],[-73.981995,40.759152],[-73.982067,40.759059]]},"properties":{"osm_id":330177547,"name":null,"highway":"pedestrian","class":"pedestrian"}},{"type":"Feature","geometry":{"type":"LineString","coordinates":[[-73.986327,40.759005],[-73.986676,40.758533]]},"properties":{"osm_id":351540642,"name":null,"highway":"footway","class":"pedestrian"}},{"type":"Feature","geometry":{"type":"LineString","coordinates":[[-73.987037,40.750799],[-73.986868,40.751028],[-73.986828,40.751082],[-73.986794,40.751131],[-73.986436,40.751647],[-73.986399,40.7517],[-73.986352,40.751765],[-73.98599,40.752259],[-73.985947,40.752317],[-73.985905,40.752373],[-73.98553,40.752877],[-73.985484,40.752944],[-73.985446,40.752993],[-73.985082,40.7535],[-73.98504,40.753558]]},"properties":{"osm_id":384649120,"name":"6th Avenue","highway":"secondary","class":"secondary","oneway":true}},{"type":"Feature","geometry":{"type":"LineString","coordinates":[[-73.982164,40.753824],[-73.9822,40.753947],[-73.984132,40.754763]]},"properties":{"osm_id":388734718,"name":null,"highway":"footway","class":"pedestrian"}},{"type":"Feature","geometry":{"type":"LineString","coordinates":[[-73.985079,40.758597],[-73.985132,40.758524],[-73.985244,40.758367]]},"properties":{"osm_id":397795463,"name":"7th Avenue","highway":"secondary","class":"secondary","oneway":true}},{"type":"Feature","geometry":{"type":"LineString","coordinates":[[-73.986012,40.757342],[-73.986056,40.757279],[-73.986363,40.756845],[-73.986398,40.756795],[-73.986458,40.75671]]},"properties":{"osm_id":397795464,"name":"7th Avenue","highway":"secondary","class":"secondary","oneway":true}},{"type":"Feature","geometry":{"type":"LineString","coordinates":[[-73.985079,40.758597],[-73.984967,40.75855],[-73.984278,40.758257],[-73.982703,40.757579]]},"properties":{"osm_id":420494981,"name":"West 46th Street","highway":"secondary","class":"secondary","oneway":true}},{"type":"Feature","geometry":{"type":"LineString","coordinates":[[-73.990057,40.756868],[-73.989857,40.757144],[-73.989791,40.757233]]},"properties":{"osm_id":420907902,"name":"8th Avenue","highway":"secondary","class":"secondary","oneway":true}},{"type":"Feature","geometry":{"type":"LineString","coordinates":[[-73.98138,40.752816],[-73.981418,40.752765],[-73.981777,40.752269],[-73.981824,40.752205],[-73.981868,40.752143],[-73.982195,40.751693],[-73.982226,40.751649],[-73.982276,40.751581],[-73.982316,40.751526],[-73.982674,40.751032],[-73.982726,40.75096],[-73.982773,40.750895],[-73.983123,40.750414],[-73.983175,40.750341]]},"properties":{"osm_id":438385431,"name":"5th Avenue","highway":"secondary","class":"secondary","oneway":true}},{"type":"Feature","geometry":{"type":"LineString","coordinates":[[-73.984945,40.753691],[-73.984637,40.754119],[-73.984596,40.754177]]},"properties":{"osm_id":440122868,"name":"6th Avenue","highway":"secondary","class":"secondary","oneway":true}},{"type":"Feature","geometry":{"type":"LineString","coordinates":[[-73.984432,40.754407],[-73.984179,40.754757],[-73.984118,40.754842]]},"properties":{"osm_id":448686048,"name":"6th Avenue","highway":"secondary","class":"secondary","oneway":true}},{"type":"Feature","geometry":{"type":"LineString","coordinates":[[-73.985137,40.759438],[-73.985207,40.759466],[-73.985346,40.759522],[-73.98706,40.760234],[-73.987346,40.760354],[-73.987475,40.760409],[-73.987585,40.760455],[-73.987617,40.760469],[-73.99018,40.761547],[-73.990316,40.761605]]},"properties":{"osm_id":452322756,"name":"West 47th Street","highway":"residential","class":"local","oneway":true}},{"type":"Feature","geometry":{"type":"LineString","coordinates":[[-73.984619,40.759223],[-73.98474,40.759273],[-73.984969,40.759368],[-73.985023,40.759391],[-73.985137,40.759438]]},"properties":{"osm_id":452322757,"name":"West 47th Street","highway":"residential","class":"local","oneway":true}},{"type":"Feature","geometry":{"type":"LineString","coordinates":[[-73.98488,40.755058],[-73.984906,40.755022],[-73.98494,40.754976],[-73.984949,40.754964]]},"properties":{"osm_id":458501696,"name":null,"highway":"footway","class":"pedestrian"}},{"type":"Feature","geometry":{"type":"LineString","coordinates":[[-73.986676,40.758533],[-73.986684,40.758522]]},"properties":{"osm_id":459148465,"name":null,"highway":"footway","class":"pedestrian"}},{"type":"Feature","geometry":{"type":"LineString","coordinates":[[-73.983166,40.756142],[-73.983037,40.756087],[-73.980458,40.755001]]},"properties":{"osm_id":464515890,"name":"West 44th Street","highway":"residential","class":"local","oneway":true}},{"type":"Feature","geometry":{"type":"LineString","coordinates":[[-73.983166,40.756142],[-73.983122,40.756205],[-73.982754,40.756713],[-73.982712,40.756771],[-73.982667,40.756832],[-73.982304,40.757322],[-73.982254,40.75739],[-73.982207,40.757454],[-73.981836,40.757963],[-73.981797,40.758016],[-73.981752,40.75808],[-73.981651,40.758218],[-73.981384,40.758586],[-73.981341,40.758645],[-73.981296,40.758707],[-73.980924,40.759218],[-73.980883,40.759274],[-73.980702,40.759522],[-73.980466,40.759844],[-73.980418,40.759911]]},"properties":{"osm_id":464516471,"name":"6th Avenue","highway":"secondary","class":"secondary","oneway":true}},{"type":"Feature","geometry":{"type":"LineString","coordinates":[[-73.989243,40.752895],[-73.989369,40.752948],[-73.991593,40.753886]]},"properties":{"osm_id":464543614,"name":"West 37th Street","highway":"secondary","class":"secondary","oneway":true}},{"type":"Feature","geometry":{"type":"LineString","coordinates":[[-73.989688,40.752289],[-73.989733,40.752224],[-73.99009,40.751721],[-73.990134,40.751659]]},"properties":{"osm_id":464543615,"name":"7th Avenue","highway":"secondary","class":"secondary","oneway":true}},{"type":"Feature","geometry":{"type":"LineString","coordinates":[[-73.980555,40.754172],[-73.980566,40.754155],[-73.980538,40.754145]]},"properties":{"osm_id":468011134,"name":null,"highway":"footway","class":"pedestrian"}},{"type":"Feature","geometry":{"type":"LineString","coordinates":[[-73.981223,40.752811],[-73.981208,40.752834],[-73.980823,40.753348],[-73.980807,40.753369]]},"properties":{"osm_id":468011135,"name":null,"highway":"footway","class":"pedestrian"}},{"type":"Feature","geometry":{"type":"LineString","coordinates":[[-73.981499,40.752804],[-73.981418,40.752765],[-73.981332,40.752723]]},"properties":{"osm_id":468011138,"name":"41st Street","highway":"footway","class":"pedestrian"}},{"type":"Feature","geometry":{"type":"LineString","coordinates":[[-73.981045,40.75343],[-73.980945,40.753394],[-73.980866,40.753367]]},"properties":{"osm_id":468011140,"name":null,"highway":"footway","class":"pedestrian"}},{"type":"Feature","geometry":{"type":"LineString","coordinates":[[-73.985451,40.757847],[-73.985527,40.757736],[-73.985693,40.757484],[-73.985792,40.757327]]},"properties":{"osm_id":477374247,"name":"Broadway","highway":"pedestrian","class":"pedestrian"}},{"type":"Feature","geometry":{"type":"LineString","coordinates":[[-73.984619,40.759223],[-73.984676,40.759147],[-73.985027,40.758668],[-73.985079,40.758597]]},"properties":{"osm_id":483360105,"name":"7th Avenue","highway":"secondary","class":"secondary","oneway":true}},{"type":"Feature","geometry":{"type":"LineString","coordinates":[[-73.987537,40.75219],[-73.987557,40.752198],[-73.987626,40.752229],[-73.989118,40.752843],[-73.989243,40.752895]]},"properties":{"osm_id":500717399,"name":"West 37th Street","highway":"secondary","class":"secondary","oneway":true}},{"type":"Feature","geometry":{"type":"LineString","coordinates":[[-73.980879,40.753481],[-73.981022,40.753534],[-73.982411,40.754123],[-73.983634,40.754639]]},"properties":{"osm_id":511699183,"name":"West 42nd Street","highway":"primary","class":"arterial"}},{"type":"Feature","geometry":{"type":"LineString","coordinates":[[-73.980392,40.754165],[-73.980436,40.754102],[-73.980809,40.753577],[-73.980879,40.753481]]},"properties":{"osm_id":511699184,"name":"5th Avenue","highway":"secondary","class":"secondary","oneway":true}},{"type":"Feature","geometry":{"type":"LineString","coordinates":[[-73.980879,40.753481],[-73.980945,40.753394],[-73.981132,40.753145],[-73.981326,40.752888],[-73.98138,40.752816]]},"properties":{"osm_id":511699185,"name":"5th Avenue","highway":"secondary","class":"secondary","oneway":true}},{"type":"Feature","geometry":{"type":"LineString","coordinates":[[-73.989341,40.757676],[-73.989372,40.75769],[-73.989364,40.7577],[-73.989313,40.757769],[-73.989278,40.757755],[-73.989326,40.757689],[-73.989364,40.7577]]},"properties":{"osm_id":513706050,"name":null,"highway":"footway","class":"pedestrian"}},{"type":"Feature","geometry":{"type":"LineString","coordinates":[[-73.990081,40.756954],[-73.990047,40.75694],[-73.990039,40.756951],[-73.989986,40.757019],[-73.990021,40.757033],[-73.990071,40.756965],[-73.990039,40.756951]]},"properties":{"osm_id":513706051,"name":null,"highway":"footway","class":"pedestrian"}},{"type":"Feature","geometry":{"type":"LineString","coordinates":[[-73.99045,40.75595],[-73.990586,40.756009]]},"properties":{"osm_id":513706057,"name":null,"highway":"steps","class":"pedestrian"}},{"type":"Feature","geometry":{"type":"LineString","coordinates":[[-73.990395,40.756445],[-73.990421,40.7564]]},"properties":{"osm_id":513706060,"name":null,"highway":"steps","class":"pedestrian"}},{"type":"Feature","geometry":{"type":"LineString","coordinates":[[-73.990314,40.756542],[-73.990343,40.756502]]},"properties":{"osm_id":513706061,"name":null,"highway":"steps","class":"pedestrian"}},{"type":"Feature","geometry":{"type":"LineString","coordinates":[[-73.990202,40.756689],[-73.990241,40.756642]]},"properties":{"osm_id":513706062,"name":null,"highway":"steps","class":"pedestrian"}},{"type":"Feature","geometry":{"type":"LineString","coordinates":[[-73.990144,40.756793],[-73.99018,40.756745]]},"properties":{"osm_id":513706063,"name":null,"highway":"steps","class":"pedestrian"}},{"type":"Feature","geometry":{"type":"LineString","coordinates":[[-73.989651,40.757134],[-73.989576,40.756949],[-73.98948,40.756908],[-73.989463,40.756931]]},"properties":{"osm_id":513706064,"name":null,"highway":"steps","class":"pedestrian"}},{"type":"Feature","geometry":{"type":"LineString","coordinates":[[-73.989852,40.757238],[-73.98988,40.75721]]},"properties":{"osm_id":513706065,"name":null,"highway":"steps","class":"pedestrian"}},{"type":"Feature","geometry":{"type":"LineString","coordinates":[[-73.990004,40.757471],[-73.989881,40.757419],[-73.989911,40.757378]]},"properties":{"osm_id":513706066,"name":null,"highway":"steps","class":"pedestrian"}},{"type":"Feature","geometry":{"type":"LineString","coordinates":[[-73.989456,40.757401],[-73.989417,40.757383],[-73.989484,40.757291],[-73.989574,40.757261],[-73.989607,40.757214]]},"properties":{"osm_id":513706067,"name":null,"highway":"steps","class":"pedestrian"}},{"type":"Feature","geometry":{"type":"LineString","coordinates":[[-73.989758,40.757393],[-73.989786,40.757354]]},"properties":{"osm_id":513706068,"name":null,"highway":"steps","class":"pedestrian"}},{"type":"Feature","geometry":{"type":"LineString","coordinates":[[-73.989605,40.757328],[-73.989623,40.757296]]},"properties":{"osm_id":513706069,"name":null,"highway":"steps","class":"pedestrian"}},{"type":"Feature","geometry":{"type":"LineString","coordinates":[[-73.989557,40.757394],[-73.989523,40.757432]]},"properties":{"osm_id":513706070,"name":null,"highway":"steps","class":"pedestrian"}},{"type":"Feature","geometry":{"type":"LineString","coordinates":[[-73.989513,40.757472],[-73.989487,40.757505]]},"properties":{"osm_id":513706071,"name":null,"highway":"steps","class":"pedestrian"}},{"type":"Feature","geometry":{"type":"LineString","coordinates":[[-73.989378,40.757652],[-73.989401,40.757617]]},"properties":{"osm_id":513706072,"name":null,"highway":"steps","class":"pedestrian"}},{"type":"Feature","geometry":{"type":"LineString","coordinates":[[-73.989554,40.757941],[-73.989461,40.757901]]},"properties":{"osm_id":513706073,"name":null,"highway":"steps","class":"pedestrian"}},{"type":"Feature","geometry":{"type":"LineString","coordinates":[[-73.989236,40.757828],[-73.989213,40.757861]]},"properties":{"osm_id":513706074,"name":null,"highway":"steps","class":"pedestrian"}},{"type":"Feature","geometry":{"type":"LineString","coordinates":[[-73.988941,40.758224],[-73.988974,40.758177]]},"properties":{"osm_id":513706075,"name":null,"highway":"steps","class":"pedestrian"}},{"type":"Feature","geometry":{"type":"LineString","coordinates":[[-73.988889,40.758295],[-73.988921,40.758249]]},"properties":{"osm_id":513706076,"name":null,"highway":"steps","class":"pedestrian"}},{"type":"Feature","geometry":{"type":"LineString","coordinates":[[-73.988849,40.758362],[-73.98881,40.758406]]},"properties":{"osm_id":513706077,"name":null,"highway":"steps","class":"pedestrian"}},{"type":"Feature","geometry":{"type":"LineString","coordinates":[[-73.98867,40.758377],[-73.988788,40.758427]]},"properties":{"osm_id":513706078,"name":null,"highway":"steps","class":"pedestrian"}},{"type":"Feature","geometry":{"type":"LineString","coordinates":[[-73.989015,40.758692],[-73.988874,40.758634]]},"properties":{"osm_id":513706079,"name":null,"highway":"steps","class":"pedestrian"}},{"type":"Feature","geometry":{"type":"LineString","coordinates":[[-73.98918,40.75858],[-73.989194,40.758561],[-73.989076,40.758512]]},"properties":{"osm_id":513706081,"name":null,"highway":"steps","class":"pedestrian"}},{"type":"Feature","geometry":{"type":"LineString","coordinates":[[-73.987301,40.755294],[-73.987328,40.755305]]},"properties":{"osm_id":513706082,"name":null,"highway":"steps","class":"pedestrian"}},{"type":"Feature","geometry":{"type":"LineString","coordinates":[[-73.987252,40.755249],[-73.987217,40.75523],[-73.986962,40.755121]]},"properties":{"osm_id":513706083,"name":null,"highway":"steps","class":"pedestrian"}},{"type":"Feature","geometry":{"type":"LineString","coordinates":[[-73.987804,40.755536],[-73.987712,40.755495]]},"properties":{"osm_id":513706085,"name":null,"highway":"steps","class":"pedestrian"}},{"type":"Feature","geometry":{"type":"LineString","coordinates":[[-73.987275,40.755311],[-73.986928,40.755166]]},"properties":{"osm_id":513706086,"name":null,"highway":"steps","class":"pedestrian"}},{"type":"Feature","geometry":{"type":"LineString","coordinates":[[-73.98739,40.755362],[-73.987346,40.755342]]},"properties":{"osm_id":513706087,"name":null,"highway":"steps","class":"pedestrian"}},{"type":"Feature","geometry":{"type":"LineString","coordinates":[[-73.98739,40.755362],[-73.987453,40.755386]]},"properties":{"osm_id":513706088,"name":null,"highway":"steps","class":"pedestrian"}},{"type":"Feature","geometry":{"type":"LineString","coordinates":[[-73.988134,40.75564],[-73.988111,40.75566],[-73.988057,40.755639]]},"properties":{"osm_id":513706089,"name":null,"highway":"steps","class":"pedestrian"}},{"type":"Feature","geometry":{"type":"LineString","coordinates":[[-73.988041,40.75563],[-73.987994,40.755611]]},"properties":{"osm_id":513706090,"name":null,"highway":"steps","class":"pedestrian"}},{"type":"Feature","geometry":{"type":"LineString","coordinates":[[-73.987599,40.755446],[-73.987645,40.755468]]},"properties":{"osm_id":513706091,"name":null,"highway":"steps","class":"pedestrian"}},{"type":"Feature","geometry":{"type":"LineString","coordinates":[[-73.987197,40.755631],[-73.987216,40.7556]]},"properties":{"osm_id":513706093,"name":null,"highway":"steps","class":"pedestrian"}},{"type":"Feature","geometry":{"type":"LineString","coordinates":[[-73.987329,40.755688],[-73.98735,40.755656]]},"properties":{"osm_id":513706094,"name":null,"highway":"steps","class":"pedestrian"}},{"type":"Feature","geometry":{"type":"LineString","coordinates":[[-73.987604,40.755067],[-73.987573,40.75511]]},"properties":{"osm_id":513706095,"name":null,"highway":"steps","class":"pedestrian"}},{"type":"Feature","geometry":{"type":"LineString","coordinates":[[-73.987737,40.755126],[-73.987709,40.755168]]},"properties":{"osm_id":513706096,"name":null,"highway":"steps","class":"pedestrian"}},{"type":"Feature","geometry":{"type":"LineString","coordinates":[[-73.987804,40.754746],[-73.987827,40.754713]]},"properties":{"osm_id":513706099,"name":null,"highway":"steps","class":"pedestrian"}},{"type":"Feature","geometry":{"type":"LineString","coordinates":[[-73.987955,40.754812],[-73.987982,40.754777]]},"properties":{"osm_id":513706100,"name":null,"highway":"steps","class":"pedestrian"}},{"type":"Feature","geometry":{"type":"LineString","coordinates":[[-73.988254,40.754805],[-73.988285,40.75476]]},"properties":{"osm_id":513706101,"name":null,"highway":"steps","class":"pedestrian"}},{"type":"Feature","geometry":{"type":"LineString","coordinates":[[-73.987804,40.754611],[-73.987852,40.754544],[-73.987873,40.754553],[-73.987837,40.754604]]},"properties":{"osm_id":513706102,"name":null,"highway":"steps","class":"pedestrian"}},{"type":"Feature","geometry":{"type":"LineString","coordinates":[[-73.987188,40.755193],[-73.987261,40.755223]]},"properties":{"osm_id":513706104,"name":null,"highway":"steps","class":"pedestrian"}},{"type":"Feature","geometry":{"type":"LineString","coordinates":[[-73.987384,40.755196],[-73.987349,40.755241]]},"properties":{"osm_id":513706105,"name":null,"highway":"steps","class":"pedestrian"}},{"type":"Feature","geometry":{"type":"LineString","coordinates":[[-73.987416,40.755289],[-73.987468,40.755229]]},"properties":{"osm_id":513706106,"name":null,"highway":"steps","class":"pedestrian"}},{"type":"Feature","geometry":{"type":"LineString","coordinates":[[-73.987568,40.755346],[-73.987609,40.755287]]},"properties":{"osm_id":513706107,"name":null,"highway":"steps","class":"pedestrian"}},{"type":"Feature","geometry":{"type":"LineString","coordinates":[[-73.987658,40.755558],[-73.987629,40.755598],[-73.987586,40.75558]]},"properties":{"osm_id":513706110,"name":null,"highway":"steps","class":"pedestrian"}},{"type":"Feature","geometry":{"type":"LineString","coordinates":[[-73.987454,40.7555],[-73.987415,40.755555]]},"properties":{"osm_id":513706111,"name":null,"highway":"steps","class":"pedestrian"}},{"type":"Feature","geometry":{"type":"LineString","coordinates":[[-73.987327,40.755423],[-73.987277,40.755484]]},"properties":{"osm_id":513706112,"name":null,"highway":"steps","class":"pedestrian"}},{"type":"Feature","geometry":{"type":"LineString","coordinates":[[-73.987171,40.755626],[-73.987233,40.755549]]},"properties":{"osm_id":513706113,"name":null,"highway":"steps","class":"pedestrian"}},{"type":"Feature","geometry":{"type":"LineString","coordinates":[[-73.98697,40.75589],[-73.987014,40.75583]]},"properties":{"osm_id":513706114,"name":null,"highway":"steps","class":"pedestrian"}},{"type":"Feature","geometry":{"type":"LineString","coordinates":[[-73.987133,40.755952],[-73.987176,40.755894]]},"properties":{"osm_id":513706115,"name":null,"highway":"steps","class":"pedestrian"}},{"type":"Feature","geometry":{"type":"LineString","coordinates":[[-73.987268,40.756361],[-73.98726,40.756373],[-73.987158,40.75633]]},"properties":{"osm_id":513706120,"name":null,"highway":"steps","class":"pedestrian"}},{"type":"Feature","geometry":{"type":"LineString","coordinates":[[-73.98754,40.756122],[-73.987565,40.756088],[-73.987432,40.756037]]},"properties":{"osm_id":513706121,"name":null,"highway":"steps","class":"pedestrian"}},{"type":"Feature","geometry":{"type":"LineString","coordinates":[[-73.98639,40.755556],[-73.986408,40.755496]]},"properties":{"osm_id":513706128,"name":null,"highway":"steps","class":"pedestrian"}},{"type":"Feature","geometry":{"type":"LineString","coordinates":[[-73.986538,40.755533],[-73.986552,40.755471]]},"properties":{"osm_id":513706129,"name":null,"highway":"steps","class":"pedestrian"}},{"type":"Feature","geometry":{"type":"LineString","coordinates":[[-73.986337,40.755589],[-73.98632,40.755644]]},"properties":{"osm_id":513706130,"name":null,"highway":"steps","class":"pedestrian"}},{"type":"Feature","geometry":{"type":"LineString","coordinates":[[-73.986442,40.755295],[-73.986465,40.75521]]},"properties":{"osm_id":513706131,"name":null,"highway":"steps","class":"pedestrian"}},{"type":"Feature","geometry":{"type":"LineString","coordinates":[[-73.986622,40.755346],[-73.986642,40.755269]]},"properties":{"osm_id":513706132,"name":null,"highway":"steps","class":"pedestrian"}},{"type":"Feature","geometry":{"type":"LineString","coordinates":[[-73.986898,40.755705],[-73.986747,40.755651]]},"properties":{"osm_id":513706133,"name":null,"highway":"steps","class":"pedestrian"}},{"type":"Feature","geometry":{"type":"LineString","coordinates":[[-73.986831,40.755726],[-73.986737,40.755684]]},"properties":{"osm_id":513706134,"name":null,"highway":"steps","class":"pedestrian"}},{"type":"Feature","geometry":{"type":"LineString","coordinates":[[-73.986872,40.755041],[-73.986834,40.755026],[-73.986811,40.755059]]},"properties":{"osm_id":513706137,"name":null,"highway":"steps","class":"pedestrian"}},{"type":"Feature","geometry":{"type":"LineString","coordinates":[[-73.986746,40.754413],[-73.986755,40.754378]]},"properties":{"osm_id":513706138,"name":null,"highway":"steps","class":"pedestrian"}},{"type":"Feature","geometry":{"type":"LineString","coordinates":[[-73.986734,40.754441],[-73.986719,40.754477]]},"properties":{"osm_id":513706139,"name":null,"highway":"steps","class":"pedestrian"}},{"type":"Feature","geometry":{"type":"LineString","coordinates":[[-73.986894,40.754443],[-73.986911,40.754407]]},"properties":{"osm_id":513706140,"name":null,"highway":"steps","class":"pedestrian"}},{"type":"Feature","geometry":{"type":"LineString","coordinates":[[-73.986885,40.754475],[-73.986874,40.754508]]},"properties":{"osm_id":513706141,"name":null,"highway":"steps","class":"pedestrian"}},{"type":"Feature","geometry":{"type":"LineString","coordinates":[[-73.986596,40.754298],[-73.986573,40.754288],[-73.986587,40.754266],[-73.986665,40.75429]]},"properties":{"osm_id":513706142,"name":null,"highway":"steps","class":"pedestrian"}},{"type":"Feature","geometry":{"type":"LineString","coordinates":[[-73.986671,40.754157],[-73.986643,40.754147],[-73.98663,40.754165],[-73.986702,40.754197]]},"properties":{"osm_id":513706143,"name":null,"highway":"steps","class":"pedestrian"}},{"type":"Feature","geometry":{"type":"LineString","coordinates":[[-73.987077,40.754502],[-73.987043,40.754488],[-73.987032,40.754464],[-73.986973,40.754437]]},"properties":{"osm_id":513706144,"name":null,"highway":"steps","class":"pedestrian"}},{"type":"Feature","geometry":{"type":"LineString","coordinates":[[-73.987108,40.754349],[-73.987119,40.754354],[-73.987109,40.754366],[-73.987005,40.754348]]},"properties":{"osm_id":513706145,"name":null,"highway":"steps","class":"pedestrian"}},{"type":"Feature","geometry":{"type":"LineString","coordinates":[[-73.986949,40.756036],[-73.98707,40.756087],[-73.987211,40.756146],[-73.987484,40.756262],[-73.988328,40.756617],[-73.988418,40.756655],[-73.98852,40.756698],[-73.988692,40.75677],[-73.989658,40.757177],[-73.989791,40.757233]]},"properties":{"osm_id":525729008,"name":"West 42nd Street","highway":"primary","class":"arterial"}},{"type":"Feature","geometry":{"type":"LineString","coordinates":[[-73.980711,40.753501],[-73.980759,40.753435],[-73.980807,40.753369]]},"properties":{"osm_id":533859005,"name":null,"highway":"footway","class":"pedestrian"}},{"type":"Feature","geometry":{"type":"LineString","coordinates":[[-73.981869,40.752307],[-73.981777,40.752269],[-73.981694,40.752236]]},"properties":{"osm_id":533859006,"name":"5th Avenue","highway":"footway","class":"pedestrian"}},{"type":"Feature","geometry":{"type":"LineString","coordinates":[[-73.981282,40.752728],[-73.981257,40.752764],[-73.981223,40.752811]]},"properties":{"osm_id":533859007,"name":null,"highway":"footway","class":"pedestrian"}},{"type":"Feature","geometry":{"type":"LineString","coordinates":[[-73.981282,40.752728],[-73.981296,40.752708],[-73.981657,40.752217],[-73.981673,40.752196]]},"properties":{"osm_id":533859008,"name":null,"highway":"footway","class":"pedestrian"}},{"type":"Feature","geometry":{"type":"LineString","coordinates":[[-73.981058,40.753485],[-73.981022,40.753534],[-73.980968,40.753608]]},"properties":{"osm_id":533859009,"name":null,"highway":"footway","class":"pedestrian"}},{"type":"Feature","geometry":{"type":"LineString","coordinates":[[-73.981244,40.752856],[-73.981326,40.752888],[-73.981412,40.752923]]},"properties":{"osm_id":533859010,"name":"41st Street","highway":"footway","class":"pedestrian"}},{"type":"Feature","geometry":{"type":"LineString","coordinates":[[-73.991633,40.754707],[-73.991488,40.754647],[-73.988923,40.753557],[-73.988798,40.753503]]},"properties":{"osm_id":542257008,"name":"West 38th Street","highway":"residential","class":"local","oneway":true}},{"type":"Feature","geometry":{"type":"LineString","coordinates":[[-73.987344,40.752887],[-73.987182,40.752818],[-73.986084,40.752375],[-73.985947,40.752317],[-73.985816,40.752262],[-73.985384,40.75208],[-73.983678,40.751361],[-73.983617,40.751335],[-73.983318,40.751209],[-73.982844,40.751009],[-73.982726,40.75096]]},"properties":{"osm_id":542257009,"name":"West 38th Street","highway":"residential","class":"local","oneway":true}},{"type":"Feature","geometry":{"type":"LineString","coordinates":[[-73.990728,40.755949],[-73.990676,40.756018],[-73.99032,40.756507],[-73.990276,40.756567]]},"properties":{"osm_id":542257430,"name":"8th Avenue","highway":"secondary","class":"secondary","oneway":true}},{"type":"Feature","geometry":{"type":"LineString","coordinates":[[-73.988323,40.754147],[-73.988453,40.754199],[-73.991059,40.75528],[-73.991177,40.75533]]},"properties":{"osm_id":542257982,"name":"West 39th Street","highway":"residential","class":"local","oneway":true}},{"type":"Feature","geometry":{"type":"LineString","coordinates":[[-73.990728,40.755949],[-73.990586,40.755889],[-73.989412,40.755396],[-73.988017,40.75481],[-73.987888,40.754755]]},"properties":{"osm_id":542258060,"name":"West 40th Street","highway":"residential","class":"local","oneway":true}},{"type":"Feature","geometry":{"type":"LineString","coordinates":[[-73.986898,40.754335],[-73.986848,40.754314],[-73.986725,40.754263],[-73.985178,40.753616],[-73.98504,40.753558]]},"properties":{"osm_id":542258061,"name":"West 40th Street","highway":"residential","class":"local","oneway":true}},{"type":"Feature","geometry":{"type":"LineString","coordinates":[[-73.980883,40.759274],[-73.981031,40.759337],[-73.981357,40.759474],[-73.982155,40.75981],[-73.982704,40.760041],[-73.983239,40.760267]]},"properties":{"osm_id":542258337,"name":"West 49th Street","highway":"secondary","class":"secondary","oneway":true}},{"type":"Feature","geometry":{"type":"LineString","coordinates":[[-73.985244,40.758367],[-73.985482,40.758035],[-73.985534,40.757963]]},"properties":{"osm_id":569345542,"name":"7th Avenue","highway":"secondary","class":"secondary","oneway":true}},{"type":"Feature","geometry":{"type":"LineString","coordinates":[[-73.986458,40.75671],[-73.986566,40.756755],[-73.988382,40.757524]]},"properties":{"osm_id":569345543,"name":"West 43rd Street","highway":"residential","class":"local","oneway":true}},{"type":"Feature","geometry":{"type":"LineString","coordinates":[[-73.986458,40.75671],[-73.986508,40.756644],[-73.98688,40.756131],[-73.986949,40.756036]]},"properties":{"osm_id":569345544,"name":"7th Avenue","highway":"secondary","class":"secondary","oneway":true}},{"type":"Feature","geometry":{"type":"LineString","coordinates":[[-73.987692,40.75503],[-73.987848,40.754811],[-73.987888,40.754755]]},"properties":{"osm_id":569345545,"name":"7th Avenue","highway":"secondary","class":"secondary","oneway":true}},{"type":"Feature","geometry":{"type":"LineString","coordinates":[[-73.987888,40.754755],[-73.98777,40.754705],[-73.987488,40.754586],[-73.987004,40.754381],[-73.986933,40.754351],[-73.986898,40.754335]]},"properties":{"osm_id":569345546,"name":"West 40th Street","highway":"residential","class":"local","oneway":true}},{"type":"Feature","geometry":{"type":"LineString","coordinates":[[-73.988983,40.75325],[-73.989195,40.752961],[-73.989243,40.752895]]},"properties":{"osm_id":569345547,"name":"7th Avenue","highway":"secondary","class":"secondary","oneway":true}},{"type":"Feature","geometry":{"type":"LineString","coordinates":[[-73.989475,40.758799],[-73.989434,40.758857],[-73.989423,40.758873],[-73.989271,40.759088]]},"properties":{"osm_id":570155210,"name":null,"highway":"service","class":"service"}},{"type":"Feature","geometry":{"type":"LineString","coordinates":[[-73.98577,40.758886],[-73.985814,40.758826],[-73.985831,40.758802]]},"properties":{"osm_id":575505274,"name":null,"highway":"service","class":"service","oneway":true}},{"type":"Feature","geometry":{"type":"LineString","coordinates":[[-73.986176,40.758324],[-73.986183,40.758314],[-73.986227,40.758253]]},"properties":{"osm_id":575505275,"name":null,"highway":"service","class":"service","oneway":true}},{"type":"Feature","geometry":{"type":"LineString","coordinates":[[-73.985831,40.758802],[-73.986176,40.758324]]},"properties":{"osm_id":575505276,"name":null,"highway":"service","class":"service","oneway":true}},{"type":"Feature","geometry":{"type":"LineString","coordinates":[[-73.985384,40.75208],[-73.985428,40.752023],[-73.98544,40.752008]]},"properties":{"osm_id":618613775,"name":null,"highway":"service","class":"service"}},{"type":"Feature","geometry":{"type":"LineString","coordinates":[[-73.98482,40.760113],[-73.984908,40.760057],[-73.985116,40.759496],[-73.985137,40.759438]]},"properties":{"osm_id":626514137,"name":"Broadway","highway":"living_street","class":"local","oneway":true}},{"type":"Feature","geometry":{"type":"LineString","coordinates":[[-73.990429,40.756631],[-73.991575,40.757122]]},"properties":{"osm_id":626739791,"name":"West 41st Street","highway":"unclassified","class":"local","oneway":true}},{"type":"Feature","geometry":{"type":"LineString","coordinates":[[-73.985068,40.755139],[-73.985101,40.755094],[-73.985138,40.755044],[-73.985115,40.755034],[-73.98508,40.755019],[-73.985036,40.755001],[-73.984986,40.754979],[-73.984949,40.754964]]},"properties":{"osm_id":666218599,"name":null,"highway":"footway","class":"pedestrian"}},{"type":"Feature","geometry":{"type":"LineString","coordinates":[[-73.985396,40.754672],[-73.985304,40.754634],[-73.985246,40.75461],[-73.985212,40.754596]]},"properties":{"osm_id":666218600,"name":null,"highway":"footway","class":"pedestrian"}},{"type":"Feature","geometry":{"type":"LineString","coordinates":[[-73.984984,40.754915],[-73.98503,40.754851],[-73.985068,40.754796],[-73.985149,40.754683],[-73.985178,40.754643]]},"properties":{"osm_id":666218601,"name":null,"highway":"footway","class":"pedestrian"}},{"type":"Feature","geometry":{"type":"LineString","coordinates":[[-73.984949,40.754964],[-73.984955,40.754954],[-73.984975,40.754927],[-73.984984,40.754915]]},"properties":{"osm_id":666218602,"name":null,"highway":"steps","class":"pedestrian"}},{"type":"Feature","geometry":{"type":"LineString","coordinates":[[-73.985212,40.754596],[-73.985254,40.754543],[-73.985264,40.75453],[-73.985305,40.754476]]},"properties":{"osm_id":666218603,"name":null,"highway":"footway","class":"pedestrian"}},{"type":"Feature","geometry":{"type":"LineString","coordinates":[[-73.985178,40.754643],[-73.985212,40.754596]]},"properties":{"osm_id":666218604,"name":null,"highway":"steps","class":"pedestrian"}},{"type":"Feature","geometry":{"type":"LineString","coordinates":[[-73.985534,40.757963],[-73.985589,40.757892],[-73.985952,40.757419],[-73.986012,40.757342]]},"properties":{"osm_id":682360554,"name":"7th Avenue","highway":"secondary","class":"secondary","oneway":true}},{"type":"Feature","geometry":{"type":"LineString","coordinates":[[-73.987344,40.752887],[-73.987365,40.752842],[-73.98752,40.752254],[-73.987537,40.75219]]},"properties":{"osm_id":700951338,"name":"Broadway","highway":"residential","class":"local","oneway":true}},{"type":"Feature","geometry":{"type":"LineString","coordinates":[[-73.987537,40.75219],[-73.987552,40.752116],[-73.987673,40.751512],[-73.987686,40.751445]]},"properties":{"osm_id":700951339,"name":"Broadway","highway":"residential","class":"local","oneway":true}},{"type":"Feature","geometry":{"type":"LineString","coordinates":[[-73.983154,40.75337],[-73.983122,40.753354]]},"properties":{"osm_id":702073568,"name":null,"highway":"steps","class":"pedestrian"}},{"type":"Feature","geometry":{"type":"LineString","coordinates":[[-73.982903,40.753707],[-73.982872,40.753696]]},"properties":{"osm_id":702073569,"name":null,"highway":"steps","class":"pedestrian"}},{"type":"Feature","geometry":{"type":"LineString","coordinates":[[-73.982799,40.753359],[-73.982876,40.753395],[-73.982749,40.753568]]},"properties":{"osm_id":702073685,"name":null,"highway":"steps","class":"pedestrian"}},{"type":"Feature","geometry":{"type":"LineString","coordinates":[[-73.982539,40.753863],[-73.982522,40.753855]]},"properties":{"osm_id":702073687,"name":null,"highway":"footway","class":"pedestrian"}},{"type":"Feature","geometry":{"type":"LineString","coordinates":[[-73.982681,40.753635],[-73.9827,40.753643]]},"properties":{"osm_id":702073688,"name":null,"highway":"steps","class":"pedestrian"}},{"type":"Feature","geometry":{"type":"LineString","coordinates":[[-73.982618,40.753755],[-73.982601,40.753747]]},"properties":{"osm_id":702073690,"name":null,"highway":"steps","class":"pedestrian"}},{"type":"Feature","geometry":{"type":"LineString","coordinates":[[-73.982732,40.753804],[-73.982714,40.753796]]},"properties":{"osm_id":702073691,"name":null,"highway":"steps","class":"pedestrian"}},{"type":"Feature","geometry":{"type":"LineString","coordinates":[[-73.981698,40.752985],[-73.981711,40.752991],[-73.981723,40.752995],[-73.981746,40.753005],[-73.981769,40.753014]]},"properties":{"osm_id":702073693,"name":null,"highway":"steps","class":"pedestrian"}},{"type":"Feature","geometry":{"type":"LineString","coordinates":[[-73.98276,40.753462],[-73.982767,40.753465],[-73.982779,40.753462],[-73.982795,40.753437],[-73.982791,40.753426],[-73.982786,40.753424]]},"properties":{"osm_id":702073697,"name":null,"highway":"steps","class":"pedestrian"}},{"type":"Feature","geometry":{"type":"LineString","coordinates":[[-73.983852,40.754576],[-73.983904,40.75459]]},"properties":{"osm_id":702073705,"name":null,"highway":"steps","class":"pedestrian"}},{"type":"Feature","geometry":{"type":"LineString","coordinates":[[-73.983231,40.753988],[-73.983226,40.753993]]},"properties":{"osm_id":702073709,"name":null,"highway":"footway","class":"pedestrian"}},{"type":"Feature","geometry":{"type":"LineString","coordinates":[[-73.9836,40.75415],[-73.983605,40.754144]]},"properties":{"osm_id":702073710,"name":null,"highway":"steps","class":"pedestrian"}},{"type":"Feature","geometry":{"type":"LineString","coordinates":[[-73.984023,40.753586],[-73.984018,40.753593],[-73.984,40.753615]]},"properties":{"osm_id":702073712,"name":null,"highway":"steps","class":"pedestrian"}},{"type":"Feature","geometry":{"type":"LineString","coordinates":[[-73.981999,40.752529],[-73.981935,40.752502]]},"properties":{"osm_id":702073717,"name":null,"highway":"steps","class":"pedestrian"}},{"type":"Feature","geometry":{"type":"LineString","coordinates":[[-73.981559,40.752928],[-73.981552,40.752925],[-73.981545,40.752922],[-73.981531,40.752917],[-73.981526,40.752915]]},"properties":{"osm_id":702073719,"name":null,"highway":"steps","class":"pedestrian"}},{"type":"Feature","geometry":{"type":"LineString","coordinates":[[-73.981475,40.753597],[-73.981512,40.753546]]},"properties":{"osm_id":702073723,"name":null,"highway":"steps","class":"pedestrian"}},{"type":"Feature","geometry":{"type":"LineString","coordinates":[[-73.981479,40.753525],[-73.981502,40.753492]]},"properties":{"osm_id":702073724,"name":null,"highway":"steps","class":"pedestrian"}},{"type":"Feature","geometry":{"type":"LineString","coordinates":[[-73.982981,40.754206],[-73.982939,40.754188]]},"properties":{"osm_id":702073731,"name":null,"highway":"steps","class":"pedestrian"}},{"type":"Feature","geometry":{"type":"LineString","coordinates":[[-73.982902,40.754173],[-73.982859,40.754155]]},"properties":{"osm_id":702073732,"name":null,"highway":"steps","class":"pedestrian"}},{"type":"Feature","geometry":{"type":"LineString","coordinates":[[-73.98453,40.753809],[-73.98446,40.753779],[-73.984372,40.7539],[-73.984441,40.753929],[-73.98453,40.753809]]},"properties":{"osm_id":702073752,"name":null,"highway":"pedestrian","class":"pedestrian"}},{"type":"Feature","geometry":{"type":"LineString","coordinates":[[-73.983557,40.754173],[-73.983232,40.754036],[-73.983179,40.754108],[-73.983504,40.754245],[-73.983557,40.754173]]},"properties":{"osm_id":702073765,"name":null,"highway":"pedestrian","class":"pedestrian"}},{"type":"Feature","geometry":{"type":"LineString","coordinates":[[-73.98407,40.753473],[-73.983742,40.753335],[-73.983689,40.753407],[-73.984017,40.753545],[-73.98407,40.753473]]},"properties":{"osm_id":702073767,"name":null,"highway":"pedestrian","class":"pedestrian"}},{"type":"Feature","geometry":{"type":"LineString","coordinates":[[-73.984324,40.753726],[-73.984422,40.753766],[-73.984335,40.753885],[-73.984238,40.753844],[-73.984324,40.753726]]},"properties":{"osm_id":702073768,"name":null,"highway":"pedestrian","class":"pedestrian"}},{"type":"Feature","geometry":{"type":"LineString","coordinates":[[-73.982482,40.753952],[-73.982523,40.753969],[-73.982569,40.753988],[-73.982556,40.754006],[-73.98251,40.753987],[-73.982469,40.75397],[-73.982482,40.753952]]},"properties":{"osm_id":702073776,"name":null,"highway":"pedestrian","class":"pedestrian"}},{"type":"Feature","geometry":{"type":"LineString","coordinates":[[-73.984312,40.754178],[-73.984368,40.7541],[-73.984425,40.754022],[-73.984398,40.754011],[-73.984342,40.754089],[-73.984285,40.754167],[-73.984312,40.754178]]},"properties":{"osm_id":702073777,"name":null,"highway":"pedestrian","class":"pedestrian"}},{"type":"Feature","geometry":{"type":"LineString","coordinates":[[-73.982465,40.753975],[-73.982506,40.753993],[-73.982551,40.754012],[-73.982538,40.75403],[-73.982492,40.75401],[-73.982451,40.753993],[-73.982465,40.753975]]},"properties":{"osm_id":702073778,"name":null,"highway":"pedestrian","class":"pedestrian"}},{"type":"Feature","geometry":{"type":"LineString","coordinates":[[-73.984777,40.753576],[-73.984758,40.753568],[-73.984752,40.753566],[-73.984747,40.753565],[-73.984745,40.75355],[-73.984764,40.753524],[-73.984777,40.753507],[-73.984839,40.753534],[-73.984848,40.753539],[-73.984857,40.753545],[-73.984866,40.753553],[-73.98487,40.753558],[-73.984877,40.75357],[-73.984877,40.753572],[-73.984879,40.753581],[-73.98488,40.753591],[-73.984877,40.753602],[-73.984874,40.753609],[-73.98487,40.753616],[-73.984534,40.754077],[-73.98445,40.754193],[-73.984093,40.754685],[-73.984086,40.754693],[-73.984076,40.754701],[-73.984065,40.754707],[-73.984055,40.754711],[-73.984037,40.754715],[-73.984027,40.754716],[-73.984014,40.754715],[-73.983998,40.754713],[-73.983985,40.754708],[-73.983919,40.754681],[-73.983935,40.754659],[-73.983968,40.754616],[-73.983985,40.754624],[-73.984015,40.754618],[-73.984054,40.754609],[-73.984121,40.754517],[-73.984126,40.754519],[-73.984415,40.754119],[-73.984764,40.753638],[-73.98476,40.75363],[-73.984768,40.753627],[-73.984775,40.753621],[-73.984787,40.753605],[-73.98479,40.7536],[-73.984791,40.753595],[-73.98479,40.753589],[-73.984787,40.753584],[-73.984783,40.753579],[-73.984777,40.753576]]},"properties":{"osm_id":702073779,"name":null,"highway":"pedestrian","class":"pedestrian"}},{"type":"Feature","geometry":{"type":"LineString","coordinates":[[-73.984349,40.754194],[-73.984406,40.754115],[-73.984462,40.754038],[-73.984436,40.754027],[-73.98438,40.754104],[-73.984323,40.754183],[-73.984349,40.754194]]},"properties":{"osm_id":702073780,"name":null,"highway":"pedestrian","class":"pedestrian"}},{"type":"Feature","geometry":{"type":"LineString","coordinates":[[-73.984777,40.753507],[-73.98453,40.753404],[-73.983311,40.752896],[-73.981949,40.752328],[-73.981944,40.752335],[-73.981918,40.75237],[-73.982184,40.752482],[-73.982161,40.752514],[-73.982201,40.75253],[-73.982219,40.752505],[-73.982202,40.752497],[-73.982206,40.752491],[-73.982218,40.752496],[-73.982223,40.75249],[-73.982598,40.752647],[-73.98264,40.752665],[-73.98324,40.752915],[-73.983236,40.75292],[-73.98328,40.752939],[-73.983323,40.752957],[-73.983536,40.753046],[-73.983568,40.753059],[-73.983932,40.753211],[-73.984498,40.753447],[-73.984745,40.75355],[-73.984764,40.753524],[-73.984777,40.753507]]},"properties":{"osm_id":702073781,"name":null,"highway":"pedestrian","class":"pedestrian"}},{"type":"Feature","geometry":{"type":"LineString","coordinates":[[-73.981095,40.753503],[-73.981126,40.753463],[-73.981132,40.753453],[-73.981129,40.753452],[-73.98114,40.753437],[-73.981144,40.753439],[-73.98119,40.753378],[-73.981187,40.753377],[-73.981196,40.753364],[-73.981207,40.753368],[-73.981209,40.753366],[-73.981211,40.753361],[-73.98121,40.753355],[-73.981208,40.753352],[-73.981205,40.75335],[-73.981403,40.753078],[-73.981401,40.753077],[-73.981406,40.753071],[-73.981493,40.752958],[-73.981526,40.752915],[-73.981578,40.752843],[-73.981629,40.752761],[-73.981632,40.752757],[-73.981635,40.752758],[-73.981834,40.752486],[-73.981846,40.752486],[-73.981852,40.752482],[-73.981858,40.752476],[-73.981846,40.75247],[-73.98191,40.752381],[-73.981918,40.75237],[-73.981944,40.752335],[-73.981949,40.752328],[-73.981938,40.752324],[-73.981925,40.752319],[-73.98191,40.752314],[-73.981899,40.752312],[-73.981887,40.752314],[-73.981876,40.752313],[-73.981866,40.752316],[-73.981857,40.752321],[-73.981846,40.75233],[-73.981837,40.75234],[-73.981831,40.752348],[-73.981499,40.752804],[-73.981412,40.752923],[-73.981054,40.753417],[-73.981048,40.753425],[-73.981045,40.75343],[-73.98104,40.753441],[-73.981037,40.75345],[-73.981037,40.753458],[-73.981039,40.753467],[-73.981045,40.753475],[-73.981058,40.753485],[-73.981062,40.753488],[-73.981072,40.753493],[-73.981085,40.753498],[-73.981095,40.753503]]},"properties":{"osm_id":702073782,"name":null,"highway":"pedestrian","class":"pedestrian"}},{"type":"Feature","geometry":{"type":"LineString","coordinates":[[-73.981373,40.753412],[-73.98137,40.75341],[-73.981367,40.753409],[-73.981352,40.75343],[-73.981345,40.753427],[-73.981343,40.753429],[-73.981279,40.753402],[-73.98128,40.7534],[-73.981271,40.753396],[-73.981284,40.753378],[-73.981281,40.753377],[-73.981289,40.753366],[-73.981319,40.753379],[-73.981349,40.753392],[-73.981379,40.753404],[-73.981373,40.753412]]},"properties":{"osm_id":702073783,"name":null,"highway":"pedestrian","class":"pedestrian"}},{"type":"Feature","geometry":{"type":"LineString","coordinates":[[-73.981132,40.753453],[-73.981126,40.753463],[-73.981096,40.753503],[-73.982449,40.754068],[-73.983676,40.75458],[-73.983919,40.754681],[-73.983935,40.754659],[-73.983968,40.754616],[-73.983904,40.75459],[-73.983893,40.754605],[-73.983845,40.754585],[-73.983815,40.754573],[-73.983712,40.75453],[-73.983606,40.754486],[-73.983593,40.754503],[-73.983482,40.754456],[-73.983495,40.754439],[-73.982928,40.754203],[-73.982939,40.754188],[-73.982945,40.754179],[-73.98291,40.754164],[-73.982902,40.754173],[-73.982892,40.754188],[-73.982487,40.754018],[-73.981534,40.753621],[-73.981514,40.753613],[-73.981475,40.753597],[-73.981132,40.753453]]},"properties":{"osm_id":702073784,"name":null,"highway":"pedestrian","class":"pedestrian"}},{"type":"Feature","geometry":{"type":"LineString","coordinates":[[-73.981622,40.753087],[-73.981698,40.752985],[-73.981778,40.752875],[-73.981915,40.752687],[-73.981947,40.752643],[-73.981956,40.752631],[-73.982004,40.752566],[-73.981992,40.752561],[-73.981987,40.752569],[-73.981958,40.752557],[-73.981941,40.75258],[-73.981909,40.752567],[-73.981926,40.752543],[-73.981898,40.752531],[-73.981904,40.752522],[-73.981897,40.75252],[-73.98189,40.752519],[-73.981884,40.75252],[-73.981879,40.752523],[-73.981875,40.752527],[-73.981665,40.752815],[-73.981701,40.75283],[-73.981687,40.752849],[-73.981634,40.752827],[-73.981559,40.752928],[-73.981478,40.753039],[-73.981531,40.753061],[-73.981517,40.75308],[-73.981483,40.753066],[-73.981269,40.753359],[-73.981268,40.753364],[-73.981269,40.753369],[-73.981272,40.753373],[-73.981281,40.753377],[-73.981289,40.753366],[-73.981319,40.753379],[-73.981335,40.753357],[-73.981365,40.753369],[-73.981349,40.753392],[-73.981379,40.753404],[-73.981373,40.753412],[-73.981382,40.753416],[-73.981429,40.753351],[-73.981438,40.753338],[-73.98147,40.753295],[-73.981622,40.753087]]},"properties":{"osm_id":702073785,"name":null,"highway":"pedestrian","class":"pedestrian"}},{"type":"Feature","geometry":{"type":"LineString","coordinates":[[-73.981996,40.752533],[-73.981932,40.752506],[-73.981929,40.752508],[-73.981921,40.752505],[-73.981907,40.752523],[-73.981904,40.752522],[-73.981898,40.752531],[-73.981926,40.752543],[-73.981958,40.752557],[-73.981987,40.752569],[-73.981992,40.752561],[-73.981987,40.752559],[-73.982002,40.752538],[-73.981995,40.752535],[-73.981996,40.752533]]},"properties":{"osm_id":702073786,"name":null,"highway":"pedestrian","class":"pedestrian"}},{"type":"Feature","geometry":{"type":"LineString","coordinates":[[-73.981622,40.753087],[-73.981634,40.753092],[-73.981639,40.753094],[-73.981605,40.753143],[-73.981603,40.753151],[-73.981606,40.753162],[-73.981613,40.753172],[-73.981626,40.753177],[-73.981638,40.753177],[-73.981645,40.753174],[-73.981656,40.753165],[-73.981723,40.753192],[-73.981502,40.753492],[-73.981359,40.753432],[-73.981373,40.753412],[-73.981382,40.753416],[-73.981373,40.753428],[-73.981396,40.753437],[-73.98142,40.753404],[-73.981485,40.753431],[-73.98146,40.753465],[-73.981483,40.753475],[-73.981581,40.753341],[-73.981534,40.753321],[-73.981521,40.753338],[-73.981545,40.753349],[-73.981498,40.753414],[-73.981433,40.753386],[-73.981452,40.75336],[-73.981429,40.753351],[-73.981438,40.753338],[-73.981461,40.753348],[-73.981481,40.753321],[-73.981505,40.753332],[-73.981517,40.753314],[-73.98147,40.753295],[-73.981622,40.753087]]},"properties":{"osm_id":702073787,"name":null,"highway":"pedestrian","class":"pedestrian"}},{"type":"Feature","geometry":{"type":"LineString","coordinates":[[-73.982007,40.752542],[-73.981992,40.752561],[-73.982004,40.752566],[-73.982013,40.752554],[-73.982035,40.752563],[-73.982011,40.752597],[-73.982076,40.752624],[-73.982101,40.75259],[-73.982124,40.752599],[-73.982026,40.752733],[-73.981979,40.752713],[-73.981991,40.752696],[-73.982016,40.752706],[-73.982063,40.752641],[-73.981998,40.752614],[-73.981979,40.75264],[-73.981956,40.752631],[-73.981947,40.752643],[-73.98197,40.752653],[-73.981951,40.752679],[-73.981975,40.752689],[-73.981962,40.752707],[-73.981915,40.752687],[-73.981778,40.752875],[-73.981791,40.75288],[-73.981795,40.752882],[-73.981824,40.752844],[-73.981831,40.752838],[-73.981844,40.752834],[-73.981855,40.752834],[-73.981866,40.752836],[-73.981876,40.752842],[-73.981879,40.752848],[-73.981879,40.752854],[-73.981875,40.752863],[-73.98194,40.75289],[-73.982151,40.752602],[-73.982007,40.752542]]},"properties":{"osm_id":702073788,"name":null,"highway":"pedestrian","class":"pedestrian"}},{"type":"Feature","geometry":{"type":"LineString","coordinates":[[-73.981451,40.753556],[-73.981452,40.753554],[-73.981456,40.753555],[-73.981479,40.753525],[-73.981471,40.753522],[-73.981473,40.753519],[-73.98149,40.753495],[-73.981463,40.753484],[-73.981454,40.753498],[-73.981432,40.753488],[-73.981441,40.753475],[-73.981379,40.753449],[-73.98137,40.753462],[-73.981336,40.753448],[-73.981343,40.753437],[-73.98127,40.753406],[-73.981262,40.753417],[-73.981211,40.753396],[-73.98122,40.753383],[-73.981199,40.753374],[-73.981195,40.753378],[-73.981203,40.753381],[-73.981157,40.753444],[-73.98115,40.753441],[-73.981147,40.753446],[-73.981167,40.753455],[-73.981178,40.753441],[-73.981336,40.753507],[-73.981326,40.753522],[-73.981388,40.753548],[-73.981398,40.753534],[-73.981451,40.753556]]},"properties":{"osm_id":702073789,"name":null,"highway":"pedestrian","class":"pedestrian"}},{"type":"Feature","geometry":{"type":"LineString","coordinates":[[-73.981413,40.753079],[-73.981453,40.753095],[-73.981475,40.753064],[-73.981449,40.753054],[-73.981466,40.753031],[-73.981545,40.752922],[-73.981634,40.752801],[-73.981659,40.752811],[-73.981678,40.752785],[-73.981639,40.752769],[-73.981531,40.752917],[-73.981413,40.753079]]},"properties":{"osm_id":702073792,"name":null,"highway":"pedestrian","class":"pedestrian"}},{"type":"Feature","geometry":{"type":"LineString","coordinates":[[-73.9831,40.753054],[-73.983089,40.75307],[-73.982952,40.753012],[-73.982963,40.752996],[-73.982954,40.752991],[-73.98306,40.752851],[-73.983203,40.752914],[-73.983117,40.753032],[-73.983141,40.753042],[-73.983227,40.752924],[-73.983231,40.752926],[-73.983236,40.75292],[-73.98328,40.752939],[-73.983323,40.752957],[-73.983317,40.752964],[-73.983322,40.752966],[-73.983288,40.753012],[-73.983236,40.753082],[-73.983229,40.753092],[-73.98322,40.753104],[-73.983158,40.753189],[-73.983142,40.753211],[-73.98308,40.753296],[-73.983098,40.753304],[-73.983082,40.753326],[-73.983064,40.753318],[-73.983056,40.753329],[-73.983013,40.75331],[-73.98296,40.753288],[-73.983069,40.75314],[-73.983081,40.753146],[-73.983112,40.753104],[-73.983099,40.753099],[-73.983124,40.753065],[-73.9831,40.753054]]},"properties":{"osm_id":702073793,"name":null,"highway":"pedestrian","class":"pedestrian"}},{"type":"Feature","geometry":{"type":"LineString","coordinates":[[-73.982611,40.752791],[-73.98252,40.752753],[-73.982593,40.752654],[-73.982595,40.752651],[-73.982598,40.752647],[-73.98264,40.752665],[-73.982635,40.752672],[-73.982682,40.752692],[-73.982611,40.752791]]},"properties":{"osm_id":702073794,"name":null,"highway":"pedestrian","class":"pedestrian"}},{"type":"Feature","geometry":{"type":"LineString","coordinates":[[-73.982747,40.753563],[-73.982585,40.753495],[-73.982733,40.753292],[-73.982846,40.753339],[-73.982904,40.753364],[-73.982883,40.753393],[-73.982812,40.753365],[-73.982799,40.753359],[-73.982792,40.753371],[-73.982798,40.753371],[-73.982776,40.753397],[-73.982771,40.753396],[-73.982766,40.753405],[-73.982762,40.753404],[-73.982754,40.753415],[-73.982743,40.753417],[-73.982731,40.753421],[-73.982724,40.753426],[-73.982725,40.753434],[-73.98273,40.753446],[-73.982723,40.753459],[-73.982725,40.753465],[-73.98272,40.75347],[-73.982724,40.753472],[-73.982706,40.753496],[-73.982702,40.753494],[-73.982696,40.753503],[-73.982709,40.753508],[-73.982733,40.753474],[-73.982736,40.753475],[-73.982746,40.753462],[-73.982756,40.753467],[-73.982765,40.75347],[-73.982783,40.753466],[-73.982801,40.753438],[-73.982796,40.753422],[-73.982791,40.75342],[-73.98278,40.753416],[-73.982789,40.753403],[-73.982786,40.753402],[-73.982807,40.753371],[-73.982869,40.753396],[-73.982747,40.753563]]},"properties":{"osm_id":702073795,"name":null,"highway":"pedestrian","class":"pedestrian"}},{"type":"Feature","geometry":{"type":"LineString","coordinates":[[-73.982707,40.753625],[-73.982749,40.753568],[-73.982587,40.753499],[-73.98246,40.75367],[-73.982465,40.753672],[-73.982402,40.753758],[-73.982396,40.753756],[-73.98233,40.753844],[-73.982497,40.753915],[-73.982528,40.753872],[-73.982513,40.753866],[-73.982522,40.753855],[-73.98253,40.753844],[-73.982543,40.75385],[-73.982605,40.753765],[-73.982592,40.753759],[-73.982601,40.753747],[-73.982609,40.753737],[-73.982622,40.753742],[-73.982683,40.753658],[-73.982669,40.753652],[-73.982681,40.753635],[-73.982693,40.753619],[-73.982707,40.753625]]},"properties":{"osm_id":702073796,"name":null,"highway":"pedestrian","class":"pedestrian"}},{"type":"Feature","geometry":{"type":"LineString","coordinates":[[-73.981927,40.753711],[-73.981752,40.753638],[-73.981769,40.753614],[-73.981944,40.753687],[-73.981927,40.753711]]},"properties":{"osm_id":702073797,"name":null,"highway":"pedestrian","class":"pedestrian"}},{"type":"Feature","geometry":{"type":"LineString","coordinates":[[-73.983056,40.753329],[-73.983013,40.75331],[-73.98296,40.753288],[-73.982904,40.753364],[-73.982883,40.753393],[-73.982777,40.753538],[-73.982756,40.753567],[-73.982712,40.753627],[-73.982765,40.753649],[-73.982808,40.753667],[-73.982873,40.753694],[-73.982897,40.753705],[-73.982903,40.753707],[-73.982924,40.753681],[-73.982918,40.753679],[-73.982928,40.753664],[-73.982919,40.75366],[-73.982921,40.753657],[-73.983007,40.753538],[-73.983095,40.753414],[-73.983097,40.753411],[-73.983113,40.753417],[-73.983126,40.753401],[-73.98313,40.753403],[-73.983154,40.75337],[-73.983121,40.753356],[-73.983056,40.753329]]},"properties":{"osm_id":702073798,"name":null,"highway":"pedestrian","class":"pedestrian"}},{"type":"Feature","geometry":{"type":"LineString","coordinates":[[-73.982712,40.753627],[-73.9827,40.753643],[-73.982688,40.753659],[-73.982626,40.753744],[-73.982618,40.753755],[-73.982609,40.753766],[-73.982547,40.753852],[-73.982539,40.753863],[-73.982532,40.753874],[-73.982499,40.753918],[-73.982328,40.753846],[-73.981948,40.753688],[-73.981928,40.753715],[-73.981926,40.753717],[-73.981915,40.753712],[-73.981908,40.753721],[-73.981905,40.75372],[-73.981855,40.753698],[-73.981851,40.753697],[-73.981857,40.753689],[-73.981745,40.753641],[-73.981766,40.753612],[-73.981502,40.753503],[-73.981458,40.753563],[-73.981451,40.75356],[-73.981442,40.753572],[-73.981462,40.75358],[-73.981495,40.753534],[-73.981545,40.753554],[-73.981549,40.753553],[-73.981554,40.75355],[-73.981681,40.753603],[-73.981679,40.753609],[-73.98168,40.753613],[-73.981685,40.753616],[-73.981673,40.753632],[-73.981537,40.753575],[-73.981518,40.753602],[-73.981521,40.753603],[-73.981514,40.753613],[-73.981534,40.753621],[-73.981541,40.753612],[-73.981775,40.75371],[-73.981785,40.753697],[-73.981788,40.753699],[-73.981936,40.753761],[-73.981941,40.753754],[-73.981957,40.753733],[-73.981962,40.753735],[-73.981966,40.753736],[-73.981971,40.753736],[-73.981975,40.753734],[-73.981977,40.753732],[-73.982483,40.753945],[-73.982528,40.753963],[-73.982576,40.753984],[-73.982628,40.753914],[-73.982635,40.753903],[-73.982644,40.753892],[-73.982706,40.753807],[-73.982714,40.753796],[-73.982722,40.753785],[-73.982784,40.7537],[-73.982803,40.753707],[-73.982819,40.753685],[-73.9828,40.753678],[-73.982808,40.753667],[-73.982765,40.753649],[-73.982712,40.753627]]},"properties":{"osm_id":702073800,"name":null,"highway":"pedestrian","class":"pedestrian"}},{"type":"Feature","geometry":{"type":"LineString","coordinates":[[-73.983634,40.753475],[-73.983968,40.753616],[-73.983993,40.753582],[-73.984018,40.753593],[-73.984039,40.753601],[-73.984015,40.753634],[-73.984241,40.753728],[-73.984189,40.7538],[-73.984178,40.753795],[-73.984174,40.753799],[-73.984145,40.753838],[-73.984134,40.753853],[-73.984117,40.753851],[-73.984094,40.75385],[-73.984064,40.753852],[-73.984032,40.753857],[-73.984002,40.753867],[-73.98397,40.753884],[-73.983949,40.753902],[-73.983932,40.753927],[-73.983922,40.753947],[-73.983916,40.753968],[-73.983916,40.75399],[-73.983923,40.754016],[-73.983933,40.75404],[-73.983949,40.754062],[-73.983969,40.754081],[-73.983958,40.754096],[-73.983939,40.754122],[-73.983936,40.754126],[-73.983948,40.754131],[-73.983883,40.754219],[-73.983657,40.754125],[-73.983635,40.754156],[-73.983605,40.754144],[-73.983589,40.754137],[-73.983611,40.754107],[-73.983276,40.753966],[-73.983254,40.753997],[-73.983231,40.753988],[-73.983212,40.753979],[-73.983234,40.753949],[-73.982924,40.753819],[-73.982938,40.753801],[-73.982977,40.753747],[-73.98299,40.753754],[-73.983002,40.753764],[-73.983008,40.753777],[-73.983008,40.753789],[-73.983003,40.753802],[-73.983,40.753807],[-73.983856,40.754165],[-73.983907,40.754092],[-73.983894,40.754077],[-73.983881,40.754061],[-73.983869,40.754041],[-73.983862,40.754023],[-73.983856,40.754003],[-73.983854,40.753983],[-73.983855,40.753961],[-73.983861,40.753936],[-73.98387,40.753915],[-73.983881,40.753897],[-73.983901,40.753872],[-73.983921,40.753855],[-73.983951,40.753836],[-73.983981,40.753823],[-73.984009,40.753816],[-73.984043,40.753811],[-73.98407,40.75381],[-73.984099,40.753812],[-73.984112,40.753814],[-73.984171,40.753737],[-73.983313,40.753375],[-73.983305,40.753384],[-73.983297,40.753391],[-73.983285,40.753397],[-73.983268,40.7534],[-73.983256,40.753399],[-73.983247,40.753397],[-73.983234,40.753392],[-73.983269,40.753346],[-73.983282,40.753327],[-73.983592,40.753458],[-73.983616,40.753424],[-73.983622,40.753417],[-73.983663,40.753434],[-73.983658,40.753442],[-73.983634,40.753475]]},"properties":{"osm_id":702073801,"name":null,"highway":"pedestrian","class":"pedestrian"}},{"type":"Feature","geometry":{"type":"LineString","coordinates":[[-73.983307,40.753294],[-73.983282,40.753327],[-73.983269,40.753346],[-73.983234,40.753392],[-73.982977,40.753747],[-73.982938,40.753801],[-73.982924,40.753819],[-73.982901,40.75385],[-73.982862,40.753833],[-73.982947,40.753719],[-73.982951,40.753709],[-73.982951,40.753701],[-73.982948,40.753692],[-73.982944,40.753686],[-73.982937,40.75368],[-73.982931,40.753676],[-73.983028,40.753546],[-73.983127,40.753411],[-73.983142,40.753414],[-73.983153,40.753414],[-73.983164,40.753411],[-73.983175,40.753405],[-73.983183,40.753398],[-73.983192,40.753386],[-73.983271,40.753279],[-73.983307,40.753294]]},"properties":{"osm_id":702073802,"name":null,"highway":"pedestrian","class":"pedestrian"}},{"type":"Feature","geometry":{"type":"LineString","coordinates":[[-73.98409,40.753578],[-73.984099,40.753565],[-73.984146,40.753584],[-73.984136,40.753597],[-73.984162,40.753608],[-73.984171,40.753595],[-73.984219,40.753616],[-73.98421,40.753628],[-73.984235,40.753639],[-73.984245,40.753626],[-73.984287,40.753644],[-73.984278,40.753657],[-73.984303,40.753668],[-73.984282,40.753696],[-73.984023,40.753586],[-73.983663,40.753434],[-73.983622,40.753417],[-73.983268,40.753268],[-73.983176,40.753393],[-73.983167,40.7534],[-73.983157,40.753406],[-73.983149,40.753407],[-73.98314,40.753407],[-73.98313,40.753403],[-73.983154,40.75337],[-73.983259,40.75323],[-73.98334,40.753264],[-73.983403,40.753289],[-73.983429,40.7533],[-73.983438,40.753287],[-73.983484,40.753307],[-73.983475,40.75332],[-73.983501,40.75333],[-73.98351,40.753318],[-73.983558,40.753338],[-73.983548,40.753351],[-73.983574,40.753362],[-73.983584,40.753349],[-73.983626,40.753366],[-73.983616,40.753379],[-73.983642,40.75339],[-73.983688,40.753409],[-73.984018,40.753548],[-73.984064,40.753567],[-73.98409,40.753578]]},"properties":{"osm_id":702073803,"name":null,"highway":"pedestrian","class":"pedestrian"}},{"type":"Feature","geometry":{"type":"LineString","coordinates":[[-73.983122,40.753353],[-73.983206,40.753238],[-73.983142,40.753211],[-73.983158,40.753189],[-73.983223,40.753216],[-73.983285,40.753131],[-73.98322,40.753104],[-73.983229,40.753092],[-73.983236,40.753082],[-73.983301,40.753109],[-73.983316,40.753089],[-73.983331,40.753096],[-73.983328,40.753099],[-73.983326,40.753103],[-73.983334,40.753107],[-73.983318,40.75313],[-73.983305,40.753147],[-73.983297,40.753144],[-73.983294,40.753148],[-73.983292,40.753152],[-73.9833,40.753155],[-73.983147,40.753364],[-73.983122,40.753353]]},"properties":{"osm_id":702073804,"name":null,"highway":"pedestrian","class":"pedestrian"}},{"type":"Feature","geometry":{"type":"LineString","coordinates":[[-73.984624,40.75357],[-73.984652,40.753646],[-73.98464,40.753664],[-73.984614,40.753698],[-73.984534,40.753808],[-73.984443,40.753933],[-73.984367,40.753901],[-73.984341,40.753936],[-73.984368,40.753947],[-73.984355,40.753965],[-73.984378,40.753975],[-73.984391,40.753957],[-73.984417,40.753968],[-73.984404,40.753986],[-73.984394,40.754],[-73.984429,40.754013],[-73.984687,40.753656],[-73.9847,40.753661],[-73.984707,40.753652],[-73.984701,40.753649],[-73.984693,40.753645],[-73.984681,40.75364],[-73.984649,40.753557],[-73.984493,40.753491],[-73.984506,40.75347],[-73.984504,40.753469],[-73.98451,40.753462],[-73.984493,40.753454],[-73.984472,40.753446],[-73.984466,40.753453],[-73.984461,40.753451],[-73.984447,40.753472],[-73.984182,40.753361],[-73.984197,40.753341],[-73.984193,40.753339],[-73.984197,40.753333],[-73.984055,40.753274],[-73.984051,40.753279],[-73.984046,40.753277],[-73.984031,40.753298],[-73.983546,40.753094],[-73.98356,40.753076],[-73.983557,40.753074],[-73.983568,40.753059],[-73.983536,40.753046],[-73.983525,40.753061],[-73.983522,40.75306],[-73.983509,40.753078],[-73.983489,40.75307],[-73.983496,40.753059],[-73.983406,40.753023],[-73.983386,40.75305],[-73.983496,40.753096],[-73.983447,40.753163],[-73.983484,40.753178],[-73.983533,40.753112],[-73.983772,40.753212],[-73.983723,40.753279],[-73.983769,40.753298],[-73.983818,40.753231],[-73.983998,40.753307],[-73.983949,40.753374],[-73.983994,40.753392],[-73.984009,40.753371],[-73.984033,40.753381],[-73.98405,40.753357],[-73.984027,40.753347],[-73.984043,40.753326],[-73.984066,40.753335],[-73.984125,40.75336],[-73.984148,40.75337],[-73.984133,40.753391],[-73.984109,40.753381],[-73.984092,40.753406],[-73.984115,40.753416],[-73.984099,40.753437],[-73.984145,40.753456],[-73.984194,40.753389],[-73.984433,40.75349],[-73.984385,40.753557],[-73.98441,40.753567],[-73.984431,40.753576],[-73.984479,40.753509],[-73.984624,40.75357]]},"properties":{"osm_id":702073805,"name":null,"highway":"pedestrian","class":"pedestrian"}},{"type":"Feature","geometry":{"type":"LineString","coordinates":[[-73.983421,40.753197],[-73.983375,40.753261],[-73.98335,40.75325],[-73.98334,40.753264],[-73.983403,40.753289],[-73.983459,40.753213],[-73.983698,40.753313],[-73.983642,40.75339],[-73.983688,40.753409],[-73.983689,40.753407],[-73.983742,40.753335],[-73.983744,40.753333],[-73.984074,40.753472],[-73.984018,40.753548],[-73.984064,40.753567],[-73.98412,40.753491],[-73.984359,40.753591],[-73.984303,40.753668],[-73.984186,40.753826],[-73.98421,40.753836],[-73.984233,40.753845],[-73.984323,40.753721],[-73.984367,40.753662],[-73.984385,40.753669],[-73.984408,40.753637],[-73.984391,40.75363],[-73.984405,40.753611],[-73.984506,40.753653],[-73.984424,40.753764],[-73.984422,40.753766],[-73.984335,40.753885],[-73.984333,40.753887],[-73.984367,40.753901],[-73.984459,40.753776],[-73.984539,40.753667],[-73.984614,40.753698],[-73.98464,40.753664],[-73.984492,40.753602],[-73.984501,40.753591],[-73.984464,40.753575],[-73.984455,40.753586],[-73.984431,40.753576],[-73.98441,40.753567],[-73.984385,40.753557],[-73.984359,40.753546],[-73.984367,40.753535],[-73.984325,40.753517],[-73.984317,40.753528],[-73.984291,40.753517],[-73.9843,40.753506],[-73.984251,40.753486],[-73.984243,40.753497],[-73.984217,40.753486],[-73.984226,40.753475],[-73.984179,40.753456],[-73.984171,40.753467],[-73.984145,40.753456],[-73.984099,40.753437],[-73.984076,40.753427],[-73.984092,40.753406],[-73.984109,40.753381],[-73.984125,40.75336],[-73.984066,40.753335],[-73.98405,40.753357],[-73.984033,40.753381],[-73.984017,40.753402],[-73.983994,40.753392],[-73.983949,40.753374],[-73.983922,40.753362],[-73.983931,40.753351],[-73.98388,40.75333],[-73.983872,40.753341],[-73.983845,40.75333],[-73.983853,40.753318],[-73.983804,40.753298],[-73.983796,40.753309],[-73.983769,40.753298],[-73.983723,40.753279],[-73.983697,40.753268],[-73.983706,40.753257],[-73.983664,40.753239],[-73.983655,40.753251],[-73.98363,40.75324],[-73.983638,40.753228],[-73.98359,40.753208],[-73.983582,40.753219],[-73.983556,40.753209],[-73.983564,40.753197],[-73.983518,40.753178],[-73.98351,40.753189],[-73.983484,40.753178],[-73.983447,40.753163],[-73.983381,40.753135],[-73.983386,40.753127],[-73.983345,40.75311],[-73.983327,40.753133],[-73.983308,40.75316],[-73.98335,40.753177],[-73.983355,40.75317],[-73.983421,40.753197]]},"properties":{"osm_id":702073806,"name":null,"highway":"pedestrian","class":"pedestrian"}},{"type":"Feature","geometry":{"type":"LineString","coordinates":[[-73.984367,40.753901],[-73.984333,40.753887],[-73.984233,40.753845],[-73.98421,40.753836],[-73.984186,40.753826],[-73.98417,40.753847],[-73.98415,40.753874],[-73.984101,40.753939],[-73.984112,40.753942],[-73.984125,40.753946],[-73.984133,40.753951],[-73.984142,40.753959],[-73.984148,40.753956],[-73.984152,40.753955],[-73.984157,40.753956],[-73.984161,40.753958],[-73.984165,40.753962],[-73.984166,40.753968],[-73.984163,40.753972],[-73.984159,40.753974],[-73.984152,40.753975],[-73.984154,40.753982],[-73.984154,40.75399],[-73.984151,40.754],[-73.984146,40.754008],[-73.984138,40.754015],[-73.984127,40.754022],[-73.984117,40.754026],[-73.98412,40.75403],[-73.98412,40.754032],[-73.984118,40.754036],[-73.984115,40.754039],[-73.984109,40.754041],[-73.984103,40.754041],[-73.984097,40.754038],[-73.984094,40.754034],[-73.984094,40.75403],[-73.984083,40.754029],[-73.984069,40.754027],[-73.984056,40.754022],[-73.984045,40.754016],[-73.983997,40.754081],[-73.983979,40.754105],[-73.98396,40.754131],[-73.983989,40.754143],[-73.984009,40.754151],[-73.984109,40.754193],[-73.984143,40.754207],[-73.984169,40.754218],[-73.984195,40.754182],[-73.984169,40.754171],[-73.984182,40.754154],[-73.984208,40.754165],[-73.984231,40.754174],[-73.984258,40.754185],[-73.98427,40.754168],[-73.984331,40.754085],[-73.984394,40.754],[-73.984404,40.753986],[-73.984378,40.753975],[-73.984355,40.753965],[-73.984328,40.753954],[-73.984341,40.753936],[-73.984367,40.753901]]},"properties":{"osm_id":702073807,"name":null,"highway":"pedestrian","class":"pedestrian"}},{"type":"Feature","geometry":{"type":"LineString","coordinates":[[-73.984045,40.754016],[-73.983997,40.754081],[-73.983971,40.754056],[-73.983951,40.75403],[-73.983941,40.754009],[-73.983938,40.753992],[-73.983938,40.753969],[-73.983946,40.753943],[-73.983962,40.753917],[-73.983981,40.753898],[-73.984005,40.753884],[-73.984032,40.753873],[-73.98406,40.753867],[-73.984092,40.753866],[-73.98412,40.753868],[-73.98415,40.753874],[-73.984101,40.753939],[-73.984093,40.753939],[-73.984083,40.75394],[-73.984082,40.753934],[-73.984077,40.753931],[-73.984073,40.753929],[-73.984066,40.753929],[-73.98406,40.753931],[-73.984057,40.753935],[-73.984056,40.753941],[-73.984058,40.753945],[-73.984049,40.75395],[-73.984039,40.753958],[-73.984033,40.753966],[-73.984029,40.753975],[-73.984028,40.753984],[-73.984029,40.753993],[-73.984022,40.753994],[-73.984017,40.753998],[-73.984015,40.754003],[-73.984016,40.754008],[-73.984021,40.754012],[-73.984027,40.754013],[-73.984034,40.754012],[-73.984039,40.75401],[-73.984045,40.754016]]},"properties":{"osm_id":702073808,"name":null,"highway":"pedestrian","class":"pedestrian"}},{"type":"Feature","geometry":{"type":"LineString","coordinates":[[-73.984108,40.754511],[-73.984013,40.75447],[-73.983995,40.754493],[-73.983988,40.754498],[-73.983959,40.754504],[-73.983917,40.754513],[-73.983906,40.754512],[-73.983871,40.754497],[-73.983815,40.754573],[-73.983845,40.754585],[-73.983852,40.754576],[-73.983859,40.754567],[-73.983861,40.754564],[-73.983906,40.754583],[-73.98391,40.754578],[-73.983987,40.754611],[-73.984009,40.754606],[-73.984045,40.754598],[-73.984108,40.754511]]},"properties":{"osm_id":702073809,"name":null,"highway":"pedestrian","class":"pedestrian"}},{"type":"Feature","geometry":{"type":"LineString","coordinates":[[-73.982871,40.753697],[-73.982787,40.753812],[-73.982741,40.753793],[-73.982732,40.753804],[-73.982725,40.753815],[-73.982771,40.753834],[-73.982708,40.753919],[-73.982662,40.7539],[-73.982654,40.753911],[-73.982646,40.753922],[-73.982692,40.753941],[-73.982651,40.753997],[-73.982676,40.754008],[-73.982726,40.753941],[-73.982895,40.753708],[-73.982871,40.753697]]},"properties":{"osm_id":702073810,"name":null,"highway":"pedestrian","class":"pedestrian"}},{"type":"Feature","geometry":{"type":"LineString","coordinates":[[-73.984303,40.754183],[-73.984102,40.754458],[-73.983993,40.754412],[-73.983971,40.754442],[-73.983968,40.754447],[-73.983958,40.754459],[-73.983953,40.754462],[-73.983943,40.754464],[-73.983925,40.754469],[-73.983918,40.754468],[-73.983894,40.754457],[-73.983888,40.754454],[-73.983811,40.754421],[-73.983794,40.754414],[-73.983765,40.754402],[-73.983526,40.754302],[-73.98348,40.754282],[-73.983457,40.754273],[-73.983441,40.754294],[-73.983423,40.754318],[-73.983408,40.754339],[-73.983349,40.754314],[-73.983364,40.754293],[-73.983382,40.754269],[-73.983398,40.754248],[-73.983374,40.754238],[-73.98333,40.754219],[-73.983303,40.754208],[-73.983295,40.754219],[-73.983244,40.754198],[-73.983252,40.754187],[-73.983225,40.754176],[-73.983217,40.754187],[-73.983168,40.754166],[-73.983176,40.754155],[-73.983149,40.754144],[-73.983142,40.754154],[-73.983096,40.754135],[-73.983103,40.754124],[-73.983078,40.754114],[-73.98307,40.754125],[-73.983028,40.754107],[-73.983036,40.754096],[-73.983011,40.754085],[-73.983002,40.754096],[-73.982954,40.754076],[-73.982962,40.754065],[-73.982937,40.754054],[-73.982928,40.754066],[-73.982882,40.754046],[-73.98289,40.754035],[-73.982865,40.754024],[-73.98279,40.754128],[-73.982752,40.754111],[-73.982827,40.754008],[-73.982761,40.75398],[-73.982741,40.754008],[-73.982715,40.753998],[-73.982652,40.754083],[-73.982632,40.754074],[-73.982679,40.754009],[-73.982683,40.754011],[-73.982711,40.753973],[-73.982723,40.753977],[-73.982725,40.753975],[-73.982744,40.753949],[-73.982762,40.753925],[-73.982792,40.753938],[-73.982787,40.753946],[-73.982853,40.753974],[-73.982899,40.75391],[-73.982874,40.7539],[-73.982884,40.753886],[-73.982946,40.753913],[-73.98289,40.753989],[-73.983129,40.754089],[-73.983185,40.754013],[-73.983231,40.754033],[-73.983175,40.754109],[-73.983505,40.754248],[-73.983561,40.754171],[-73.983607,40.754191],[-73.983551,40.754267],[-73.983791,40.754368],[-73.983846,40.754291],[-73.983874,40.754303],[-73.983892,40.75431],[-73.983836,40.754387],[-73.983937,40.754429],[-73.983993,40.754353],[-73.98392,40.754322],[-73.983943,40.754291],[-73.983956,40.754274],[-73.984002,40.754293],[-73.983989,40.754311],[-73.984015,40.754322],[-73.984028,40.754304],[-73.98405,40.754273],[-73.984109,40.754193],[-73.984143,40.754207],[-73.984014,40.754384],[-73.984089,40.754416],[-73.984219,40.754238],[-73.984169,40.754218],[-73.984195,40.754182],[-73.984208,40.754165],[-73.984231,40.754174],[-73.984218,40.754192],[-73.984245,40.754203],[-73.984258,40.754185],[-73.98427,40.754168],[-73.984303,40.754183]]},"properties":{"osm_id":702073811,"name":null,"highway":"pedestrian","class":"pedestrian"}},{"type":"Feature","geometry":{"type":"LineString","coordinates":[[-73.98396,40.754131],[-73.983989,40.754143],[-73.984009,40.754151],[-73.98395,40.754231],[-73.98405,40.754273],[-73.984028,40.754304],[-73.984002,40.754293],[-73.983956,40.754274],[-73.983929,40.754263],[-73.983917,40.75428],[-73.983943,40.754291],[-73.98392,40.754322],[-73.983892,40.75431],[-73.983874,40.754303],[-73.983846,40.754291],[-73.983821,40.75428],[-73.983811,40.754293],[-73.983769,40.754275],[-73.983779,40.754263],[-73.983753,40.754252],[-73.983744,40.754265],[-73.983695,40.754245],[-73.983705,40.754232],[-73.983679,40.754221],[-73.98367,40.754234],[-73.983623,40.754214],[-73.983633,40.754201],[-73.983607,40.754191],[-73.983561,40.754171],[-73.983231,40.754033],[-73.983185,40.754013],[-73.983159,40.754002],[-73.98315,40.754015],[-73.983108,40.753998],[-73.983117,40.753985],[-73.983092,40.753974],[-73.983082,40.753987],[-73.983034,40.753967],[-73.983044,40.753954],[-73.983018,40.753943],[-73.983009,40.753956],[-73.982962,40.753937],[-73.982972,40.753924],[-73.982946,40.753913],[-73.982884,40.753886],[-73.9828,40.753851],[-73.982903,40.753707],[-73.982924,40.753681],[-73.982937,40.753689],[-73.98294,40.753693],[-73.982942,40.753698],[-73.982942,40.753705],[-73.982941,40.753711],[-73.982938,40.753717],[-73.98285,40.753835],[-73.983226,40.753993],[-73.9836,40.75415],[-73.983864,40.754262],[-73.98396,40.754131]]},"properties":{"osm_id":702073812,"name":null,"highway":"pedestrian","class":"pedestrian"}},{"type":"Feature","geometry":{"type":"LineString","coordinates":[[-73.983697,40.75448],[-73.983446,40.754374],[-73.98343,40.754395],[-73.983426,40.754394],[-73.983422,40.7544],[-73.983349,40.75437],[-73.983272,40.754338],[-73.983277,40.754332],[-73.983273,40.75433],[-73.983282,40.754317],[-73.983264,40.75431],[-73.98333,40.754219],[-73.983374,40.754238],[-73.983359,40.754259],[-73.983382,40.754269],[-73.983364,40.754293],[-73.983341,40.754284],[-73.983326,40.754305],[-73.983349,40.754314],[-73.983408,40.754339],[-73.983431,40.754349],[-73.983446,40.754328],[-73.983423,40.754318],[-73.983441,40.754294],[-73.983464,40.754303],[-73.98348,40.754282],[-73.983526,40.754302],[-73.983477,40.754368],[-73.983716,40.754469],[-73.983765,40.754402],[-73.983794,40.754414],[-73.983811,40.754421],[-73.983762,40.754488],[-73.983768,40.75449],[-73.983743,40.754525],[-73.98374,40.754524],[-73.983738,40.754523],[-73.983734,40.754528],[-73.983717,40.754521],[-73.983683,40.754507],[-73.983687,40.754502],[-73.983685,40.754501],[-73.983682,40.7545],[-73.983697,40.75448]]},"properties":{"osm_id":702073814,"name":null,"highway":"pedestrian","class":"pedestrian"}},{"type":"Feature","geometry":{"type":"LineString","coordinates":[[-73.983997,40.754465],[-73.983982,40.754484],[-73.983978,40.754487],[-73.983954,40.754492],[-73.983916,40.7545],[-73.983908,40.754499],[-73.983879,40.754486],[-73.983887,40.754475],[-73.983914,40.754485],[-73.983923,40.754486],[-73.983949,40.754481],[-73.983968,40.754476],[-73.983973,40.754473],[-73.983985,40.754459],[-73.983997,40.754465]]},"properties":{"osm_id":702075883,"name":null,"highway":"pedestrian","class":"pedestrian"}},{"type":"Feature","geometry":{"type":"LineString","coordinates":[[-73.983807,40.754396],[-73.983874,40.754303],[-73.983989,40.754143],[-73.984008,40.754116]]},"properties":{"osm_id":702123919,"name":null,"highway":"footway","class":"pedestrian"}},{"type":"Feature","geometry":{"type":"LineString","coordinates":[[-73.982289,40.7539],[-73.982273,40.753923],[-73.981925,40.753777],[-73.981936,40.753761],[-73.981941,40.753754],[-73.982289,40.7539]]},"properties":{"osm_id":702125691,"name":null,"highway":"pedestrian","class":"pedestrian"}},{"type":"Feature","geometry":{"type":"LineString","coordinates":[[-73.982151,40.752595],[-73.98212,40.752583],[-73.982131,40.752568],[-73.98211,40.752558],[-73.982098,40.752574],[-73.982036,40.752548],[-73.982047,40.752532],[-73.982013,40.752518],[-73.982006,40.752529],[-73.981932,40.752498],[-73.98194,40.752487],[-73.981889,40.752466],[-73.981876,40.752483],[-73.981858,40.752476],[-73.981846,40.75247],[-73.981875,40.752429],[-73.98191,40.752381],[-73.981942,40.752393],[-73.981922,40.75242],[-73.982156,40.752519],[-73.982158,40.752516],[-73.982198,40.752533],[-73.982151,40.752595]]},"properties":{"osm_id":702132138,"name":null,"highway":"pedestrian","class":"pedestrian"}},{"type":"Feature","geometry":{"type":"LineString","coordinates":[[-73.984701,40.753649],[-73.984722,40.753622]]},"properties":{"osm_id":702191446,"name":null,"highway":"steps","class":"pedestrian"}},{"type":"Feature","geometry":{"type":"LineString","coordinates":[[-73.984682,40.753747],[-73.984701,40.753721],[-73.984693,40.753717],[-73.984673,40.753744],[-73.984682,40.753747]]},"properties":{"osm_id":702196144,"name":null,"highway":"pedestrian","class":"pedestrian"}},{"type":"Feature","geometry":{"type":"LineString","coordinates":[[-73.985578,40.758079],[-73.985482,40.758035],[-73.985408,40.758002]]},"properties":{"osm_id":702465447,"name":null,"highway":"footway","class":"pedestrian"}},{"type":"Feature","geometry":{"type":"LineString","coordinates":[[-73.986237,40.755858],[-73.985528,40.755559],[-73.98419,40.754994]]},"properties":{"osm_id":702540323,"name":null,"highway":"footway","class":"pedestrian"}},{"type":"Feature","geometry":{"type":"LineString","coordinates":[[-73.985706,40.757269],[-73.985727,40.757224],[-73.985747,40.757182]]},"properties":{"osm_id":702543819,"name":null,"highway":"footway","class":"pedestrian"}},{"type":"Feature","geometry":{"type":"LineString","coordinates":[[-73.98631,40.75676],[-73.986303,40.756756],[-73.986232,40.756718],[-73.986136,40.756667],[-73.986008,40.756598]]},"properties":{"osm_id":702543820,"name":null,"highway":"footway","class":"pedestrian"}},{"type":"Feature","geometry":{"type":"LineString","coordinates":[[-73.986458,40.75682],[-73.986398,40.756795],[-73.98631,40.75676]]},"properties":{"osm_id":702543822,"name":null,"highway":"footway","class":"pedestrian"}},{"type":"Feature","geometry":{"type":"LineString","coordinates":[[-73.985978,40.756582],[-73.985316,40.756302],[-73.983717,40.75563],[-73.983706,40.755634],[-73.9837,40.755639],[-73.983339,40.756138],[-73.984083,40.756453],[-73.984948,40.756818],[-73.985722,40.757144]]},"properties":{"osm_id":702543823,"name":null,"highway":"footway","class":"pedestrian"}},{"type":"Feature","geometry":{"type":"LineString","coordinates":[[-73.986106,40.757301],[-73.986056,40.757279],[-73.985966,40.757239]]},"properties":{"osm_id":702543824,"name":null,"highway":"footway","class":"pedestrian"}},{"type":"Feature","geometry":{"type":"LineString","coordinates":[[-73.989215,40.757797],[-73.98917,40.757858],[-73.989127,40.757916]]},"properties":{"osm_id":702543825,"name":null,"highway":"footway","class":"pedestrian"}},{"type":"Feature","geometry":{"type":"LineString","coordinates":[[-73.98659,40.756723],[-73.986566,40.756755],[-73.986531,40.756801]]},"properties":{"osm_id":702543826,"name":null,"highway":"footway","class":"pedestrian"}},{"type":"Feature","geometry":{"type":"LineString","coordinates":[[-73.988643,40.758381],[-73.988759,40.75843],[-73.989121,40.757925],[-73.989127,40.757916],[-73.988342,40.757583],[-73.986574,40.756836]]},"properties":{"osm_id":702543827,"name":null,"highway":"footway","class":"pedestrian"}},{"type":"Feature","geometry":{"type":"LineString","coordinates":[[-73.986423,40.756608],[-73.986508,40.756644],[-73.986568,40.75667]]},"properties":{"osm_id":702543828,"name":null,"highway":"footway","class":"pedestrian"}},{"type":"Feature","geometry":{"type":"LineString","coordinates":[[-73.986943,40.756157],[-73.98688,40.756131],[-73.986799,40.756096]]},"properties":{"osm_id":702543829,"name":null,"highway":"footway","class":"pedestrian"}},{"type":"Feature","geometry":{"type":"LineString","coordinates":[[-73.988362,40.756736],[-73.989593,40.757253],[-73.989601,40.757264],[-73.989603,40.757279],[-73.989597,40.757294],[-73.989215,40.757797],[-73.986654,40.756719]]},"properties":{"osm_id":702543830,"name":null,"highway":"footway","class":"pedestrian"}},{"type":"Feature","geometry":{"type":"LineString","coordinates":[[-73.984593,40.759113],[-73.984676,40.759147],[-73.984734,40.759172]]},"properties":{"osm_id":702647987,"name":null,"highway":"footway","class":"pedestrian"}},{"type":"Feature","geometry":{"type":"LineString","coordinates":[[-73.985083,40.758694],[-73.985027,40.758668],[-73.984941,40.758628]]},"properties":{"osm_id":702647988,"name":null,"highway":"footway","class":"pedestrian"}},{"type":"Feature","geometry":{"type":"LineString","coordinates":[[-73.984942,40.758586],[-73.984967,40.75855],[-73.985007,40.758494]]},"properties":{"osm_id":702647989,"name":null,"highway":"footway","class":"pedestrian"}},{"type":"Feature","geometry":{"type":"LineString","coordinates":[[-73.982425,40.7574],[-73.982391,40.757448],[-73.982345,40.757512]]},"properties":{"osm_id":702647990,"name":null,"highway":"footway","class":"pedestrian"}},{"type":"Feature","geometry":{"type":"LineString","coordinates":[[-73.982541,40.758263],[-73.982919,40.757751]]},"properties":{"osm_id":702647991,"name":null,"highway":"footway","class":"pedestrian"}},{"type":"Feature","geometry":{"type":"LineString","coordinates":[[-73.982919,40.757751],[-73.982345,40.757512],[-73.981972,40.758022],[-73.982085,40.758069],[-73.982541,40.758263],[-73.982973,40.758448],[-73.983337,40.758604],[-73.984381,40.759051],[-73.984533,40.759093]]},"properties":{"osm_id":702647992,"name":null,"highway":"footway","class":"pedestrian"}},{"type":"Feature","geometry":{"type":"LineString","coordinates":[[-73.985152,40.758688],[-73.985185,40.75864],[-73.985218,40.758592]]},"properties":{"osm_id":702647993,"name":null,"highway":"footway","class":"pedestrian"}},{"type":"Feature","geometry":{"type":"LineString","coordinates":[[-73.985413,40.758804],[-73.985229,40.7594]]},"properties":{"osm_id":702647994,"name":null,"highway":"footway","class":"pedestrian"}},{"type":"Feature","geometry":{"type":"LineString","coordinates":[[-73.985454,40.758692],[-73.985435,40.758743],[-73.985417,40.758791]]},"properties":{"osm_id":702647995,"name":null,"highway":"footway","class":"pedestrian"}},{"type":"Feature","geometry":{"type":"LineString","coordinates":[[-73.985261,40.759412],[-73.987387,40.760306],[-73.987762,40.759797],[-73.987771,40.759773]]},"properties":{"osm_id":702647997,"name":null,"highway":"footway","class":"pedestrian"}},{"type":"Feature","geometry":{"type":"LineString","coordinates":[[-73.985519,40.758696],[-73.985462,40.758671],[-73.98537,40.758629],[-73.985236,40.75857],[-73.985193,40.758551]]},"properties":{"osm_id":702647998,"name":null,"highway":"footway","class":"pedestrian"}},{"type":"Feature","geometry":{"type":"LineString","coordinates":[[-73.985344,40.757951],[-73.984939,40.75778],[-73.982807,40.75688],[-73.982794,40.756881],[-73.982785,40.756887],[-73.982431,40.757377],[-73.982424,40.757386],[-73.982425,40.7574],[-73.982738,40.757531],[-73.984321,40.758196]]},"properties":{"osm_id":702647999,"name":null,"highway":"footway","class":"pedestrian"}},{"type":"Feature","geometry":{"type":"LineString","coordinates":[[-73.985704,40.757983],[-73.985684,40.758025],[-73.985663,40.758069]]},"properties":{"osm_id":702648000,"name":null,"highway":"footway","class":"pedestrian"}},{"type":"Feature","geometry":{"type":"LineString","coordinates":[[-73.985736,40.758127],[-73.985678,40.75811],[-73.985647,40.7581],[-73.98562,40.758092],[-73.985578,40.758079]]},"properties":{"osm_id":702648001,"name":null,"highway":"footway","class":"pedestrian"}},{"type":"Feature","geometry":{"type":"LineString","coordinates":[[-73.9883,40.75905],[-73.988259,40.759106],[-73.988217,40.759164]]},"properties":{"osm_id":702648002,"name":null,"highway":"footway","class":"pedestrian"}},{"type":"Feature","geometry":{"type":"LineString","coordinates":[[-73.986305,40.759035],[-73.986327,40.759005]]},"properties":{"osm_id":702648003,"name":null,"highway":"footway","class":"pedestrian"}},{"type":"Feature","geometry":{"type":"LineString","coordinates":[[-73.985736,40.758127],[-73.986183,40.758314],[-73.986684,40.758522],[-73.988209,40.759156],[-73.988217,40.759164],[-73.98822,40.759175]]},"properties":{"osm_id":702648004,"name":null,"highway":"footway","class":"pedestrian"}},{"type":"Feature","geometry":{"type":"LineString","coordinates":[[-73.985513,40.757859],[-73.985589,40.757892],[-73.985674,40.757929]]},"properties":{"osm_id":702648005,"name":null,"highway":"footway","class":"pedestrian"}},{"type":"Feature","geometry":{"type":"LineString","coordinates":[[-73.98602,40.757444],[-73.985952,40.757419],[-73.985859,40.757384]]},"properties":{"osm_id":702648006,"name":null,"highway":"footway","class":"pedestrian"}},{"type":"Feature","geometry":{"type":"LineString","coordinates":[[-73.98613,40.757349],[-73.986116,40.757386],[-73.986099,40.75743]]},"properties":{"osm_id":702648007,"name":null,"highway":"footway","class":"pedestrian"}},{"type":"Feature","geometry":{"type":"LineString","coordinates":[[-73.988678,40.758542],[-73.987149,40.75789],[-73.986544,40.757633],[-73.986123,40.757456]]},"properties":{"osm_id":702648008,"name":null,"highway":"footway","class":"pedestrian"}},{"type":"Feature","geometry":{"type":"LineString","coordinates":[[-73.983713,40.755473],[-73.983669,40.755455],[-73.983564,40.755412]]},"properties":{"osm_id":702648009,"name":null,"highway":"footway","class":"pedestrian"}},{"type":"Feature","geometry":{"type":"LineString","coordinates":[[-73.983339,40.756138],[-73.983297,40.756197],[-73.983254,40.756257]]},"properties":{"osm_id":702648010,"name":null,"highway":"footway","class":"pedestrian"}},{"type":"Feature","geometry":{"type":"LineString","coordinates":[[-73.985451,40.757847],[-73.985697,40.757286]]},"properties":{"osm_id":702648011,"name":null,"highway":"footway","class":"pedestrian"}},{"type":"Feature","geometry":{"type":"LineString","coordinates":[[-73.985759,40.757158],[-73.986008,40.756598]]},"properties":{"osm_id":702648012,"name":null,"highway":"footway","class":"pedestrian"}},{"type":"Feature","geometry":{"type":"LineString","coordinates":[[-73.98566,40.75727],[-73.984833,40.756922],[-73.983254,40.756257],[-73.98324,40.756262],[-73.982883,40.756765],[-73.983518,40.757035]]},"properties":{"osm_id":702648013,"name":null,"highway":"footway","class":"pedestrian"}},{"type":"Feature","geometry":{"type":"LineString","coordinates":[[-73.983007,40.753538],[-73.982885,40.753488]]},"properties":{"osm_id":703372850,"name":null,"highway":"footway","class":"pedestrian"}},{"type":"Feature","geometry":{"type":"LineString","coordinates":[[-73.98308,40.753568],[-73.983028,40.753546]]},"properties":{"osm_id":703372851,"name":null,"highway":"footway","class":"pedestrian"}},{"type":"Feature","geometry":{"type":"LineString","coordinates":[[-73.981698,40.752985],[-73.981559,40.752928]]},"properties":{"osm_id":703392599,"name":null,"highway":"footway","class":"pedestrian"}},{"type":"Feature","geometry":{"type":"LineString","coordinates":[[-73.981406,40.753071],[-73.981493,40.752958],[-73.981526,40.752915],[-73.981578,40.752843],[-73.981633,40.752767]]},"properties":{"osm_id":704137908,"name":null,"highway":"footway","class":"pedestrian"}},{"type":"Feature","geometry":{"type":"LineString","coordinates":[[-73.986671,40.755054],[-73.986779,40.7551],[-73.987325,40.755323],[-73.987447,40.755373]]},"properties":{"osm_id":803047266,"name":"West 41st Street","highway":"residential","class":"local","oneway":true}},{"type":"Feature","geometry":{"type":"LineString","coordinates":[[-73.986671,40.755054],[-73.986691,40.754988],[-73.986873,40.754409],[-73.986898,40.754335]]},"properties":{"osm_id":803047267,"name":"Broadway","highway":"residential","class":"local","oneway":true}},{"type":"Feature","geometry":{"type":"LineString","coordinates":[[-73.982098,40.758026],[-73.982112,40.758031],[-73.982085,40.758069]]},"properties":{"osm_id":810630534,"name":null,"highway":"footway","class":"pedestrian"}},{"type":"Feature","geometry":{"type":"LineString","coordinates":[[-73.988643,40.758381],[-73.988652,40.758369],[-73.98867,40.758377]]},"properties":{"osm_id":810882968,"name":null,"highway":"footway","class":"pedestrian"}},{"type":"Feature","geometry":{"type":"LineString","coordinates":[[-73.980538,40.754145],[-73.980436,40.754102],[-73.980348,40.754065]]},"properties":{"osm_id":834351980,"name":null,"highway":"footway","class":"pedestrian"}},{"type":"Feature","geometry":{"type":"LineString","coordinates":[[-73.987928,40.759787],[-73.987797,40.759732],[-73.98742,40.759572],[-73.987252,40.759501],[-73.986516,40.759197],[-73.98577,40.758886],[-73.985492,40.758767],[-73.985435,40.758743],[-73.985185,40.75864],[-73.985079,40.758597]]},"properties":{"osm_id":846142553,"name":"West 46th Street","highway":"secondary","class":"secondary","oneway":true}},{"type":"Feature","geometry":{"type":"LineString","coordinates":[[-73.984278,40.758257],[-73.984321,40.758196],[-73.984336,40.758174]]},"properties":{"osm_id":887435959,"name":null,"highway":"service","class":"service"}},{"type":"Feature","geometry":{"type":"LineString","coordinates":[[-73.983559,40.756976],[-73.983518,40.757035],[-73.983478,40.757095]]},"properties":{"osm_id":894927965,"name":null,"highway":"service","class":"service"}},{"type":"Feature","geometry":{"type":"LineString","coordinates":[[-73.982703,40.757579],[-73.982738,40.757531],[-73.982772,40.757485]]},"properties":{"osm_id":894927966,"name":null,"highway":"service","class":"service"}},{"type":"Feature","geometry":{"type":"LineString","coordinates":[[-73.982794,40.756881],[-73.982838,40.756824],[-73.982883,40.756765]]},"properties":{"osm_id":901372231,"name":null,"highway":"footway","class":"pedestrian"}},{"type":"Feature","geometry":{"type":"LineString","coordinates":[[-73.981972,40.758022],[-73.981954,40.758049],[-73.981936,40.758075],[-73.981898,40.758128],[-73.981891,40.758139]]},"properties":{"osm_id":901617511,"name":null,"highway":"footway","class":"pedestrian"}},{"type":"Feature","geometry":{"type":"LineString","coordinates":[[-73.983953,40.754899],[-73.984047,40.754938],[-73.98415,40.754981]]},"properties":{"osm_id":901619653,"name":null,"highway":"footway","class":"pedestrian"}},{"type":"Feature","geometry":{"type":"LineString","coordinates":[[-73.983959,40.754504],[-73.984009,40.754606]]},"properties":{"osm_id":901619654,"name":null,"highway":"footway","class":"pedestrian"}},{"type":"Feature","geometry":{"type":"LineString","coordinates":[[-73.984009,40.754606],[-73.984015,40.754618],[-73.984028,40.754646]]},"properties":{"osm_id":901619655,"name":null,"highway":"steps","class":"pedestrian"}},{"type":"Feature","geometry":{"type":"LineString","coordinates":[[-73.983938,40.754451],[-73.983943,40.754464],[-73.983949,40.754481]]},"properties":{"osm_id":901619656,"name":null,"highway":"footway","class":"pedestrian"}},{"type":"Feature","geometry":{"type":"LineString","coordinates":[[-73.983949,40.754481],[-73.983954,40.754492],[-73.983959,40.754504]]},"properties":{"osm_id":901619657,"name":null,"highway":"steps","class":"pedestrian"}},{"type":"Feature","geometry":{"type":"LineString","coordinates":[[-73.983717,40.754521],[-73.983794,40.754414],[-73.983807,40.754396]]},"properties":{"osm_id":901619658,"name":null,"highway":"footway","class":"pedestrian"}},{"type":"Feature","geometry":{"type":"LineString","coordinates":[[-73.983707,40.754536],[-73.983712,40.75453],[-73.983717,40.754521]]},"properties":{"osm_id":901619659,"name":null,"highway":"footway","class":"pedestrian"}},{"type":"Feature","geometry":{"type":"LineString","coordinates":[[-73.982528,40.753963],[-73.982589,40.753883]]},"properties":{"osm_id":901619660,"name":null,"highway":"footway","class":"pedestrian"}},{"type":"Feature","geometry":{"type":"LineString","coordinates":[[-73.982361,40.754197],[-73.982411,40.754123],[-73.982449,40.754068],[-73.982461,40.754052]]},"properties":{"osm_id":901619661,"name":null,"highway":"footway","class":"pedestrian"}},{"type":"Feature","geometry":{"type":"LineString","coordinates":[[-73.982487,40.754018],[-73.982492,40.75401],[-73.982506,40.753993],[-73.98251,40.753987],[-73.982523,40.753969],[-73.982526,40.753966],[-73.982528,40.753963]]},"properties":{"osm_id":901619662,"name":null,"highway":"steps","class":"pedestrian"}},{"type":"Feature","geometry":{"type":"LineString","coordinates":[[-73.984498,40.753447],[-73.984518,40.75342],[-73.98453,40.753404]]},"properties":{"osm_id":901619663,"name":null,"highway":"footway","class":"pedestrian"}},{"type":"Feature","geometry":{"type":"LineString","coordinates":[[-73.984493,40.753454],[-73.984498,40.753447]]},"properties":{"osm_id":901619664,"name":null,"highway":"steps","class":"pedestrian"}},{"type":"Feature","geometry":{"type":"LineString","coordinates":[[-73.983949,40.754093],[-73.983911,40.754052],[-73.983893,40.754013],[-73.983891,40.753975],[-73.983902,40.753927],[-73.983917,40.753894],[-73.983955,40.753864],[-73.984006,40.753842],[-73.984066,40.753833],[-73.984126,40.753831]]},"properties":{"osm_id":901619665,"name":null,"highway":"footway","class":"pedestrian"}},{"type":"Feature","geometry":{"type":"LineString","coordinates":[[-73.983979,40.754105],[-73.983958,40.754096],[-73.983949,40.754093]]},"properties":{"osm_id":901619666,"name":null,"highway":"steps","class":"pedestrian"}},{"type":"Feature","geometry":{"type":"LineString","coordinates":[[-73.984126,40.753831],[-73.984145,40.753838],[-73.98417,40.753847],[-73.984194,40.753856]]},"properties":{"osm_id":901619667,"name":null,"highway":"steps","class":"pedestrian"}},{"type":"Feature","geometry":{"type":"LineString","coordinates":[[-73.984314,40.754079],[-73.984236,40.754048]]},"properties":{"osm_id":901619668,"name":null,"highway":"footway","class":"pedestrian"}},{"type":"Feature","geometry":{"type":"LineString","coordinates":[[-73.984415,40.754119],[-73.984406,40.754115],[-73.98438,40.754104],[-73.984368,40.7541],[-73.984342,40.754089],[-73.984331,40.754085],[-73.984314,40.754079]]},"properties":{"osm_id":901619669,"name":null,"highway":"steps","class":"pedestrian"}},{"type":"Feature","geometry":{"type":"LineString","coordinates":[[-73.986227,40.758253],[-73.98627,40.758189],[-73.986284,40.758168]]},"properties":{"osm_id":904036752,"name":null,"highway":"service","class":"service"}},{"type":"Feature","geometry":{"type":"LineString","coordinates":[[-73.984042,40.756512],[-73.984083,40.756453],[-73.984091,40.756441]]},"properties":{"osm_id":904126541,"name":null,"highway":"service","class":"service"}},{"type":"Feature","geometry":{"type":"LineString","coordinates":[[-73.985305,40.756317],[-73.984959,40.756804]]},"properties":{"osm_id":904126542,"name":null,"highway":"service","class":"service"}},{"type":"Feature","geometry":{"type":"LineString","coordinates":[[-73.993264,40.752229],[-73.992902,40.752731],[-73.992892,40.752741],[-73.992879,40.752747],[-73.992865,40.752748],[-73.992852,40.752747],[-73.990999,40.751964],[-73.99084,40.751897],[-73.990327,40.75168],[-73.990314,40.751672],[-73.990308,40.75166],[-73.990312,40.751647],[-73.990321,40.751633],[-73.990664,40.751167],[-73.990675,40.751157],[-73.990687,40.751154]]},"properties":{"osm_id":934479969,"name":null,"highway":"footway","class":"pedestrian"}},{"type":"Feature","geometry":{"type":"LineString","coordinates":[[-73.988382,40.757524],[-73.988342,40.757583],[-73.988334,40.757594]]},"properties":{"osm_id":935563658,"name":null,"highway":"service","class":"service"}},{"type":"Feature","geometry":{"type":"LineString","coordinates":[[-73.984951,40.755089],[-73.984977,40.755052],[-73.984989,40.755037],[-73.984993,40.755031],[-73.985012,40.755006],[-73.984977,40.754992],[-73.98494,40.754976]]},"properties":{"osm_id":945305170,"name":null,"highway":"footway","class":"pedestrian"}},{"type":"Feature","geometry":{"type":"LineString","coordinates":[[-73.984989,40.755037],[-73.984954,40.755022],[-73.984977,40.754992],[-73.984986,40.754979]]},"properties":{"osm_id":945305171,"name":null,"highway":"footway","class":"pedestrian"}},{"type":"Feature","geometry":{"type":"LineString","coordinates":[[-73.985053,40.755057],[-73.98501,40.755038],[-73.984993,40.755031]]},"properties":{"osm_id":945305172,"name":null,"highway":"footway","class":"pedestrian"}},{"type":"Feature","geometry":{"type":"LineString","coordinates":[[-73.98501,40.755038],[-73.985036,40.755001]]},"properties":{"osm_id":945305173,"name":null,"highway":"footway","class":"pedestrian"}},{"type":"Feature","geometry":{"type":"LineString","coordinates":[[-73.985101,40.755094],[-73.985044,40.755069]]},"properties":{"osm_id":945305176,"name":null,"highway":"footway","class":"pedestrian"}},{"type":"Feature","geometry":{"type":"LineString","coordinates":[[-73.985115,40.755034],[-73.985151,40.754987]]},"properties":{"osm_id":945305177,"name":null,"highway":"steps","class":"pedestrian"}},{"type":"Feature","geometry":{"type":"LineString","coordinates":[[-73.985151,40.754987],[-73.985189,40.754934],[-73.985263,40.754831],[-73.985296,40.754785],[-73.98531,40.75479],[-73.985361,40.754719]]},"properties":{"osm_id":945305178,"name":null,"highway":"footway","class":"pedestrian"}},{"type":"Feature","geometry":{"type":"LineString","coordinates":[[-73.985011,40.755115],[-73.985038,40.755078],[-73.985044,40.755069],[-73.985053,40.755057],[-73.98508,40.755019]]},"properties":{"osm_id":945305179,"name":null,"highway":"footway","class":"pedestrian"}},{"type":"Feature","geometry":{"type":"LineString","coordinates":[[-73.98506,40.754947],[-73.985096,40.754897],[-73.985106,40.754883],[-73.98503,40.754851]]},"properties":{"osm_id":945305221,"name":null,"highway":"footway","class":"pedestrian"}},{"type":"Feature","geometry":{"type":"LineString","coordinates":[[-73.985189,40.754934],[-73.985096,40.754897]]},"properties":{"osm_id":945305222,"name":null,"highway":"footway","class":"pedestrian"}},{"type":"Feature","geometry":{"type":"LineString","coordinates":[[-73.985263,40.754831],[-73.985189,40.754801],[-73.98517,40.754793],[-73.985145,40.754829],[-73.985068,40.754796]]},"properties":{"osm_id":945305223,"name":null,"highway":"footway","class":"pedestrian"}},{"type":"Feature","geometry":{"type":"LineString","coordinates":[[-73.985189,40.754801],[-73.985243,40.754723]]},"properties":{"osm_id":945305224,"name":null,"highway":"footway","class":"pedestrian"}},{"type":"Feature","geometry":{"type":"LineString","coordinates":[[-73.985149,40.754683],[-73.985243,40.754723],[-73.985265,40.754732],[-73.985295,40.754691]]},"properties":{"osm_id":945305225,"name":null,"highway":"footway","class":"pedestrian"}},{"type":"Feature","geometry":{"type":"LineString","coordinates":[[-73.98484,40.755041],[-73.984866,40.755005],[-73.984945,40.754898]]},"properties":{"osm_id":945305228,"name":null,"highway":"footway","class":"pedestrian"}},{"type":"Feature","geometry":{"type":"LineString","coordinates":[[-73.984945,40.754898],[-73.984984,40.754915],[-73.98506,40.754947],[-73.985151,40.754987]]},"properties":{"osm_id":945305229,"name":null,"highway":"footway","class":"pedestrian"}},{"type":"Feature","geometry":{"type":"LineString","coordinates":[[-73.985304,40.754634],[-73.985315,40.75462],[-73.985325,40.754606],[-73.985354,40.754568],[-73.985394,40.754515]]},"properties":{"osm_id":945305230,"name":null,"highway":"footway","class":"pedestrian"}},{"type":"Feature","geometry":{"type":"LineString","coordinates":[[-73.985325,40.754606],[-73.985267,40.754582],[-73.985246,40.75461]]},"properties":{"osm_id":945305231,"name":null,"highway":"footway","class":"pedestrian"}},{"type":"Feature","geometry":{"type":"LineString","coordinates":[[-73.985418,40.754642],[-73.985369,40.75462],[-73.985356,40.754637],[-73.985315,40.75462]]},"properties":{"osm_id":945305232,"name":null,"highway":"footway","class":"pedestrian"}},{"type":"Feature","geometry":{"type":"LineString","coordinates":[[-73.985361,40.754719],[-73.985295,40.754691],[-73.985178,40.754643],[-73.985152,40.754632]]},"properties":{"osm_id":945305233,"name":null,"highway":"footway","class":"pedestrian"}},{"type":"Feature","geometry":{"type":"LineString","coordinates":[[-73.985152,40.754632],[-73.985236,40.754519],[-73.985276,40.754464]]},"properties":{"osm_id":945305234,"name":null,"highway":"footway","class":"pedestrian"}},{"type":"Feature","geometry":{"type":"LineString","coordinates":[[-73.985396,40.754672],[-73.985418,40.754642],[-73.985435,40.75462],[-73.985445,40.754606],[-73.985485,40.754554]]},"properties":{"osm_id":945305235,"name":null,"highway":"footway","class":"pedestrian"}},{"type":"Feature","geometry":{"type":"LineString","coordinates":[[-73.985361,40.754719],[-73.985396,40.754672]]},"properties":{"osm_id":945305236,"name":null,"highway":"steps","class":"pedestrian"}},{"type":"Feature","geometry":{"type":"LineString","coordinates":[[-73.986848,40.754314],[-73.986863,40.754274],[-73.98687,40.754253],[-73.98705,40.753681],[-73.987057,40.753659],[-73.98707,40.753622]]},"properties":{"osm_id":958919323,"name":"Broadway","highway":"pedestrian","class":"pedestrian"}},{"type":"Feature","geometry":{"type":"LineString","coordinates":[[-73.98707,40.753622],[-73.987092,40.753554],[-73.987099,40.753531],[-73.987153,40.753363],[-73.987163,40.75334],[-73.987224,40.753225],[-73.987234,40.753201],[-73.987304,40.752977],[-73.987309,40.752961],[-73.987323,40.75293],[-73.987344,40.752887]]},"properties":{"osm_id":958919324,"name":"Broadway","highway":"living_street","class":"local","oneway":true}},{"type":"Feature","geometry":{"type":"LineString","coordinates":[[-73.985792,40.757327],[-73.985802,40.75731],[-73.985829,40.757266],[-73.985853,40.757227],[-73.985869,40.757201],[-73.986136,40.756667]]},"properties":{"osm_id":997143658,"name":"Broadway","highway":"pedestrian","class":"pedestrian"}},{"type":"Feature","geometry":{"type":"LineString","coordinates":[[-73.989719,40.757083],[-73.989857,40.757144],[-73.990008,40.757211]]},"properties":{"osm_id":1000529765,"name":null,"highway":"footway","class":"pedestrian"}},{"type":"Feature","geometry":{"type":"LineString","coordinates":[[-73.988362,40.756736],[-73.988418,40.756655],[-73.988481,40.756567]]},"properties":{"osm_id":1000529766,"name":null,"highway":"footway","class":"pedestrian"}},{"type":"Feature","geometry":{"type":"LineString","coordinates":[[-73.987114,40.755989],[-73.987015,40.755949],[-73.98698,40.755935]]},"properties":{"osm_id":1000529767,"name":null,"highway":"footway","class":"pedestrian"}},{"type":"Feature","geometry":{"type":"LineString","coordinates":[[-73.98646,40.755921],[-73.986509,40.755854],[-73.986557,40.755789]]},"properties":{"osm_id":1000529768,"name":null,"highway":"footway","class":"pedestrian"}},{"type":"Feature","geometry":{"type":"LineString","coordinates":[[-73.984596,40.754177],[-73.984554,40.754236],[-73.984432,40.754407]]},"properties":{"osm_id":1021065071,"name":"6th Avenue","highway":"secondary","class":"secondary","oneway":true}},{"type":"Feature","geometry":{"type":"LineString","coordinates":[[-73.98504,40.753558],[-73.984996,40.753619],[-73.984945,40.753691]]},"properties":{"osm_id":1021068251,"name":"6th Avenue","highway":"secondary","class":"secondary","oneway":true}},{"type":"Feature","geometry":{"type":"LineString","coordinates":[[-73.989435,40.757721],[-73.98934,40.757852],[-73.989296,40.757912]]},"properties":{"osm_id":1027181007,"name":"8th Avenue","highway":"secondary","class":"secondary","oneway":true}},{"type":"Feature","geometry":{"type":"LineString","coordinates":[[-73.990724,40.756399],[-73.990206,40.757133],[-73.991175,40.757512],[-73.991597,40.756951],[-73.992974,40.757491]]},"properties":{"osm_id":1031879417,"name":null,"highway":"service","class":"service","oneway":true}},{"type":"Feature","geometry":{"type":"LineString","coordinates":[[-73.990386,40.756689],[-73.990134,40.757038],[-73.990008,40.757211]]},"properties":{"osm_id":1035187233,"name":null,"highway":"footway","class":"pedestrian"}},{"type":"Feature","geometry":{"type":"LineString","coordinates":[[-73.992561,40.758285],[-73.991386,40.75779],[-73.990008,40.757211]]},"properties":{"osm_id":1035187237,"name":null,"highway":"footway","class":"pedestrian"}},{"type":"Feature","geometry":{"type":"LineString","coordinates":[[-73.990736,40.757302],[-73.990136,40.757039]]},"properties":{"osm_id":1035187240,"name":null,"highway":"footway","class":"pedestrian"}},{"type":"Feature","geometry":{"type":"LineString","coordinates":[[-73.990134,40.757038],[-73.990136,40.757039]]},"properties":{"osm_id":1035187241,"name":null,"highway":"footway","class":"pedestrian"}},{"type":"Feature","geometry":{"type":"LineString","coordinates":[[-73.990826,40.756085],[-73.990717,40.756234],[-73.990574,40.756431],[-73.990475,40.756569]]},"properties":{"osm_id":1035187257,"name":null,"highway":"footway","class":"pedestrian"}},{"type":"Feature","geometry":{"type":"LineString","coordinates":[[-73.990475,40.756569],[-73.990429,40.756631],[-73.990386,40.756689]]},"properties":{"osm_id":1035187258,"name":null,"highway":"footway","class":"pedestrian"}},{"type":"Feature","geometry":{"type":"LineString","coordinates":[[-73.989719,40.757083],[-73.990093,40.756568]]},"properties":{"osm_id":1035489410,"name":null,"highway":"footway","class":"pedestrian"}},{"type":"Feature","geometry":{"type":"LineString","coordinates":[[-73.99018,40.756451],[-73.99032,40.756507],[-73.990475,40.756569]]},"properties":{"osm_id":1035489411,"name":null,"highway":"footway","class":"pedestrian"}},{"type":"Feature","geometry":{"type":"LineString","coordinates":[[-73.99018,40.756451],[-73.99054,40.755958]]},"properties":{"osm_id":1035489412,"name":null,"highway":"footway","class":"pedestrian"}},{"type":"Feature","geometry":{"type":"LineString","coordinates":[[-73.989833,40.757381],[-73.990267,40.757562],[-73.991242,40.757975],[-73.992422,40.758475]]},"properties":{"osm_id":1035489415,"name":null,"highway":"footway","class":"pedestrian"}},{"type":"Feature","geometry":{"type":"LineString","coordinates":[[-73.985644,40.751376],[-73.985969,40.751512]]},"properties":{"osm_id":1036712190,"name":"West 37th Street","highway":"secondary","class":"secondary","oneway":true}},{"type":"Feature","geometry":{"type":"LineString","coordinates":[[-73.982635,40.753903],[-73.982589,40.753883]]},"properties":{"osm_id":1041716954,"name":null,"highway":"footway","class":"pedestrian"}},{"type":"Feature","geometry":{"type":"LineString","coordinates":[[-73.982654,40.753911],[-73.982635,40.753903]]},"properties":{"osm_id":1041716955,"name":null,"highway":"steps","class":"pedestrian"}},{"type":"Feature","geometry":{"type":"LineString","coordinates":[[-73.984,40.753615],[-73.983982,40.753637]]},"properties":{"osm_id":1041716956,"name":null,"highway":"footway","class":"pedestrian"}},{"type":"Feature","geometry":{"type":"LineString","coordinates":[[-73.983028,40.753546],[-73.983017,40.753542],[-73.983007,40.753538]]},"properties":{"osm_id":1041716957,"name":null,"highway":"steps","class":"pedestrian"}},{"type":"Feature","geometry":{"type":"LineString","coordinates":[[-73.982726,40.753941],[-73.982654,40.753911]]},"properties":{"osm_id":1041716958,"name":null,"highway":"footway","class":"pedestrian"}},{"type":"Feature","geometry":{"type":"LineString","coordinates":[[-73.982744,40.753949],[-73.982726,40.753941]]},"properties":{"osm_id":1041716959,"name":null,"highway":"steps","class":"pedestrian"}},{"type":"Feature","geometry":{"type":"LineString","coordinates":[[-73.984028,40.754646],[-73.984044,40.754706]]},"properties":{"osm_id":1041716960,"name":null,"highway":"footway","class":"pedestrian"}},{"type":"Feature","geometry":{"type":"LineString","coordinates":[[-73.985996,40.756516],[-73.986034,40.756532],[-73.986159,40.756585],[-73.986288,40.756639],[-73.986356,40.756667]]},"properties":{"osm_id":1049844343,"name":"West 43rd Street","highway":"residential","class":"local","oneway":true}},{"type":"Feature","geometry":{"type":"LineString","coordinates":[[-73.988382,40.757524],[-73.98917,40.757858],[-73.989296,40.757912]]},"properties":{"osm_id":1049845754,"name":"West 43rd Street","highway":"residential","class":"local","oneway":true}},{"type":"Feature","geometry":{"type":"LineString","coordinates":[[-73.98788,40.753963],[-73.988207,40.754101],[-73.988323,40.754147]]},"properties":{"osm_id":1049920715,"name":"West 39th Street","highway":"residential","class":"local","oneway":true}},{"type":"Feature","geometry":{"type":"LineString","coordinates":[[-73.987888,40.754755],[-73.987928,40.7547],[-73.988276,40.754213],[-73.988323,40.754147]]},"properties":{"osm_id":1049920716,"name":"7th Avenue","highway":"secondary","class":"secondary","oneway":true}},{"type":"Feature","geometry":{"type":"LineString","coordinates":[[-73.988798,40.753503],[-73.988673,40.75345],[-73.987458,40.752934],[-73.987344,40.752887]]},"properties":{"osm_id":1049920717,"name":"West 38th Street","highway":"residential","class":"local","oneway":true}},{"type":"Feature","geometry":{"type":"LineString","coordinates":[[-73.988323,40.754147],[-73.988378,40.754072],[-73.988736,40.753586],[-73.988798,40.753503]]},"properties":{"osm_id":1049920718,"name":"7th Avenue","highway":"secondary","class":"secondary","oneway":true}},{"type":"Feature","geometry":{"type":"LineString","coordinates":[[-73.982703,40.757579],[-73.982391,40.757448],[-73.982254,40.75739]]},"properties":{"osm_id":1051744070,"name":"West 46th Street","highway":"secondary","class":"secondary","oneway":true}},{"type":"Feature","geometry":{"type":"LineString","coordinates":[[-73.987786,40.750682],[-73.987915,40.750723],[-73.990014,40.751608],[-73.990134,40.751659]]},"properties":{"osm_id":1051750426,"name":"West 35th Street","highway":"residential","class":"local","oneway":true}},{"type":"Feature","geometry":{"type":"LineString","coordinates":[[-73.990134,40.751659],[-73.990174,40.751604],[-73.99055,40.751094],[-73.990612,40.751009]]},"properties":{"osm_id":1051750427,"name":"7th Avenue","highway":"secondary","class":"secondary","oneway":true}},{"type":"Feature","geometry":{"type":"LineString","coordinates":[[-73.982313,40.756605],[-73.982578,40.756715],[-73.982712,40.756771]]},"properties":{"osm_id":1061622296,"name":"West 45th Street","highway":"secondary","class":"secondary","oneway":true}},{"type":"Feature","geometry":{"type":"LineString","coordinates":[[-73.98707,40.753622],[-73.987127,40.753646],[-73.987173,40.753665],[-73.987232,40.75369],[-73.987522,40.753813]]},"properties":{"osm_id":1070126888,"name":"West 39th Street","highway":"residential","class":"local","oneway":true}},{"type":"Feature","geometry":{"type":"LineString","coordinates":[[-73.987522,40.753813],[-73.98788,40.753963]]},"properties":{"osm_id":1070126889,"name":"West 39th Street","highway":"residential","class":"local","oneway":true}},{"type":"Feature","geometry":{"type":"LineString","coordinates":[[-73.990308,40.75166],[-73.990267,40.751715],[-73.990221,40.751776]]},"properties":{"osm_id":1085411959,"name":null,"highway":"footway","class":"pedestrian"}},{"type":"Feature","geometry":{"type":"LineString","coordinates":[[-73.990308,40.75166],[-73.990174,40.751604],[-73.990052,40.751552]]},"properties":{"osm_id":1085411960,"name":null,"highway":"footway","class":"pedestrian"}},{"type":"Feature","geometry":{"type":"LineString","coordinates":[[-73.980492,40.754258],[-73.980521,40.754219],[-73.980555,40.754172]]},"properties":{"osm_id":1087627552,"name":null,"highway":"footway","class":"pedestrian"}},{"type":"Feature","geometry":{"type":"LineString","coordinates":[[-73.979574,40.75552],[-73.981887,40.756497],[-73.982533,40.75678]]},"properties":{"osm_id":1110962554,"name":null,"highway":"footway","class":"pedestrian"}},{"type":"Feature","geometry":{"type":"LineString","coordinates":[[-73.982883,40.756765],[-73.982754,40.756713],[-73.982616,40.756659]]},"properties":{"osm_id":1110962555,"name":null,"highway":"footway","class":"pedestrian"}},{"type":"Feature","geometry":{"type":"LineString","coordinates":[[-73.982616,40.756659],[-73.979659,40.755407]]},"properties":{"osm_id":1110962556,"name":null,"highway":"footway","class":"pedestrian"}},{"type":"Feature","geometry":{"type":"LineString","coordinates":[[-73.980357,40.751509],[-73.981751,40.752094],[-73.981783,40.752108]]},"properties":{"osm_id":1111046980,"name":null,"highway":"footway","class":"pedestrian"}},{"type":"Feature","geometry":{"type":"LineString","coordinates":[[-73.981694,40.752236],[-73.981657,40.752217],[-73.981486,40.75213],[-73.980278,40.751623]]},"properties":{"osm_id":1111046981,"name":null,"highway":"footway","class":"pedestrian"}},{"type":"Feature","geometry":{"type":"LineString","coordinates":[[-73.979197,40.756027],[-73.981353,40.756932],[-73.981526,40.757002],[-73.982173,40.757266]]},"properties":{"osm_id":1111046994,"name":null,"highway":"footway","class":"pedestrian"}},{"type":"Feature","geometry":{"type":"LineString","coordinates":[[-73.982077,40.757401],[-73.982207,40.757454],[-73.982345,40.757512]]},"properties":{"osm_id":1111046995,"name":null,"highway":"footway","class":"pedestrian"}},{"type":"Feature","geometry":{"type":"LineString","coordinates":[[-73.979108,40.756147],[-73.982077,40.757401]]},"properties":{"osm_id":1111046996,"name":null,"highway":"footway","class":"pedestrian"}},{"type":"Feature","geometry":{"type":"LineString","coordinates":[[-73.982322,40.751689],[-73.982226,40.751649],[-73.982144,40.751615]]},"properties":{"osm_id":1111047002,"name":null,"highway":"footway","class":"pedestrian"}},{"type":"Feature","geometry":{"type":"LineString","coordinates":[[-73.982352,40.751702],[-73.981997,40.752197],[-73.981982,40.752218]]},"properties":{"osm_id":1111047003,"name":null,"highway":"footway","class":"pedestrian"}},{"type":"Feature","geometry":{"type":"LineString","coordinates":[[-73.982101,40.751596],[-73.981751,40.752094],[-73.981736,40.752114]]},"properties":{"osm_id":1111047004,"name":null,"highway":"footway","class":"pedestrian"}},{"type":"Feature","geometry":{"type":"LineString","coordinates":[[-73.979426,40.752754],[-73.979446,40.752763],[-73.980823,40.753348],[-73.980866,40.753367]]},"properties":{"osm_id":1111047007,"name":null,"highway":"footway","class":"pedestrian"}},{"type":"Feature","geometry":{"type":"LineString","coordinates":[[-73.980909,40.75362],[-73.980809,40.753577],[-73.980737,40.753548]]},"properties":{"osm_id":1111047008,"name":null,"highway":"footway","class":"pedestrian"}},{"type":"Feature","geometry":{"type":"LineString","coordinates":[[-73.980737,40.753548],[-73.980691,40.753529],[-73.979315,40.752962],[-73.979292,40.752953]]},"properties":{"osm_id":1111047009,"name":null,"highway":"footway","class":"pedestrian"}},{"type":"Feature","geometry":{"type":"LineString","coordinates":[[-73.981972,40.758022],[-73.981942,40.758007],[-73.981836,40.757963],[-73.981747,40.757924],[-73.981703,40.757906]]},"properties":{"osm_id":1111047010,"name":null,"highway":"footway","class":"pedestrian"}},{"type":"Feature","geometry":{"type":"LineString","coordinates":[[-73.978725,40.756652],[-73.981703,40.757906]]},"properties":{"osm_id":1111047011,"name":null,"highway":"footway","class":"pedestrian"}},{"type":"Feature","geometry":{"type":"LineString","coordinates":[[-73.981616,40.758021],[-73.978643,40.756766]]},"properties":{"osm_id":1111047012,"name":null,"highway":"footway","class":"pedestrian"}},{"type":"Feature","geometry":{"type":"LineString","coordinates":[[-73.985403,40.752824],[-73.98553,40.752877],[-73.985672,40.752938]]},"properties":{"osm_id":1111047018,"name":null,"highway":"footway","class":"pedestrian"}},{"type":"Feature","geometry":{"type":"LineString","coordinates":[[-73.982442,40.75158],[-73.985403,40.752824]]},"properties":{"osm_id":1111047019,"name":null,"highway":"footway","class":"pedestrian"}},{"type":"Feature","geometry":{"type":"LineString","coordinates":[[-73.985319,40.752939],[-73.982352,40.751702]]},"properties":{"osm_id":1111047020,"name":null,"highway":"footway","class":"pedestrian"}},{"type":"Feature","geometry":{"type":"LineString","coordinates":[[-73.987487,40.755475],[-73.987537,40.755411],[-73.98758,40.755356]]},"properties":{"osm_id":1111240004,"name":null,"highway":"footway","class":"pedestrian"}},{"type":"Feature","geometry":{"type":"LineString","coordinates":[[-73.987487,40.755475],[-73.987139,40.756001]]},"properties":{"osm_id":1111240005,"name":null,"highway":"footway","class":"pedestrian"}},{"type":"Feature","geometry":{"type":"LineString","coordinates":[[-73.986902,40.755903],[-73.986968,40.755814],[-73.98729,40.755379]]},"properties":{"osm_id":1111240006,"name":null,"highway":"footway","class":"pedestrian"}},{"type":"Feature","geometry":{"type":"LineString","coordinates":[[-73.986921,40.755911],[-73.986902,40.755903],[-73.986741,40.755834],[-73.986567,40.755759],[-73.986529,40.755743]]},"properties":{"osm_id":1111240007,"name":null,"highway":"footway","class":"pedestrian"}},{"type":"Feature","geometry":{"type":"LineString","coordinates":[[-73.987139,40.756001],[-73.987663,40.756212]]},"properties":{"osm_id":1111240008,"name":null,"highway":"footway","class":"pedestrian"}},{"type":"Feature","geometry":{"type":"LineString","coordinates":[[-73.989204,40.756871],[-73.989719,40.757083]]},"properties":{"osm_id":1111240009,"name":null,"highway":"footway","class":"pedestrian"}},{"type":"Feature","geometry":{"type":"LineString","coordinates":[[-73.989106,40.756833],[-73.989204,40.756871]]},"properties":{"osm_id":1111240010,"name":null,"highway":"footway","class":"pedestrian"}},{"type":"Feature","geometry":{"type":"LineString","coordinates":[[-73.988815,40.756708],[-73.989106,40.756833]]},"properties":{"osm_id":1111240011,"name":null,"highway":"footway","class":"pedestrian"}},{"type":"Feature","geometry":{"type":"LineString","coordinates":[[-73.988784,40.756695],[-73.988815,40.756708]]},"properties":{"osm_id":1111240012,"name":null,"highway":"footway","class":"pedestrian"}},{"type":"Feature","geometry":{"type":"LineString","coordinates":[[-73.988658,40.756642],[-73.988784,40.756695]]},"properties":{"osm_id":1111240013,"name":null,"highway":"footway","class":"pedestrian"}},{"type":"Feature","geometry":{"type":"LineString","coordinates":[[-73.988501,40.756574],[-73.988658,40.756642]]},"properties":{"osm_id":1111240014,"name":null,"highway":"footway","class":"pedestrian"}},{"type":"Feature","geometry":{"type":"LineString","coordinates":[[-73.988072,40.756381],[-73.988481,40.756567],[-73.988501,40.756574]]},"properties":{"osm_id":1111240015,"name":null,"highway":"footway","class":"pedestrian"}},{"type":"Feature","geometry":{"type":"LineString","coordinates":[[-73.987937,40.756327],[-73.988072,40.756381]]},"properties":{"osm_id":1111240016,"name":null,"highway":"footway","class":"pedestrian"}},{"type":"Feature","geometry":{"type":"LineString","coordinates":[[-73.987735,40.75624],[-73.987937,40.756327]]},"properties":{"osm_id":1111240017,"name":null,"highway":"footway","class":"pedestrian"}},{"type":"Feature","geometry":{"type":"LineString","coordinates":[[-73.987663,40.756212],[-73.987735,40.75624]]},"properties":{"osm_id":1111240018,"name":null,"highway":"footway","class":"pedestrian"}},{"type":"Feature","geometry":{"type":"LineString","coordinates":[[-73.989833,40.757381],[-73.98948,40.757856],[-73.98949,40.757918]]},"properties":{"osm_id":1111240019,"name":null,"highway":"footway","class":"pedestrian"}},{"type":"Feature","geometry":{"type":"LineString","coordinates":[[-73.989215,40.757797],[-73.98934,40.757852],[-73.98949,40.757918]]},"properties":{"osm_id":1111240020,"name":null,"highway":"footway","class":"pedestrian"}},{"type":"Feature","geometry":{"type":"LineString","coordinates":[[-73.989399,40.758038],[-73.989026,40.758544]]},"properties":{"osm_id":1111240021,"name":null,"highway":"footway","class":"pedestrian"}},{"type":"Feature","geometry":{"type":"LineString","coordinates":[[-73.989026,40.758544],[-73.98888,40.758482],[-73.988759,40.75843],[-73.988722,40.758481],[-73.988678,40.758542],[-73.9888,40.758592],[-73.988946,40.758651],[-73.988989,40.758594],[-73.989026,40.758544]]},"properties":{"osm_id":1111240022,"name":null,"highway":"footway","class":"pedestrian"}},{"type":"Feature","geometry":{"type":"LineString","coordinates":[[-73.988946,40.758651],[-73.988569,40.759164]]},"properties":{"osm_id":1111240023,"name":null,"highway":"footway","class":"pedestrian"}},{"type":"Feature","geometry":{"type":"LineString","coordinates":[[-73.988399,40.759246],[-73.988339,40.759223],[-73.98822,40.759175]]},"properties":{"osm_id":1111240024,"name":null,"highway":"footway","class":"pedestrian"}},{"type":"Feature","geometry":{"type":"LineString","coordinates":[[-73.988489,40.759282],[-73.988112,40.759796],[-73.988084,40.759833]]},"properties":{"osm_id":1111240026,"name":null,"highway":"footway","class":"pedestrian"}},{"type":"Feature","geometry":{"type":"LineString","coordinates":[[-73.988489,40.759282],[-73.991049,40.760356]]},"properties":{"osm_id":1111240027,"name":null,"highway":"footway","class":"pedestrian"}},{"type":"Feature","geometry":{"type":"LineString","coordinates":[[-73.991133,40.760245],[-73.988569,40.759164]]},"properties":{"osm_id":1111240028,"name":null,"highway":"footway","class":"pedestrian"}},{"type":"Feature","geometry":{"type":"LineString","coordinates":[[-73.989321,40.753014],[-73.989195,40.752961],[-73.98907,40.752908]]},"properties":{"osm_id":1111568473,"name":null,"highway":"footway","class":"pedestrian"}},{"type":"Feature","geometry":{"type":"LineString","coordinates":[[-73.987594,40.752286],[-73.98752,40.752254],[-73.987482,40.752237]]},"properties":{"osm_id":1111568474,"name":null,"highway":"footway","class":"pedestrian"}},{"type":"Feature","geometry":{"type":"LineString","coordinates":[[-73.98907,40.752908],[-73.98764,40.752305],[-73.987612,40.752294]]},"properties":{"osm_id":1111568475,"name":null,"highway":"footway","class":"pedestrian"}},{"type":"Feature","geometry":{"type":"LineString","coordinates":[[-73.989155,40.752792],[-73.987681,40.752174],[-73.987641,40.752157]]},"properties":{"osm_id":1111568476,"name":null,"highway":"footway","class":"pedestrian"}},{"type":"Feature","geometry":{"type":"LineString","coordinates":[[-73.988059,40.754753],[-73.988017,40.75481],[-73.987976,40.754863]]},"properties":{"osm_id":1111568477,"name":null,"highway":"footway","class":"pedestrian"}},{"type":"Feature","geometry":{"type":"LineString","coordinates":[[-73.988258,40.754024],[-73.988378,40.754072],[-73.988507,40.754123]]},"properties":{"osm_id":1111568478,"name":null,"highway":"footway","class":"pedestrian"}},{"type":"Feature","geometry":{"type":"LineString","coordinates":[[-73.988059,40.754753],[-73.988411,40.754255]]},"properties":{"osm_id":1111568479,"name":null,"highway":"footway","class":"pedestrian"}},{"type":"Feature","geometry":{"type":"LineString","coordinates":[[-73.988164,40.754166],[-73.987808,40.754651]]},"properties":{"osm_id":1111568480,"name":null,"highway":"footway","class":"pedestrian"}},{"type":"Feature","geometry":{"type":"LineString","coordinates":[[-73.990221,40.751776],[-73.99009,40.751721],[-73.989971,40.751671]]},"properties":{"osm_id":1111568481,"name":null,"highway":"footway","class":"pedestrian"}},{"type":"Feature","geometry":{"type":"LineString","coordinates":[[-73.992791,40.752867],[-73.99279,40.752856],[-73.992785,40.75285],[-73.992775,40.752841],[-73.992767,40.752837],[-73.990221,40.751776]]},"properties":{"osm_id":1111568482,"name":null,"highway":"footway","class":"pedestrian"}},{"type":"Feature","geometry":{"type":"LineString","coordinates":[[-73.986492,40.75182],[-73.986352,40.751765],[-73.986215,40.751711]]},"properties":{"osm_id":1111568483,"name":null,"highway":"footway","class":"pedestrian"}},{"type":"Feature","geometry":{"type":"LineString","coordinates":[[-73.986577,40.751706],[-73.98693,40.751187]]},"properties":{"osm_id":1111568484,"name":null,"highway":"footway","class":"pedestrian"}},{"type":"Feature","geometry":{"type":"LineString","coordinates":[[-73.986693,40.751089],[-73.986305,40.751593]]},"properties":{"osm_id":1111568485,"name":null,"highway":"footway","class":"pedestrian"}},{"type":"Feature","geometry":{"type":"LineString","coordinates":[[-73.988863,40.753636],[-73.988736,40.753586],[-73.988613,40.753535]]},"properties":{"osm_id":1111568486,"name":null,"highway":"footway","class":"pedestrian"}},{"type":"Feature","geometry":{"type":"LineString","coordinates":[[-73.989321,40.753014],[-73.98896,40.753509]]},"properties":{"osm_id":1111568487,"name":null,"highway":"footway","class":"pedestrian"}},{"type":"Feature","geometry":{"type":"LineString","coordinates":[[-73.988706,40.753403],[-73.98907,40.752908]]},"properties":{"osm_id":1111568488,"name":null,"highway":"footway","class":"pedestrian"}},{"type":"Feature","geometry":{"type":"LineString","coordinates":[[-73.989857,40.752276],[-73.989811,40.75234],[-73.989771,40.752397]]},"properties":{"osm_id":1111568489,"name":null,"highway":"footway","class":"pedestrian"}},{"type":"Feature","geometry":{"type":"LineString","coordinates":[[-73.990221,40.751776],[-73.989857,40.752276]]},"properties":{"osm_id":1111568490,"name":null,"highway":"footway","class":"pedestrian"}},{"type":"Feature","geometry":{"type":"LineString","coordinates":[[-73.989609,40.752173],[-73.989971,40.751671]]},"properties":{"osm_id":1111568491,"name":null,"highway":"footway","class":"pedestrian"}},{"type":"Feature","geometry":{"type":"LineString","coordinates":[[-73.987742,40.75154],[-73.987673,40.751512],[-73.987623,40.751491]]},"properties":{"osm_id":1111568492,"name":null,"highway":"footway","class":"pedestrian"}},{"type":"Feature","geometry":{"type":"LineString","coordinates":[[-73.987641,40.752157],[-73.987778,40.751555]]},"properties":{"osm_id":1111568493,"name":null,"highway":"footway","class":"pedestrian"}},{"type":"Feature","geometry":{"type":"LineString","coordinates":[[-73.987367,40.752032],[-73.987494,40.751439]]},"properties":{"osm_id":1111568494,"name":null,"highway":"footway","class":"pedestrian"}},{"type":"Feature","geometry":{"type":"LineString","coordinates":[[-73.984979,40.753459],[-73.985082,40.7535],[-73.985195,40.753546]]},"properties":{"osm_id":1111568495,"name":null,"highway":"footway","class":"pedestrian"}},{"type":"Feature","geometry":{"type":"LineString","coordinates":[[-73.985588,40.753053],[-73.985222,40.753557],[-73.985209,40.753575]]},"properties":{"osm_id":1111568496,"name":null,"highway":"footway","class":"pedestrian"}},{"type":"Feature","geometry":{"type":"LineString","coordinates":[[-73.984937,40.753464],[-73.984949,40.753447],[-73.985319,40.752939]]},"properties":{"osm_id":1111568497,"name":null,"highway":"footway","class":"pedestrian"}},{"type":"Feature","geometry":{"type":"LineString","coordinates":[[-73.985857,40.752205],[-73.98599,40.752259],[-73.986126,40.752314]]},"properties":{"osm_id":1111568498,"name":null,"highway":"footway","class":"pedestrian"}},{"type":"Feature","geometry":{"type":"LineString","coordinates":[[-73.986492,40.75182],[-73.986126,40.752314]]},"properties":{"osm_id":1111568499,"name":null,"highway":"footway","class":"pedestrian"}},{"type":"Feature","geometry":{"type":"LineString","coordinates":[[-73.985857,40.752205],[-73.986215,40.751711]]},"properties":{"osm_id":1111568500,"name":null,"highway":"footway","class":"pedestrian"}},{"type":"Feature","geometry":{"type":"LineString","coordinates":[[-73.983355,40.750324],[-73.983356,40.750347],[-73.983361,40.750353],[-73.983367,40.750357],[-73.985222,40.751137],[-73.985232,40.751147],[-73.985357,40.751198],[-73.985377,40.751202],[-73.986305,40.751593]]},"properties":{"osm_id":1111568501,"name":null,"highway":"footway","class":"pedestrian"}},{"type":"Feature","geometry":{"type":"LineString","coordinates":[[-73.986215,40.751711],[-73.985783,40.751521],[-73.985362,40.75134],[-73.984858,40.751128],[-73.984497,40.750975],[-73.983876,40.750711],[-73.983748,40.750658],[-73.983292,40.750468],[-73.98325,40.750467]]},"properties":{"osm_id":1111568502,"name":null,"highway":"footway","class":"pedestrian"}},{"type":"Feature","geometry":{"type":"LineString","coordinates":[[-73.986492,40.75182],[-73.987305,40.752161],[-73.987335,40.752174]]},"properties":{"osm_id":1111568503,"name":null,"highway":"footway","class":"pedestrian"}},{"type":"Feature","geometry":{"type":"LineString","coordinates":[[-73.986577,40.751706],[-73.987339,40.75202],[-73.987367,40.752032]]},"properties":{"osm_id":1111568504,"name":null,"highway":"footway","class":"pedestrian"}},{"type":"Feature","geometry":{"type":"LineString","coordinates":[[-73.986045,40.75243],[-73.985672,40.752938]]},"properties":{"osm_id":1111568505,"name":null,"highway":"footway","class":"pedestrian"}},{"type":"Feature","geometry":{"type":"LineString","coordinates":[[-73.985775,40.75232],[-73.985403,40.752824]]},"properties":{"osm_id":1111568506,"name":null,"highway":"footway","class":"pedestrian"}},{"type":"Feature","geometry":{"type":"LineString","coordinates":[[-73.990052,40.751552],[-73.99043,40.751036]]},"properties":{"osm_id":1111568507,"name":null,"highway":"footway","class":"pedestrian"}},{"type":"Feature","geometry":{"type":"LineString","coordinates":[[-73.985857,40.752205],[-73.985428,40.752023],[-73.983659,40.751272],[-73.98336,40.751145],[-73.982892,40.750947]]},"properties":{"osm_id":1111568508,"name":null,"highway":"footway","class":"pedestrian"}},{"type":"Feature","geometry":{"type":"LineString","coordinates":[[-73.982789,40.751082],[-73.982812,40.751081],[-73.982825,40.751081],[-73.982846,40.751083],[-73.982862,40.751086],[-73.983635,40.751415],[-73.983667,40.751429],[-73.985775,40.75232]]},"properties":{"osm_id":1111568509,"name":null,"highway":"footway","class":"pedestrian"}},{"type":"Feature","geometry":{"type":"LineString","coordinates":[[-73.988613,40.753535],[-73.988258,40.754024]]},"properties":{"osm_id":1111568510,"name":null,"highway":"footway","class":"pedestrian"}},{"type":"Feature","geometry":{"type":"LineString","coordinates":[[-73.988507,40.754123],[-73.988863,40.753636]]},"properties":{"osm_id":1111568511,"name":null,"highway":"footway","class":"pedestrian"}},{"type":"Feature","geometry":{"type":"LineString","coordinates":[[-73.984661,40.754281],[-73.984554,40.754236],[-73.98445,40.754193]]},"properties":{"osm_id":1111568512,"name":null,"highway":"footway","class":"pedestrian"}},{"type":"Feature","geometry":{"type":"LineString","coordinates":[[-73.984755,40.754188],[-73.984766,40.754173],[-73.985135,40.753674],[-73.985148,40.753657]]},"properties":{"osm_id":1111568513,"name":null,"highway":"footway","class":"pedestrian"}},{"type":"Feature","geometry":{"type":"LineString","coordinates":[[-73.984433,40.754186],[-73.984464,40.754137],[-73.984512,40.754067],[-73.984864,40.753567],[-73.98487,40.753558]]},"properties":{"osm_id":1111568514,"name":null,"highway":"footway","class":"pedestrian"}},{"type":"Feature","geometry":{"type":"LineString","coordinates":[[-73.981406,40.753071],[-73.981089,40.753448],[-73.981058,40.753485]]},"properties":{"osm_id":1111930843,"name":null,"highway":"footway","class":"pedestrian"}},{"type":"Feature","geometry":{"type":"LineString","coordinates":[[-73.981922,40.752298],[-73.98191,40.752314],[-73.981905,40.752321],[-73.981535,40.752822]]},"properties":{"osm_id":1111930844,"name":null,"highway":"footway","class":"pedestrian"}},{"type":"Feature","geometry":{"type":"LineString","coordinates":[[-73.992062,40.758992],[-73.99081,40.758471],[-73.990207,40.75822],[-73.98949,40.757918]]},"properties":{"osm_id":1111934301,"name":null,"highway":"footway","class":"pedestrian"}},{"type":"Feature","geometry":{"type":"LineString","coordinates":[[-73.989399,40.758038],[-73.99072,40.758592],[-73.991974,40.759117]]},"properties":{"osm_id":1111934302,"name":null,"highway":"footway","class":"pedestrian"}},{"type":"Feature","geometry":{"type":"LineString","coordinates":[[-73.984039,40.759868],[-73.984012,40.759856],[-73.983113,40.759476],[-73.982083,40.75904],[-73.981442,40.758768]]},"properties":{"osm_id":1111949472,"name":null,"highway":"footway","class":"pedestrian"}},{"type":"Feature","geometry":{"type":"LineString","coordinates":[[-73.981527,40.758646],[-73.982181,40.758922],[-73.982605,40.759101],[-73.983201,40.759352],[-73.9841,40.759731],[-73.984126,40.759742]]},"properties":{"osm_id":1111949473,"name":null,"highway":"footway","class":"pedestrian"}},{"type":"Feature","geometry":{"type":"LineString","coordinates":[[-73.981247,40.758529],[-73.981286,40.758546],[-73.981384,40.758586],[-73.981493,40.758632],[-73.981527,40.758646]]},"properties":{"osm_id":1111949474,"name":null,"highway":"footway","class":"pedestrian"}},{"type":"Feature","geometry":{"type":"LineString","coordinates":[[-73.983643,40.760366],[-73.982745,40.759985],[-73.982194,40.759753],[-73.981073,40.75928],[-73.981033,40.759263]]},"properties":{"osm_id":1111949478,"name":null,"highway":"footway","class":"pedestrian"}},{"type":"Feature","geometry":{"type":"LineString","coordinates":[[-73.983559,40.760485],[-73.982657,40.760108],[-73.982116,40.759875],[-73.98099,40.75939]]},"properties":{"osm_id":1111949479,"name":null,"highway":"footway","class":"pedestrian"}},{"type":"Feature","geometry":{"type":"LineString","coordinates":[[-73.98106,40.759299],[-73.981031,40.759337],[-73.981005,40.75937]]},"properties":{"osm_id":1111949480,"name":null,"highway":"footway","class":"pedestrian"}},{"type":"Feature","geometry":{"type":"LineString","coordinates":[[-73.981033,40.759263],[-73.980924,40.759218],[-73.980827,40.759178]]},"properties":{"osm_id":1111949481,"name":null,"highway":"footway","class":"pedestrian"}},{"type":"Feature","geometry":{"type":"LineString","coordinates":[[-73.981442,40.758768],[-73.981073,40.75928],[-73.98106,40.759299]]},"properties":{"osm_id":1111949482,"name":null,"highway":"footway","class":"pedestrian"}},{"type":"Feature","geometry":{"type":"LineString","coordinates":[[-73.981163,40.75865],[-73.980791,40.759163],[-73.980779,40.759178]]},"properties":{"osm_id":1111949483,"name":null,"highway":"footway","class":"pedestrian"}},{"type":"Feature","geometry":{"type":"LineString","coordinates":[[-73.980804,40.759567],[-73.980702,40.759522],[-73.980601,40.759478]]},"properties":{"osm_id":1111949484,"name":null,"highway":"footway","class":"pedestrian"}},{"type":"Feature","geometry":{"type":"LineString","coordinates":[[-73.981005,40.75937],[-73.98099,40.75939],[-73.980845,40.759585],[-73.980607,40.759905]]},"properties":{"osm_id":1111949485,"name":null,"highway":"footway","class":"pedestrian"}},{"type":"Feature","geometry":{"type":"LineString","coordinates":[[-73.98072,40.759261],[-73.98071,40.759274],[-73.98057,40.759464],[-73.980335,40.759788]]},"properties":{"osm_id":1111949486,"name":null,"highway":"footway","class":"pedestrian"}},{"type":"Feature","geometry":{"type":"LineString","coordinates":[[-73.989321,40.753014],[-73.9919,40.754102]]},"properties":{"osm_id":1111953888,"name":null,"highway":"footway","class":"pedestrian"}},{"type":"Feature","geometry":{"type":"LineString","coordinates":[[-73.991988,40.75398],[-73.989406,40.752897]]},"properties":{"osm_id":1111953889,"name":null,"highway":"footway","class":"pedestrian"}},{"type":"Feature","geometry":{"type":"LineString","coordinates":[[-73.986625,40.755106],[-73.98665,40.755117],[-73.986734,40.755153]]},"properties":{"osm_id":1111963624,"name":null,"highway":"footway","class":"pedestrian"}},{"type":"Feature","geometry":{"type":"LineString","coordinates":[[-73.986663,40.754972],[-73.986646,40.754965],[-73.986524,40.754913],[-73.986495,40.754901],[-73.984766,40.754173],[-73.984743,40.754163]]},"properties":{"osm_id":1111963625,"name":null,"highway":"footway","class":"pedestrian"}},{"type":"Feature","geometry":{"type":"LineString","coordinates":[[-73.984661,40.754281],[-73.98469,40.754293],[-73.985236,40.754519],[-73.985264,40.75453],[-73.985354,40.754568],[-73.985445,40.754606],[-73.986444,40.755028],[-73.986501,40.755052]]},"properties":{"osm_id":1111963626,"name":null,"highway":"footway","class":"pedestrian"}},{"type":"Feature","geometry":{"type":"LineString","coordinates":[[-73.992348,40.753481],[-73.989771,40.752397]]},"properties":{"osm_id":1111965744,"name":null,"highway":"footway","class":"pedestrian"}},{"type":"Feature","geometry":{"type":"LineString","coordinates":[[-73.989857,40.752276],[-73.992435,40.75336]]},"properties":{"osm_id":1111965745,"name":null,"highway":"footway","class":"pedestrian"}},{"type":"Feature","geometry":{"type":"LineString","coordinates":[[-73.985068,40.755139],[-73.986268,40.755647],[-73.986283,40.755654],[-73.986296,40.755659],[-73.986305,40.755665],[-73.986312,40.755675],[-73.986319,40.755691]]},"properties":{"osm_id":1111967677,"name":null,"highway":"footway","class":"pedestrian"}},{"type":"Feature","geometry":{"type":"LineString","coordinates":[[-73.991509,40.759732],[-73.989434,40.758857],[-73.988946,40.758651]]},"properties":{"osm_id":1111973921,"name":null,"highway":"footway","class":"pedestrian"}},{"type":"Feature","geometry":{"type":"LineString","coordinates":[[-73.991592,40.759618],[-73.990667,40.759231],[-73.990389,40.759114],[-73.989026,40.758544]]},"properties":{"osm_id":1111973922,"name":null,"highway":"footway","class":"pedestrian"}},{"type":"Feature","geometry":{"type":"LineString","coordinates":[[-73.982616,40.756659],[-73.983001,40.756143]]},"properties":{"osm_id":1111973923,"name":null,"highway":"footway","class":"pedestrian"}},{"type":"Feature","geometry":{"type":"LineString","coordinates":[[-73.983001,40.756143],[-73.983122,40.756205],[-73.983162,40.756222]]},"properties":{"osm_id":1111973924,"name":null,"highway":"footway","class":"pedestrian"}},{"type":"Feature","geometry":{"type":"LineString","coordinates":[[-73.980968,40.753608],[-73.980947,40.753636],[-73.980566,40.754155]]},"properties":{"osm_id":1111976134,"name":null,"highway":"footway","class":"pedestrian"}},{"type":"Feature","geometry":{"type":"LineString","coordinates":[[-73.980711,40.753501],[-73.980691,40.753529],[-73.980313,40.75405]]},"properties":{"osm_id":1111976135,"name":null,"highway":"footway","class":"pedestrian"}},{"type":"Feature","geometry":{"type":"LineString","coordinates":[[-73.983931,40.754859],[-73.983907,40.754879],[-73.983882,40.7549],[-73.983539,40.755401]]},"properties":{"osm_id":1111981844,"name":null,"highway":"footway","class":"pedestrian"}},{"type":"Feature","geometry":{"type":"LineString","coordinates":[[-73.984702,40.754276],[-73.98469,40.754293],[-73.984328,40.754817],[-73.98431,40.754843]]},"properties":{"osm_id":1111986414,"name":null,"highway":"footway","class":"pedestrian"}},{"type":"Feature","geometry":{"type":"LineString","coordinates":[[-73.984433,40.754186],[-73.984078,40.754664],[-73.984044,40.754706],[-73.984037,40.754715],[-73.984028,40.754726]]},"properties":{"osm_id":1111986415,"name":null,"highway":"footway","class":"pedestrian"}},{"type":"Feature","geometry":{"type":"LineString","coordinates":[[-73.987017,40.754341],[-73.987004,40.754381],[-73.986988,40.754433]]},"properties":{"osm_id":1112015209,"name":null,"highway":"footway","class":"pedestrian"}},{"type":"Feature","geometry":{"type":"LineString","coordinates":[[-73.986983,40.754449],[-73.986794,40.755036]]},"properties":{"osm_id":1112015210,"name":null,"highway":"footway","class":"pedestrian"}},{"type":"Feature","geometry":{"type":"LineString","coordinates":[[-73.987143,40.753719],[-73.987107,40.753705],[-73.98705,40.753681],[-73.986973,40.75365]]},"properties":{"osm_id":1112015212,"name":null,"highway":"footway","class":"pedestrian"}},{"type":"Feature","geometry":{"type":"LineString","coordinates":[[-73.985588,40.753053],[-73.986906,40.753611],[-73.986932,40.753626]]},"properties":{"osm_id":1112015213,"name":null,"highway":"footway","class":"pedestrian"}},{"type":"Feature","geometry":{"type":"LineString","coordinates":[[-73.986979,40.753473],[-73.986855,40.753422],[-73.985672,40.752938]]},"properties":{"osm_id":1112015214,"name":null,"highway":"footway","class":"pedestrian"}},{"type":"Feature","geometry":{"type":"LineString","coordinates":[[-73.987212,40.753747],[-73.987423,40.753835],[-73.98749,40.753862],[-73.988174,40.754151]]},"properties":{"osm_id":1112015215,"name":null,"highway":"footway","class":"pedestrian"}},{"type":"Feature","geometry":{"type":"LineString","coordinates":[[-73.988258,40.754024],[-73.987427,40.753678],[-73.987261,40.753608]]},"properties":{"osm_id":1112015216,"name":null,"highway":"footway","class":"pedestrian"}},{"type":"Feature","geometry":{"type":"LineString","coordinates":[[-73.987285,40.75297],[-73.987188,40.75291]]},"properties":{"osm_id":1112015217,"name":null,"highway":"footway","class":"pedestrian"}},{"type":"Feature","geometry":{"type":"LineString","coordinates":[[-73.987469,40.752888],[-73.987612,40.752294]]},"properties":{"osm_id":1112015218,"name":null,"highway":"footway","class":"pedestrian"}},{"type":"Feature","geometry":{"type":"LineString","coordinates":[[-73.987184,40.752761],[-73.987335,40.752174]]},"properties":{"osm_id":1112015219,"name":null,"highway":"footway","class":"pedestrian"}},{"type":"Feature","geometry":{"type":"LineString","coordinates":[[-73.986567,40.755759],[-73.986763,40.755163]]},"properties":{"osm_id":1112015220,"name":null,"highway":"footway","class":"pedestrian"}},{"type":"Feature","geometry":{"type":"LineString","coordinates":[[-73.987188,40.75291],[-73.98716,40.752913],[-73.987121,40.752896],[-73.986045,40.75243]]},"properties":{"osm_id":1112015221,"name":null,"highway":"footway","class":"pedestrian"}},{"type":"Feature","geometry":{"type":"LineString","coordinates":[[-73.987184,40.752761],[-73.987161,40.752752],[-73.986126,40.752314]]},"properties":{"osm_id":1112015222,"name":null,"highway":"footway","class":"pedestrian"}},{"type":"Feature","geometry":{"type":"LineString","coordinates":[[-73.987808,40.754651],[-73.987526,40.754536],[-73.987114,40.754365],[-73.987022,40.754327]]},"properties":{"osm_id":1112015223,"name":null,"highway":"footway","class":"pedestrian"}},{"type":"Feature","geometry":{"type":"LineString","coordinates":[[-73.987729,40.754763],[-73.987144,40.754515],[-73.98712,40.754505],[-73.98701,40.75446],[-73.986983,40.754449]]},"properties":{"osm_id":1112015224,"name":null,"highway":"footway","class":"pedestrian"}},{"type":"Feature","geometry":{"type":"LineString","coordinates":[[-73.98758,40.755356],[-73.987976,40.754863]]},"properties":{"osm_id":1112015225,"name":null,"highway":"footway","class":"pedestrian"}},{"type":"Feature","geometry":{"type":"LineString","coordinates":[[-73.987729,40.754763],[-73.987356,40.75527]]},"properties":{"osm_id":1112015226,"name":null,"highway":"footway","class":"pedestrian"}},{"type":"Feature","geometry":{"type":"LineString","coordinates":[[-73.988613,40.753535],[-73.987526,40.753064],[-73.987435,40.75303]]},"properties":{"osm_id":1112015227,"name":null,"highway":"footway","class":"pedestrian"}},{"type":"Feature","geometry":{"type":"LineString","coordinates":[[-73.988706,40.753403],[-73.987493,40.752898],[-73.987469,40.752888]]},"properties":{"osm_id":1112015228,"name":null,"highway":"footway","class":"pedestrian"}},{"type":"Feature","geometry":{"type":"LineString","coordinates":[[-73.986847,40.754399],[-73.986832,40.754393],[-73.986822,40.754388],[-73.986739,40.754344],[-73.986716,40.754333],[-73.986677,40.754317],[-73.985135,40.753674],[-73.985108,40.753663]]},"properties":{"osm_id":1112015229,"name":null,"highway":"footway","class":"pedestrian"}},{"type":"Feature","geometry":{"type":"LineString","coordinates":[[-73.985195,40.753546],[-73.985222,40.753557],[-73.985987,40.753884],[-73.986716,40.754196],[-73.986733,40.754201],[-73.986784,40.754216]]},"properties":{"osm_id":1112015230,"name":null,"highway":"footway","class":"pedestrian"}},{"type":"Feature","geometry":{"type":"LineString","coordinates":[[-73.984979,40.753459],[-73.984949,40.753447],[-73.981997,40.752197],[-73.981959,40.752181]]},"properties":{"osm_id":1112015231,"name":null,"highway":"footway","class":"pedestrian"}},{"type":"Feature","geometry":{"type":"LineString","coordinates":[[-73.981869,40.752307],[-73.981887,40.752314],[-73.981905,40.752321],[-73.981944,40.752335],[-73.983302,40.752908],[-73.984518,40.75342],[-73.984764,40.753524],[-73.984864,40.753567],[-73.984877,40.753572]]},"properties":{"osm_id":1112015232,"name":null,"highway":"footway","class":"pedestrian"}},{"type":"Feature","geometry":{"type":"LineString","coordinates":[[-73.983953,40.754899],[-73.983907,40.754879],[-73.982349,40.754216],[-73.981943,40.754048],[-73.980947,40.753636],[-73.980909,40.75362]]},"properties":{"osm_id":1112036865,"name":null,"highway":"footway","class":"pedestrian"}},{"type":"Feature","geometry":{"type":"LineString","coordinates":[[-73.981045,40.75343],[-73.981089,40.753448],[-73.981126,40.753463],[-73.982472,40.754036],[-73.983693,40.754556],[-73.983935,40.754659],[-73.984044,40.754706],[-73.984055,40.754711],[-73.984081,40.75472]]},"properties":{"osm_id":1112036866,"name":null,"highway":"footway","class":"pedestrian"}},{"type":"Feature","geometry":{"type":"LineString","coordinates":[[-73.981581,40.751381],[-73.98141,40.751616],[-73.981576,40.751686],[-73.981599,40.751654],[-73.98163,40.751613],[-73.981593,40.751597],[-73.981709,40.751438],[-73.981581,40.751381]]},"properties":{"osm_id":1115300941,"name":"Fifth Avenue Tower Urban Plaza","highway":"pedestrian","class":"pedestrian"}},{"type":"Feature","geometry":{"type":"LineString","coordinates":[[-73.986283,40.755654],[-73.986313,40.755556],[-73.986421,40.755207],[-73.986433,40.755178],[-73.986501,40.755052]]},"properties":{"osm_id":1117680713,"name":null,"highway":"footway","class":"pedestrian"}},{"type":"Feature","geometry":{"type":"LineString","coordinates":[[-73.986319,40.755691],[-73.986318,40.755694],[-73.986289,40.755762],[-73.986259,40.755837]]},"properties":{"osm_id":1117680714,"name":null,"highway":"footway","class":"pedestrian"}},{"type":"Feature","geometry":{"type":"LineString","coordinates":[[-73.986529,40.755743],[-73.986458,40.755716],[-73.986435,40.755707]]},"properties":{"osm_id":1117680715,"name":null,"highway":"footway","class":"pedestrian"}},{"type":"Feature","geometry":{"type":"LineString","coordinates":[[-73.986435,40.755707],[-73.986416,40.755704],[-73.986319,40.755691]]},"properties":{"osm_id":1117680718,"name":null,"highway":"footway","class":"pedestrian"}},{"type":"Feature","geometry":{"type":"LineString","coordinates":[[-73.986442,40.755945],[-73.98646,40.755921]]},"properties":{"osm_id":1117680721,"name":null,"highway":"footway","class":"pedestrian"}},{"type":"Feature","geometry":{"type":"LineString","coordinates":[[-73.984283,40.754797],[-73.984328,40.754817],[-73.98484,40.755041]]},"properties":{"osm_id":1117680722,"name":null,"highway":"footway","class":"pedestrian"}},{"type":"Feature","geometry":{"type":"LineString","coordinates":[[-73.985011,40.755115],[-73.985068,40.755139]]},"properties":{"osm_id":1117680723,"name":null,"highway":"footway","class":"pedestrian"}},{"type":"Feature","geometry":{"type":"LineString","coordinates":[[-73.984951,40.755089],[-73.985011,40.755115]]},"properties":{"osm_id":1117680724,"name":null,"highway":"footway","class":"pedestrian"}},{"type":"Feature","geometry":{"type":"LineString","coordinates":[[-73.98488,40.755058],[-73.984951,40.755089]]},"properties":{"osm_id":1117680725,"name":null,"highway":"footway","class":"pedestrian"}},{"type":"Feature","geometry":{"type":"LineString","coordinates":[[-73.98484,40.755041],[-73.98488,40.755058]]},"properties":{"osm_id":1117680726,"name":null,"highway":"footway","class":"pedestrian"}},{"type":"Feature","geometry":{"type":"LineString","coordinates":[[-73.986337,40.755589],[-73.98634,40.755581],[-73.98634,40.755574],[-73.986337,40.755566],[-73.98633,40.755561],[-73.986313,40.755556]]},"properties":{"osm_id":1117680727,"name":null,"highway":"footway","class":"pedestrian"}},{"type":"Feature","geometry":{"type":"LineString","coordinates":[[-73.986775,40.75605],[-73.986756,40.756078]]},"properties":{"osm_id":1117680728,"name":null,"highway":"footway","class":"pedestrian"}},{"type":"Feature","geometry":{"type":"LineString","coordinates":[[-73.98419,40.754994],[-73.984208,40.754972]]},"properties":{"osm_id":1117680730,"name":null,"highway":"footway","class":"pedestrian"}},{"type":"Feature","geometry":{"type":"LineString","coordinates":[[-73.98419,40.754994],[-73.983803,40.75551],[-73.985144,40.756082]]},"properties":{"osm_id":1117680732,"name":null,"highway":"footway","class":"pedestrian"}},{"type":"Feature","geometry":{"type":"LineString","coordinates":[[-73.98415,40.754981],[-73.98419,40.754994]]},"properties":{"osm_id":1117680733,"name":null,"highway":"footway","class":"pedestrian"}},{"type":"Feature","geometry":{"type":"LineString","coordinates":[[-73.985512,40.755576],[-73.985528,40.755559]]},"properties":{"osm_id":1117680734,"name":null,"highway":"footway","class":"pedestrian"}},{"type":"Feature","geometry":{"type":"LineString","coordinates":[[-73.985144,40.756082],[-73.986015,40.756456]]},"properties":{"osm_id":1117680735,"name":null,"highway":"footway","class":"pedestrian"}},{"type":"Feature","geometry":{"type":"LineString","coordinates":[[-73.986259,40.755837],[-73.98625,40.755863]]},"properties":{"osm_id":1117680736,"name":null,"highway":"footway","class":"pedestrian"}},{"type":"Feature","geometry":{"type":"LineString","coordinates":[[-73.986799,40.756096],[-73.986756,40.756078]]},"properties":{"osm_id":1117680737,"name":null,"highway":"footway","class":"pedestrian"}},{"type":"Feature","geometry":{"type":"LineString","coordinates":[[-73.986991,40.756177],[-73.986943,40.756157]]},"properties":{"osm_id":1117680739,"name":null,"highway":"footway","class":"pedestrian"}},{"type":"Feature","geometry":{"type":"LineString","coordinates":[[-73.986884,40.755929],[-73.986831,40.755988],[-73.986775,40.75605]]},"properties":{"osm_id":1117680741,"name":null,"highway":"footway","class":"pedestrian"}},{"type":"Feature","geometry":{"type":"LineString","coordinates":[[-73.986557,40.755789],[-73.986567,40.755759]]},"properties":{"osm_id":1117680743,"name":null,"highway":"footway","class":"pedestrian"}},{"type":"Feature","geometry":{"type":"LineString","coordinates":[[-73.986902,40.755903],[-73.986884,40.755929]]},"properties":{"osm_id":1117680744,"name":null,"highway":"footway","class":"pedestrian"}},{"type":"Feature","geometry":{"type":"LineString","coordinates":[[-73.986367,40.756212],[-73.986353,40.756267]]},"properties":{"osm_id":1117680746,"name":null,"highway":"steps","class":"pedestrian"}},{"type":"Feature","geometry":{"type":"LineString","coordinates":[[-73.986048,40.756491],[-73.986055,40.756473],[-73.986062,40.756452],[-73.986089,40.756401],[-73.986097,40.756379],[-73.986224,40.755993],[-73.986231,40.755963],[-73.986243,40.755889],[-73.98625,40.755863]]},"properties":{"osm_id":1117680748,"name":null,"highway":"footway","class":"pedestrian"}},{"type":"Feature","geometry":{"type":"LineString","coordinates":[[-73.986353,40.756267],[-73.986275,40.756566]]},"properties":{"osm_id":1117680749,"name":null,"highway":"footway","class":"pedestrian"}},{"type":"Feature","geometry":{"type":"LineString","coordinates":[[-73.986255,40.756685],[-73.986288,40.756639],[-73.986314,40.756602]]},"properties":{"osm_id":1117680750,"name":null,"highway":"footway","class":"pedestrian"}},{"type":"Feature","geometry":{"type":"LineString","coordinates":[[-73.986568,40.75667],[-73.98661,40.756695]]},"properties":{"osm_id":1117680751,"name":null,"highway":"footway","class":"pedestrian"}},{"type":"Feature","geometry":{"type":"LineString","coordinates":[[-73.986407,40.756601],[-73.986423,40.756608]]},"properties":{"osm_id":1117680753,"name":null,"highway":"footway","class":"pedestrian"}},{"type":"Feature","geometry":{"type":"LineString","coordinates":[[-73.98698,40.755935],[-73.986921,40.755911]]},"properties":{"osm_id":1117680755,"name":null,"highway":"footway","class":"pedestrian"}},{"type":"Feature","geometry":{"type":"LineString","coordinates":[[-73.986403,40.756191],[-73.986383,40.756188],[-73.986374,40.756183],[-73.98637,40.756175],[-73.986371,40.756166],[-73.986442,40.755945]]},"properties":{"osm_id":1117680757,"name":null,"highway":"footway","class":"pedestrian"}},{"type":"Feature","geometry":{"type":"LineString","coordinates":[[-73.986136,40.756667],[-73.986144,40.756638],[-73.986159,40.756585],[-73.986171,40.756542],[-73.986176,40.756524],[-73.98625,40.75631],[-73.986295,40.756171],[-73.986379,40.755918]]},"properties":{"osm_id":1117680758,"name":"Broadway","highway":"pedestrian","class":"pedestrian"}},{"type":"Feature","geometry":{"type":"LineString","coordinates":[[-73.986015,40.756456],[-73.986055,40.756473],[-73.986176,40.756524],[-73.986275,40.756566],[-73.986325,40.756587],[-73.986375,40.756608],[-73.986387,40.75661],[-73.986398,40.756608],[-73.986407,40.756601],[-73.986756,40.756078]]},"properties":{"osm_id":1117680759,"name":null,"highway":"footway","class":"pedestrian"}},{"type":"Feature","geometry":{"type":"LineString","coordinates":[[-73.986314,40.756602],[-73.986325,40.756587]]},"properties":{"osm_id":1117680760,"name":null,"highway":"footway","class":"pedestrian"}},{"type":"Feature","geometry":{"type":"LineString","coordinates":[[-73.986756,40.756078],[-73.986442,40.755945],[-73.986379,40.755918],[-73.98625,40.755863],[-73.986237,40.755858]]},"properties":{"osm_id":1117680762,"name":null,"highway":"footway","class":"pedestrian"}},{"type":"Feature","geometry":{"type":"LineString","coordinates":[[-73.986015,40.756583],[-73.986034,40.756532],[-73.986048,40.756491]]},"properties":{"osm_id":1117680764,"name":null,"highway":"footway","class":"pedestrian"}},{"type":"Feature","geometry":{"type":"LineString","coordinates":[[-73.986991,40.756177],[-73.987013,40.756152]]},"properties":{"osm_id":1117680765,"name":null,"highway":"footway","class":"pedestrian"}},{"type":"Feature","geometry":{"type":"LineString","coordinates":[[-73.987013,40.756152],[-73.98707,40.756087],[-73.987117,40.756032]]},"properties":{"osm_id":1117680768,"name":null,"highway":"footway","class":"pedestrian"}},{"type":"Feature","geometry":{"type":"LineString","coordinates":[[-73.987117,40.756032],[-73.987139,40.756001],[-73.987114,40.755989]]},"properties":{"osm_id":1117680769,"name":null,"highway":"footway","class":"pedestrian"}},{"type":"Feature","geometry":{"type":"LineString","coordinates":[[-73.986255,40.756685],[-73.986232,40.756718]]},"properties":{"osm_id":1117866973,"name":null,"highway":"footway","class":"pedestrian"}},{"type":"Feature","geometry":{"type":"LineString","coordinates":[[-73.985747,40.757182],[-73.985759,40.757158]]},"properties":{"osm_id":1117866976,"name":null,"highway":"footway","class":"pedestrian"}},{"type":"Feature","geometry":{"type":"LineString","coordinates":[[-73.986303,40.756756],[-73.986205,40.756895],[-73.986044,40.757117],[-73.985958,40.757236]]},"properties":{"osm_id":1117866978,"name":null,"highway":"footway","class":"pedestrian"}},{"type":"Feature","geometry":{"type":"LineString","coordinates":[[-73.985722,40.757144],[-73.985759,40.757158],[-73.985869,40.757201],[-73.985909,40.757217],[-73.985958,40.757236],[-73.985966,40.757239]]},"properties":{"osm_id":1117866979,"name":null,"highway":"footway","class":"pedestrian"}},{"type":"Feature","geometry":{"type":"LineString","coordinates":[[-73.986232,40.756718],[-73.986195,40.756771],[-73.986188,40.756783],[-73.986144,40.756884],[-73.98612,40.756941],[-73.986044,40.757117]]},"properties":{"osm_id":1117866981,"name":null,"highway":"footway","class":"pedestrian"}},{"type":"Feature","geometry":{"type":"LineString","coordinates":[[-73.986175,40.756887],[-73.986171,40.756893],[-73.986156,40.756922],[-73.986148,40.756936],[-73.986137,40.756942],[-73.986126,40.756943],[-73.98612,40.756941]]},"properties":{"osm_id":1117866982,"name":null,"highway":"footway","class":"pedestrian"}},{"type":"Feature","geometry":{"type":"LineString","coordinates":[[-73.986171,40.756893],[-73.986156,40.756888]]},"properties":{"osm_id":1117866983,"name":null,"highway":"footway","class":"pedestrian"}},{"type":"Feature","geometry":{"type":"LineString","coordinates":[[-73.986156,40.756888],[-73.986152,40.756886]]},"properties":{"osm_id":1117866984,"name":null,"highway":"steps","class":"pedestrian"}},{"type":"Feature","geometry":{"type":"LineString","coordinates":[[-73.986152,40.756886],[-73.986144,40.756884]]},"properties":{"osm_id":1117866985,"name":null,"highway":"footway","class":"pedestrian"}},{"type":"Feature","geometry":{"type":"LineString","coordinates":[[-73.986484,40.756831],[-73.986458,40.75682]]},"properties":{"osm_id":1117866986,"name":null,"highway":"footway","class":"pedestrian"}},{"type":"Feature","geometry":{"type":"LineString","coordinates":[[-73.986531,40.756801],[-73.986522,40.756814]]},"properties":{"osm_id":1117866988,"name":null,"highway":"footway","class":"pedestrian"}},{"type":"Feature","geometry":{"type":"LineString","coordinates":[[-73.986199,40.757353],[-73.988643,40.758381]]},"properties":{"osm_id":1117866990,"name":null,"highway":"footway","class":"pedestrian"}},{"type":"Feature","geometry":{"type":"LineString","coordinates":[[-73.986574,40.756836],[-73.986522,40.756814],[-73.986513,40.75681],[-73.986505,40.756809],[-73.986499,40.756811],[-73.986496,40.756816],[-73.986484,40.756831],[-73.986146,40.757324],[-73.986199,40.757353]]},"properties":{"osm_id":1117866991,"name":null,"highway":"footway","class":"pedestrian"}},{"type":"Feature","geometry":{"type":"LineString","coordinates":[[-73.98661,40.756695],[-73.98659,40.756723]]},"properties":{"osm_id":1117866992,"name":null,"highway":"footway","class":"pedestrian"}},{"type":"Feature","geometry":{"type":"LineString","coordinates":[[-73.987048,40.756202],[-73.988362,40.756736]]},"properties":{"osm_id":1117866994,"name":null,"highway":"footway","class":"pedestrian"}},{"type":"Feature","geometry":{"type":"LineString","coordinates":[[-73.986654,40.756719],[-73.98661,40.756695],[-73.986991,40.756177],[-73.987048,40.756202]]},"properties":{"osm_id":1117866995,"name":null,"highway":"footway","class":"pedestrian"}},{"type":"Feature","geometry":{"type":"LineString","coordinates":[[-73.986146,40.757324],[-73.986106,40.757301]]},"properties":{"osm_id":1117866999,"name":null,"highway":"footway","class":"pedestrian"}},{"type":"Feature","geometry":{"type":"LineString","coordinates":[[-73.986146,40.757324],[-73.98613,40.757349]]},"properties":{"osm_id":1117867001,"name":null,"highway":"footway","class":"pedestrian"}},{"type":"Feature","geometry":{"type":"LineString","coordinates":[[-73.983518,40.757035],[-73.984473,40.757437],[-73.985401,40.757827]]},"properties":{"osm_id":1117867003,"name":null,"highway":"footway","class":"pedestrian"}},{"type":"Feature","geometry":{"type":"LineString","coordinates":[[-73.98589,40.757243],[-73.985909,40.757217]]},"properties":{"osm_id":1117867005,"name":null,"highway":"footway","class":"pedestrian"}},{"type":"Feature","geometry":{"type":"LineString","coordinates":[[-73.986008,40.756598],[-73.986015,40.756583]]},"properties":{"osm_id":1117867006,"name":null,"highway":"footway","class":"pedestrian"}},{"type":"Feature","geometry":{"type":"LineString","coordinates":[[-73.986008,40.756598],[-73.985978,40.756582]]},"properties":{"osm_id":1117867007,"name":null,"highway":"footway","class":"pedestrian"}},{"type":"Feature","geometry":{"type":"LineString","coordinates":[[-73.985697,40.757286],[-73.985706,40.757269]]},"properties":{"osm_id":1117867008,"name":null,"highway":"footway","class":"pedestrian"}},{"type":"Feature","geometry":{"type":"LineString","coordinates":[[-73.98589,40.757243],[-73.985863,40.757281],[-73.985833,40.757323]]},"properties":{"osm_id":1117867010,"name":null,"highway":"footway","class":"pedestrian"}},{"type":"Feature","geometry":{"type":"LineString","coordinates":[[-73.985833,40.757323],[-73.985821,40.75734]]},"properties":{"osm_id":1117867011,"name":null,"highway":"footway","class":"pedestrian"}},{"type":"Feature","geometry":{"type":"LineString","coordinates":[[-73.985859,40.757384],[-73.985842,40.757378]]},"properties":{"osm_id":1117867012,"name":null,"highway":"footway","class":"pedestrian"}},{"type":"Feature","geometry":{"type":"LineString","coordinates":[[-73.985451,40.757847],[-73.985474,40.757856],[-73.98548,40.757858],[-73.985487,40.757859],[-73.985494,40.757857],[-73.985498,40.757852],[-73.985842,40.757378],[-73.985849,40.757367],[-73.98585,40.757358],[-73.985846,40.757352],[-73.985836,40.757347],[-73.985821,40.75734],[-73.985792,40.757327],[-73.985697,40.757286],[-73.98566,40.75727]]},"properties":{"osm_id":1117867014,"name":null,"highway":"footway","class":"pedestrian"}},{"type":"Feature","geometry":{"type":"LineString","coordinates":[[-73.986099,40.75743],[-73.98609,40.757442]]},"properties":{"osm_id":1117867018,"name":null,"highway":"footway","class":"pedestrian"}},{"type":"Feature","geometry":{"type":"LineString","coordinates":[[-73.986073,40.757464],[-73.98602,40.757444]]},"properties":{"osm_id":1117867021,"name":null,"highway":"footway","class":"pedestrian"}},{"type":"Feature","geometry":{"type":"LineString","coordinates":[[-73.986123,40.757456],[-73.98609,40.757442],[-73.986073,40.757464],[-73.985725,40.757951],[-73.985759,40.757966]]},"properties":{"osm_id":1117867022,"name":null,"highway":"footway","class":"pedestrian"}},{"type":"Feature","geometry":{"type":"LineString","coordinates":[[-73.985759,40.757966],[-73.986193,40.758155],[-73.98627,40.758189]]},"properties":{"osm_id":1117867023,"name":null,"highway":"footway","class":"pedestrian"}},{"type":"Feature","geometry":{"type":"LineString","coordinates":[[-73.985781,40.756425],[-73.985963,40.756502],[-73.985996,40.756516]]},"properties":{"osm_id":1117867024,"name":"West 43rd Street","highway":"residential","class":"local","oneway":true}},{"type":"Feature","geometry":{"type":"LineString","coordinates":[[-73.986356,40.756667],[-73.986458,40.75671]]},"properties":{"osm_id":1117867025,"name":"West 43rd Street","highway":"residential","class":"local","oneway":true}},{"type":"Feature","geometry":{"type":"LineString","coordinates":[[-73.986088,40.757374],[-73.986012,40.757342]]},"properties":{"osm_id":1117867026,"name":"West 44th Street","highway":"residential","class":"local","oneway":true}},{"type":"Feature","geometry":{"type":"LineString","coordinates":[[-73.98617,40.757408],[-73.986164,40.757405],[-73.986116,40.757386],[-73.986088,40.757374]]},"properties":{"osm_id":1117867027,"name":"West 44th Street","highway":"residential","class":"local","oneway":true}},{"type":"Feature","geometry":{"type":"LineString","coordinates":[[-73.986012,40.757342],[-73.985899,40.757296]]},"properties":{"osm_id":1117867028,"name":"West 44th Street","highway":"residential","class":"local","oneway":true}},{"type":"Feature","geometry":{"type":"LineString","coordinates":[[-73.985899,40.757296],[-73.985863,40.757281],[-73.985829,40.757266],[-73.985727,40.757224],[-73.98569,40.757208]]},"properties":{"osm_id":1117867029,"name":"West 44th Street","highway":"residential","class":"local","oneway":true}},{"type":"Feature","geometry":{"type":"LineString","coordinates":[[-73.985725,40.757951],[-73.985704,40.757983]]},"properties":{"osm_id":1117867030,"name":null,"highway":"footway","class":"pedestrian"}},{"type":"Feature","geometry":{"type":"LineString","coordinates":[[-73.985674,40.757929],[-73.985725,40.757951]]},"properties":{"osm_id":1117867032,"name":null,"highway":"footway","class":"pedestrian"}},{"type":"Feature","geometry":{"type":"LineString","coordinates":[[-73.985401,40.757827],[-73.985451,40.757847]]},"properties":{"osm_id":1117867035,"name":null,"highway":"footway","class":"pedestrian"}},{"type":"Feature","geometry":{"type":"LineString","coordinates":[[-73.982712,40.756771],[-73.982838,40.756824],[-73.983478,40.757095],[-73.984829,40.757666],[-73.985373,40.757895]]},"properties":{"osm_id":1117867038,"name":"West 45th Street","highway":"secondary","class":"secondary","oneway":true}},{"type":"Feature","geometry":{"type":"LineString","coordinates":[[-73.985649,40.758011],[-73.985684,40.758025],[-73.985732,40.758046]]},"properties":{"osm_id":1117867039,"name":"West 45th Street","highway":"secondary","class":"secondary","oneway":true}},{"type":"Feature","geometry":{"type":"LineString","coordinates":[[-73.98544,40.757924],[-73.985534,40.757963],[-73.985649,40.758011]]},"properties":{"osm_id":1117867040,"name":"West 45th Street","highway":"secondary","class":"secondary","oneway":true}},{"type":"Feature","geometry":{"type":"LineString","coordinates":[[-73.985373,40.757895],[-73.985417,40.757914],[-73.98544,40.757924]]},"properties":{"osm_id":1117867041,"name":"West 45th Street","highway":"secondary","class":"secondary","oneway":true}},{"type":"Feature","geometry":{"type":"LineString","coordinates":[[-73.985498,40.757852],[-73.985513,40.757859]]},"properties":{"osm_id":1117867043,"name":null,"highway":"footway","class":"pedestrian"}},{"type":"Feature","geometry":{"type":"LineString","coordinates":[[-73.985451,40.757847],[-73.985435,40.757867]]},"properties":{"osm_id":1117867044,"name":null,"highway":"footway","class":"pedestrian"}},{"type":"Feature","geometry":{"type":"LineString","coordinates":[[-73.985435,40.757867],[-73.985417,40.757914],[-73.985399,40.75796]]},"properties":{"osm_id":1117867046,"name":null,"highway":"footway","class":"pedestrian"}},{"type":"Feature","geometry":{"type":"LineString","coordinates":[[-73.985408,40.758002],[-73.985378,40.757989]]},"properties":{"osm_id":1117867047,"name":null,"highway":"footway","class":"pedestrian"}},{"type":"Feature","geometry":{"type":"LineString","coordinates":[[-73.985391,40.757971],[-73.985399,40.75796]]},"properties":{"osm_id":1117867049,"name":null,"highway":"footway","class":"pedestrian"}},{"type":"Feature","geometry":{"type":"LineString","coordinates":[[-73.984975,40.758471],[-73.98502,40.758476],[-73.985378,40.757989],[-73.985391,40.757971],[-73.985344,40.757951]]},"properties":{"osm_id":1117867050,"name":null,"highway":"footway","class":"pedestrian"}},{"type":"Feature","geometry":{"type":"LineString","coordinates":[[-73.984321,40.758196],[-73.984573,40.758302],[-73.984975,40.758471]]},"properties":{"osm_id":1117867051,"name":null,"highway":"footway","class":"pedestrian"}},{"type":"Feature","geometry":{"type":"LineString","coordinates":[[-73.985663,40.758069],[-73.985647,40.7581]]},"properties":{"osm_id":1117867054,"name":null,"highway":"footway","class":"pedestrian"}},{"type":"Feature","geometry":{"type":"LineString","coordinates":[[-73.986305,40.759035],[-73.985814,40.758826],[-73.985519,40.758696]]},"properties":{"osm_id":1117867055,"name":null,"highway":"footway","class":"pedestrian"}},{"type":"Feature","geometry":{"type":"LineString","coordinates":[[-73.984933,40.758599],[-73.984942,40.758586]]},"properties":{"osm_id":1117867059,"name":null,"highway":"footway","class":"pedestrian"}},{"type":"Feature","geometry":{"type":"LineString","coordinates":[[-73.985007,40.758494],[-73.98502,40.758476]]},"properties":{"osm_id":1117867061,"name":null,"highway":"footway","class":"pedestrian"}},{"type":"Feature","geometry":{"type":"LineString","coordinates":[[-73.985043,40.758485],[-73.98502,40.758476]]},"properties":{"osm_id":1117867062,"name":null,"highway":"footway","class":"pedestrian"}},{"type":"Feature","geometry":{"type":"LineString","coordinates":[[-73.985134,40.75871],[-73.98475,40.759178],[-73.984745,40.759187],[-73.984746,40.759196],[-73.984751,40.759203],[-73.984761,40.759208],[-73.985011,40.759311],[-73.985122,40.759356],[-73.985229,40.7594],[-73.985261,40.759412]]},"properties":{"osm_id":1118420710,"name":null,"highway":"footway","class":"pedestrian"}},{"type":"Feature","geometry":{"type":"LineString","coordinates":[[-73.984752,40.759219],[-73.984761,40.759208]]},"properties":{"osm_id":1118420711,"name":null,"highway":"footway","class":"pedestrian"}},{"type":"Feature","geometry":{"type":"LineString","coordinates":[[-73.984752,40.759219],[-73.98474,40.759273],[-73.984732,40.759309]]},"properties":{"osm_id":1118420712,"name":null,"highway":"footway","class":"pedestrian"}},{"type":"Feature","geometry":{"type":"LineString","coordinates":[[-73.984694,40.759318],[-73.984585,40.75927],[-73.984508,40.759237]]},"properties":{"osm_id":1118420713,"name":null,"highway":"footway","class":"pedestrian"}},{"type":"Feature","geometry":{"type":"LineString","coordinates":[[-73.984488,40.759203],[-73.984509,40.759175],[-73.98454,40.759135]]},"properties":{"osm_id":1118420714,"name":null,"highway":"footway","class":"pedestrian"}},{"type":"Feature","geometry":{"type":"LineString","coordinates":[[-73.984734,40.759172],[-73.98475,40.759178]]},"properties":{"osm_id":1118420716,"name":null,"highway":"footway","class":"pedestrian"}},{"type":"Feature","geometry":{"type":"LineString","coordinates":[[-73.984565,40.759101],[-73.984593,40.759113]]},"properties":{"osm_id":1118420717,"name":null,"highway":"footway","class":"pedestrian"}},{"type":"Feature","geometry":{"type":"LineString","coordinates":[[-73.98454,40.759135],[-73.984565,40.759101]]},"properties":{"osm_id":1118420719,"name":null,"highway":"footway","class":"pedestrian"}},{"type":"Feature","geometry":{"type":"LineString","coordinates":[[-73.984892,40.758581],[-73.983868,40.758152],[-73.983762,40.758107],[-73.98365,40.75806],[-73.983346,40.757932],[-73.982919,40.757751]]},"properties":{"osm_id":1118420720,"name":null,"highway":"footway","class":"pedestrian"}},{"type":"Feature","geometry":{"type":"LineString","coordinates":[[-73.984533,40.759093],[-73.984565,40.759101],[-73.984919,40.758618],[-73.984933,40.758599],[-73.984892,40.758581]]},"properties":{"osm_id":1118420721,"name":null,"highway":"footway","class":"pedestrian"}},{"type":"Feature","geometry":{"type":"LineString","coordinates":[[-73.984508,40.759237],[-73.984474,40.759222],[-73.982975,40.758594],[-73.981891,40.758139],[-73.981794,40.758274],[-73.981527,40.758646]]},"properties":{"osm_id":1118420722,"name":null,"highway":"footway","class":"pedestrian"}},{"type":"Feature","geometry":{"type":"LineString","coordinates":[[-73.984336,40.759859],[-73.98435,40.75984],[-73.984718,40.759328],[-73.984732,40.759309]]},"properties":{"osm_id":1118420723,"name":null,"highway":"footway","class":"pedestrian"}},{"type":"Feature","geometry":{"type":"LineString","coordinates":[[-73.98648,40.759248],[-73.985478,40.758827],[-73.985468,40.758823]]},"properties":{"osm_id":1118420724,"name":null,"highway":"footway","class":"pedestrian"}},{"type":"Feature","geometry":{"type":"LineString","coordinates":[[-73.985122,40.759356],[-73.985324,40.758775]]},"properties":{"osm_id":1118420725,"name":"Broadway","highway":"pedestrian","class":"pedestrian"}},{"type":"Feature","geometry":{"type":"LineString","coordinates":[[-73.985134,40.75871],[-73.985152,40.758688]]},"properties":{"osm_id":1118420726,"name":null,"highway":"footway","class":"pedestrian"}},{"type":"Feature","geometry":{"type":"LineString","coordinates":[[-73.985468,40.758823],[-73.985413,40.758804],[-73.985324,40.758775],[-73.985212,40.758737],[-73.985134,40.75871],[-73.985083,40.758694]]},"properties":{"osm_id":1118420728,"name":null,"highway":"footway","class":"pedestrian"}},{"type":"Feature","geometry":{"type":"LineString","coordinates":[[-73.985218,40.758592],[-73.985236,40.75857]]},"properties":{"osm_id":1118420731,"name":null,"highway":"footway","class":"pedestrian"}},{"type":"Feature","geometry":{"type":"LineString","coordinates":[[-73.985462,40.758671],[-73.985454,40.758692]]},"properties":{"osm_id":1118420732,"name":null,"highway":"footway","class":"pedestrian"}},{"type":"Feature","geometry":{"type":"LineString","coordinates":[[-73.985417,40.758791],[-73.985413,40.758804]]},"properties":{"osm_id":1118420734,"name":null,"highway":"footway","class":"pedestrian"}},{"type":"Feature","geometry":{"type":"LineString","coordinates":[[-73.985229,40.7594],[-73.985224,40.759415]]},"properties":{"osm_id":1118420736,"name":null,"highway":"footway","class":"pedestrian"}},{"type":"Feature","geometry":{"type":"LineString","coordinates":[[-73.985224,40.759415],[-73.985207,40.759466],[-73.985191,40.75951]]},"properties":{"osm_id":1118420737,"name":null,"highway":"footway","class":"pedestrian"}},{"type":"Feature","geometry":{"type":"LineString","coordinates":[[-73.985011,40.759311],[-73.985212,40.758737]]},"properties":{"osm_id":1118420738,"name":null,"highway":"footway","class":"pedestrian"}},{"type":"Feature","geometry":{"type":"LineString","coordinates":[[-73.985002,40.759323],[-73.985011,40.759311]]},"properties":{"osm_id":1118420740,"name":null,"highway":"footway","class":"pedestrian"}},{"type":"Feature","geometry":{"type":"LineString","coordinates":[[-73.985002,40.759323],[-73.984969,40.759368],[-73.984945,40.759402]]},"properties":{"osm_id":1118420741,"name":null,"highway":"footway","class":"pedestrian"}},{"type":"Feature","geometry":{"type":"LineString","coordinates":[[-73.984941,40.758628],[-73.984919,40.758618]]},"properties":{"osm_id":1118420743,"name":null,"highway":"footway","class":"pedestrian"}},{"type":"Feature","geometry":{"type":"LineString","coordinates":[[-73.985193,40.758551],[-73.985132,40.758524],[-73.985043,40.758485]]},"properties":{"osm_id":1118420746,"name":null,"highway":"footway","class":"pedestrian"}},{"type":"Feature","geometry":{"type":"LineString","coordinates":[[-73.985462,40.758671],[-73.985678,40.75811]]},"properties":{"osm_id":1118420748,"name":null,"highway":"footway","class":"pedestrian"}},{"type":"Feature","geometry":{"type":"LineString","coordinates":[[-73.98562,40.758092],[-73.985236,40.75857]]},"properties":{"osm_id":1118420749,"name":null,"highway":"footway","class":"pedestrian"}},{"type":"Feature","geometry":{"type":"LineString","coordinates":[[-73.984949,40.759432],[-73.984936,40.759426],[-73.984718,40.759328],[-73.984694,40.759318]]},"properties":{"osm_id":1118420751,"name":null,"highway":"footway","class":"pedestrian"}},{"type":"Feature","geometry":{"type":"LineString","coordinates":[[-73.985074,40.759481],[-73.985044,40.759469]]},"properties":{"osm_id":1118420755,"name":null,"highway":"footway","class":"pedestrian"}},{"type":"Feature","geometry":{"type":"LineString","coordinates":[[-73.985044,40.759469],[-73.985,40.759452],[-73.984949,40.759432]]},"properties":{"osm_id":1118420756,"name":null,"highway":"footway","class":"pedestrian"}},{"type":"Feature","geometry":{"type":"LineString","coordinates":[[-73.985074,40.759481],[-73.985116,40.759496],[-73.985162,40.759515]]},"properties":{"osm_id":1118420757,"name":null,"highway":"footway","class":"pedestrian"}},{"type":"Feature","geometry":{"type":"LineString","coordinates":[[-73.984714,40.760016],[-73.984721,40.759996],[-73.984936,40.759426],[-73.984945,40.759402]]},"properties":{"osm_id":1118420768,"name":null,"highway":"footway","class":"pedestrian"}},{"type":"Feature","geometry":{"type":"LineString","coordinates":[[-73.984087,40.759748],[-73.9841,40.759731],[-73.984474,40.759222],[-73.984488,40.759203]]},"properties":{"osm_id":1118420791,"name":null,"highway":"footway","class":"pedestrian"}},{"type":"Feature","geometry":{"type":"LineString","coordinates":[[-73.981247,40.758529],[-73.981616,40.758021]]},"properties":{"osm_id":1118420794,"name":null,"highway":"footway","class":"pedestrian"}},{"type":"Feature","geometry":{"type":"LineString","coordinates":[[-73.981247,40.758529],[-73.97828,40.757278]]},"properties":{"osm_id":1118420795,"name":null,"highway":"footway","class":"pedestrian"}},{"type":"Feature","geometry":{"type":"LineString","coordinates":[[-73.978197,40.757395],[-73.979218,40.757827],[-73.979249,40.75784],[-73.979364,40.757889],[-73.97939,40.7579],[-73.979414,40.75791],[-73.981163,40.75865]]},"properties":{"osm_id":1118420796,"name":null,"highway":"footway","class":"pedestrian"}},{"type":"Feature","geometry":{"type":"LineString","coordinates":[[-73.980779,40.759178],[-73.98075,40.759218],[-73.98072,40.759261]]},"properties":{"osm_id":1119278890,"name":null,"highway":"footway","class":"pedestrian"}},{"type":"Feature","geometry":{"type":"LineString","coordinates":[[-73.980827,40.759178],[-73.980791,40.759163],[-73.979094,40.758441],[-73.979041,40.758421],[-73.978987,40.758395],[-73.978876,40.758348],[-73.978487,40.758183],[-73.97784,40.757905],[-73.977802,40.757889]]},"properties":{"osm_id":1119278891,"name":null,"highway":"footway","class":"pedestrian"}},{"type":"Feature","geometry":{"type":"LineString","coordinates":[[-73.980601,40.759478],[-73.98057,40.759464]]},"properties":{"osm_id":1119278893,"name":null,"highway":"footway","class":"pedestrian"}},{"type":"Feature","geometry":{"type":"LineString","coordinates":[[-73.982101,40.751596],[-73.981939,40.751525],[-73.981719,40.751428],[-73.98073,40.751008]]},"properties":{"osm_id":1119998683,"name":null,"highway":"footway","class":"pedestrian"}},{"type":"Feature","geometry":{"type":"LineString","coordinates":[[-73.982442,40.75158],[-73.982789,40.751082]]},"properties":{"osm_id":1119998685,"name":null,"highway":"footway","class":"pedestrian"}},{"type":"Feature","geometry":{"type":"LineString","coordinates":[[-73.985775,40.75232],[-73.985816,40.752262],[-73.985857,40.752205]]},"properties":{"osm_id":1119998689,"name":null,"highway":"footway","class":"pedestrian"}},{"type":"Feature","geometry":{"type":"LineString","coordinates":[[-73.986045,40.75243],[-73.985905,40.752373],[-73.985775,40.75232]]},"properties":{"osm_id":1119998690,"name":null,"highway":"footway","class":"pedestrian"}},{"type":"Feature","geometry":{"type":"LineString","coordinates":[[-73.986126,40.752314],[-73.986084,40.752375],[-73.986045,40.75243]]},"properties":{"osm_id":1119998692,"name":null,"highway":"footway","class":"pedestrian"}},{"type":"Feature","geometry":{"type":"LineString","coordinates":[[-73.985319,40.752939],[-73.985357,40.752888],[-73.985403,40.752824]]},"properties":{"osm_id":1119998693,"name":null,"highway":"footway","class":"pedestrian"}},{"type":"Feature","geometry":{"type":"LineString","coordinates":[[-73.985588,40.753053],[-73.985446,40.752993],[-73.985319,40.752939]]},"properties":{"osm_id":1119998694,"name":null,"highway":"footway","class":"pedestrian"}},{"type":"Feature","geometry":{"type":"LineString","coordinates":[[-73.985672,40.752938],[-73.985624,40.753003],[-73.985588,40.753053]]},"properties":{"osm_id":1119998695,"name":null,"highway":"footway","class":"pedestrian"}},{"type":"Feature","geometry":{"type":"LineString","coordinates":[[-73.982432,40.751593],[-73.982402,40.751635],[-73.982367,40.751683]]},"properties":{"osm_id":1119998696,"name":null,"highway":"footway","class":"pedestrian"}},{"type":"Feature","geometry":{"type":"LineString","coordinates":[[-73.982232,40.751491],[-73.982316,40.751526],[-73.982415,40.751568]]},"properties":{"osm_id":1119998697,"name":null,"highway":"footway","class":"pedestrian"}},{"type":"Feature","geometry":{"type":"LineString","coordinates":[[-73.982114,40.751578],[-73.98215,40.751528],[-73.98218,40.751489]]},"properties":{"osm_id":1119998698,"name":null,"highway":"footway","class":"pedestrian"}},{"type":"Feature","geometry":{"type":"LineString","coordinates":[[-73.981783,40.752108],[-73.981868,40.752143],[-73.981959,40.752181]]},"properties":{"osm_id":1119998699,"name":null,"highway":"footway","class":"pedestrian"}},{"type":"Feature","geometry":{"type":"LineString","coordinates":[[-73.981982,40.752218],[-73.981951,40.752259],[-73.981922,40.752298]]},"properties":{"osm_id":1119998700,"name":null,"highway":"footway","class":"pedestrian"}},{"type":"Feature","geometry":{"type":"LineString","coordinates":[[-73.981673,40.752196],[-73.981705,40.752155],[-73.981736,40.752114]]},"properties":{"osm_id":1119998701,"name":null,"highway":"footway","class":"pedestrian"}},{"type":"Feature","geometry":{"type":"LineString","coordinates":[[-73.981332,40.752723],[-73.981296,40.752708],[-73.979917,40.75213],[-73.979894,40.75212]]},"properties":{"osm_id":1119998708,"name":null,"highway":"footway","class":"pedestrian"}},{"type":"Feature","geometry":{"type":"LineString","coordinates":[[-73.979801,40.752243],[-73.979826,40.752253],[-73.981208,40.752834],[-73.981244,40.752856]]},"properties":{"osm_id":1119998709,"name":null,"highway":"footway","class":"pedestrian"}},{"type":"Feature","geometry":{"type":"LineString","coordinates":[[-73.987759,40.751407],[-73.987771,40.75148],[-73.987781,40.751539]]},"properties":{"osm_id":1121582574,"name":null,"highway":"footway","class":"pedestrian"}},{"type":"Feature","geometry":{"type":"LineString","coordinates":[[-73.987781,40.751539],[-73.987778,40.751555],[-73.987742,40.75154]]},"properties":{"osm_id":1121582575,"name":null,"highway":"footway","class":"pedestrian"}},{"type":"Feature","geometry":{"type":"LineString","coordinates":[[-73.987791,40.751404],[-73.987827,40.751419],[-73.989609,40.752173]]},"properties":{"osm_id":1121582586,"name":null,"highway":"footway","class":"pedestrian"}},{"type":"Feature","geometry":{"type":"LineString","coordinates":[[-73.987911,40.750808],[-73.98794,40.750816],[-73.988069,40.750857],[-73.98814,40.750887],[-73.989971,40.751671]]},"properties":{"osm_id":1121582589,"name":null,"highway":"footway","class":"pedestrian"}},{"type":"Feature","geometry":{"type":"LineString","coordinates":[[-73.987918,40.750661],[-73.988003,40.750699],[-73.988007,40.750701],[-73.990052,40.751552]]},"properties":{"osm_id":1121582595,"name":null,"highway":"footway","class":"pedestrian"}},{"type":"Feature","geometry":{"type":"LineString","coordinates":[[-73.987778,40.751555],[-73.987796,40.751563],[-73.989522,40.752294]]},"properties":{"osm_id":1121932355,"name":null,"highway":"footway","class":"pedestrian"}},{"type":"Feature","geometry":{"type":"LineString","coordinates":[[-73.989522,40.752294],[-73.989155,40.752792]]},"properties":{"osm_id":1121932356,"name":null,"highway":"footway","class":"pedestrian"}},{"type":"Feature","geometry":{"type":"LineString","coordinates":[[-73.989406,40.752897],[-73.989771,40.752397]]},"properties":{"osm_id":1121932357,"name":null,"highway":"footway","class":"pedestrian"}},{"type":"Feature","geometry":{"type":"LineString","coordinates":[[-73.987499,40.752092],[-73.987552,40.752116],[-73.987615,40.752145]]},"properties":{"osm_id":1122798174,"name":null,"highway":"footway","class":"pedestrian"}},{"type":"Feature","geometry":{"type":"LineString","coordinates":[[-73.987379,40.752192],[-73.987335,40.752174]]},"properties":{"osm_id":1122798175,"name":null,"highway":"footway","class":"pedestrian"}},{"type":"Feature","geometry":{"type":"LineString","coordinates":[[-73.987335,40.752174],[-73.987339,40.752158]]},"properties":{"osm_id":1122798176,"name":null,"highway":"footway","class":"pedestrian"}},{"type":"Feature","geometry":{"type":"LineString","coordinates":[[-73.987339,40.752158],[-73.98735,40.75211],[-73.987363,40.752052]]},"properties":{"osm_id":1122798177,"name":null,"highway":"footway","class":"pedestrian"}},{"type":"Feature","geometry":{"type":"LineString","coordinates":[[-73.987367,40.752032],[-73.987397,40.752046]]},"properties":{"osm_id":1122798178,"name":null,"highway":"footway","class":"pedestrian"}},{"type":"Feature","geometry":{"type":"LineString","coordinates":[[-73.987615,40.752145],[-73.987641,40.752157]]},"properties":{"osm_id":1122798179,"name":null,"highway":"footway","class":"pedestrian"}},{"type":"Feature","geometry":{"type":"LineString","coordinates":[[-73.987638,40.752172],[-73.987626,40.752229],[-73.987615,40.75228]]},"properties":{"osm_id":1122798180,"name":null,"highway":"footway","class":"pedestrian"}},{"type":"Feature","geometry":{"type":"LineString","coordinates":[[-73.987615,40.75228],[-73.987612,40.752294],[-73.987594,40.752286]]},"properties":{"osm_id":1122798181,"name":null,"highway":"footway","class":"pedestrian"}},{"type":"Feature","geometry":{"type":"LineString","coordinates":[[-73.987641,40.752157],[-73.987638,40.752172]]},"properties":{"osm_id":1122798182,"name":null,"highway":"footway","class":"pedestrian"}},{"type":"Feature","geometry":{"type":"LineString","coordinates":[[-73.987363,40.752052],[-73.987367,40.752032]]},"properties":{"osm_id":1122798183,"name":null,"highway":"footway","class":"pedestrian"}},{"type":"Feature","geometry":{"type":"LineString","coordinates":[[-73.987482,40.752237],[-73.987379,40.752192]]},"properties":{"osm_id":1122798184,"name":null,"highway":"footway","class":"pedestrian"}},{"type":"Feature","geometry":{"type":"LineString","coordinates":[[-73.987397,40.752046],[-73.987499,40.752092]]},"properties":{"osm_id":1122798185,"name":null,"highway":"footway","class":"pedestrian"}},{"type":"Feature","geometry":{"type":"LineString","coordinates":[[-73.987333,40.752827],[-73.987365,40.752842],[-73.987441,40.752876]]},"properties":{"osm_id":1122798191,"name":null,"highway":"footway","class":"pedestrian"}},{"type":"Feature","geometry":{"type":"LineString","coordinates":[[-73.98718,40.752784],[-73.987184,40.752761],[-73.987231,40.752781]]},"properties":{"osm_id":1122798192,"name":null,"highway":"footway","class":"pedestrian"}},{"type":"Feature","geometry":{"type":"LineString","coordinates":[[-73.987466,40.752901],[-73.987458,40.752934],[-73.98745,40.752966]]},"properties":{"osm_id":1122798193,"name":null,"highway":"footway","class":"pedestrian"}},{"type":"Feature","geometry":{"type":"LineString","coordinates":[[-73.987231,40.752781],[-73.987333,40.752827]]},"properties":{"osm_id":1122798194,"name":null,"highway":"footway","class":"pedestrian"}},{"type":"Feature","geometry":{"type":"LineString","coordinates":[[-73.987441,40.752876],[-73.987469,40.752888],[-73.987466,40.752901]]},"properties":{"osm_id":1122798195,"name":null,"highway":"footway","class":"pedestrian"}},{"type":"Feature","geometry":{"type":"LineString","coordinates":[[-73.987442,40.753001],[-73.987438,40.753015]]},"properties":{"osm_id":1122798197,"name":null,"highway":"footway","class":"pedestrian"}},{"type":"Feature","geometry":{"type":"LineString","coordinates":[[-73.98745,40.752966],[-73.987442,40.753001]]},"properties":{"osm_id":1122798198,"name":null,"highway":"footway","class":"pedestrian"}},{"type":"Feature","geometry":{"type":"LineString","coordinates":[[-73.987438,40.753015],[-73.987435,40.75303],[-73.987404,40.753019]]},"properties":{"osm_id":1122798199,"name":null,"highway":"footway","class":"pedestrian"}},{"type":"Feature","geometry":{"type":"LineString","coordinates":[[-73.987184,40.752856],[-73.987183,40.752837],[-73.987182,40.752818],[-73.98718,40.752784]]},"properties":{"osm_id":1122798200,"name":null,"highway":"footway","class":"pedestrian"}},{"type":"Feature","geometry":{"type":"LineString","coordinates":[[-73.987187,40.752896],[-73.987184,40.752856]]},"properties":{"osm_id":1122798202,"name":null,"highway":"footway","class":"pedestrian"}},{"type":"Feature","geometry":{"type":"LineString","coordinates":[[-73.987188,40.75291],[-73.987187,40.752896]]},"properties":{"osm_id":1122798203,"name":null,"highway":"footway","class":"pedestrian"}},{"type":"Feature","geometry":{"type":"LineString","coordinates":[[-73.987404,40.753019],[-73.987377,40.753008],[-73.987363,40.753002]]},"properties":{"osm_id":1122798208,"name":null,"highway":"footway","class":"pedestrian"}},{"type":"Feature","geometry":{"type":"LineString","coordinates":[[-73.987363,40.753002],[-73.987324,40.752985]]},"properties":{"osm_id":1122798209,"name":null,"highway":"footway","class":"pedestrian"}},{"type":"Feature","geometry":{"type":"LineString","coordinates":[[-73.987324,40.752985],[-73.987304,40.752977],[-73.987285,40.75297]]},"properties":{"osm_id":1122798210,"name":null,"highway":"footway","class":"pedestrian"}},{"type":"Feature","geometry":{"type":"LineString","coordinates":[[-73.98716,40.752913],[-73.986979,40.753473]]},"properties":{"osm_id":1122798211,"name":null,"highway":"footway","class":"pedestrian"}},{"type":"Feature","geometry":{"type":"LineString","coordinates":[[-73.987016,40.75349],[-73.987073,40.753518]]},"properties":{"osm_id":1122798215,"name":null,"highway":"footway","class":"pedestrian"}},{"type":"Feature","geometry":{"type":"LineString","coordinates":[[-73.98697,40.753503],[-73.986979,40.753473],[-73.987016,40.75349]]},"properties":{"osm_id":1122798216,"name":null,"highway":"footway","class":"pedestrian"}},{"type":"Feature","geometry":{"type":"LineString","coordinates":[[-73.986938,40.753609],[-73.986949,40.75357],[-73.986957,40.753545]]},"properties":{"osm_id":1122798217,"name":null,"highway":"footway","class":"pedestrian"}},{"type":"Feature","geometry":{"type":"LineString","coordinates":[[-73.987212,40.753588],[-73.987261,40.753608],[-73.987256,40.753623]]},"properties":{"osm_id":1122798218,"name":null,"highway":"footway","class":"pedestrian"}},{"type":"Feature","geometry":{"type":"LineString","coordinates":[[-73.987183,40.753573],[-73.987197,40.75358],[-73.987212,40.753588]]},"properties":{"osm_id":1122798219,"name":null,"highway":"footway","class":"pedestrian"}},{"type":"Feature","geometry":{"type":"LineString","coordinates":[[-73.987128,40.753546],[-73.987156,40.753559],[-73.987183,40.753573]]},"properties":{"osm_id":1122798221,"name":null,"highway":"footway","class":"pedestrian"}},{"type":"Feature","geometry":{"type":"LineString","coordinates":[[-73.987073,40.753518],[-73.987099,40.753531],[-73.987128,40.753546]]},"properties":{"osm_id":1122798223,"name":null,"highway":"footway","class":"pedestrian"}},{"type":"Feature","geometry":{"type":"LineString","coordinates":[[-73.986966,40.753515],[-73.98697,40.753503]]},"properties":{"osm_id":1122798224,"name":null,"highway":"footway","class":"pedestrian"}},{"type":"Feature","geometry":{"type":"LineString","coordinates":[[-73.986957,40.753545],[-73.986966,40.753515]]},"properties":{"osm_id":1122798225,"name":null,"highway":"footway","class":"pedestrian"}},{"type":"Feature","geometry":{"type":"LineString","coordinates":[[-73.987149,40.753578],[-73.987156,40.753559]]},"properties":{"osm_id":1122798227,"name":null,"highway":"footway","class":"pedestrian"}},{"type":"Feature","geometry":{"type":"LineString","coordinates":[[-73.987134,40.753622],[-73.987127,40.753646],[-73.987114,40.753684]]},"properties":{"osm_id":1122798228,"name":null,"highway":"footway","class":"pedestrian"}},{"type":"Feature","geometry":{"type":"LineString","coordinates":[[-73.987114,40.753684],[-73.987107,40.753705]]},"properties":{"osm_id":1122798229,"name":null,"highway":"footway","class":"pedestrian"}},{"type":"Feature","geometry":{"type":"LineString","coordinates":[[-73.987145,40.75359],[-73.987134,40.753622]]},"properties":{"osm_id":1122798230,"name":null,"highway":"footway","class":"pedestrian"}},{"type":"Feature","geometry":{"type":"LineString","coordinates":[[-73.987149,40.753578],[-73.987145,40.75359]]},"properties":{"osm_id":1122798232,"name":null,"highway":"footway","class":"pedestrian"}},{"type":"Feature","geometry":{"type":"LineString","coordinates":[[-73.98724,40.753667],[-73.987232,40.75369],[-73.987219,40.753727]]},"properties":{"osm_id":1122798235,"name":null,"highway":"footway","class":"pedestrian"}},{"type":"Feature","geometry":{"type":"LineString","coordinates":[[-73.987219,40.753727],[-73.987212,40.753747]]},"properties":{"osm_id":1122798236,"name":null,"highway":"footway","class":"pedestrian"}},{"type":"Feature","geometry":{"type":"LineString","coordinates":[[-73.986973,40.75365],[-73.986932,40.753626],[-73.986938,40.753609]]},"properties":{"osm_id":1122798237,"name":null,"highway":"footway","class":"pedestrian"}},{"type":"Feature","geometry":{"type":"LineString","coordinates":[[-73.987252,40.753635],[-73.98724,40.753667]]},"properties":{"osm_id":1122798241,"name":null,"highway":"footway","class":"pedestrian"}},{"type":"Feature","geometry":{"type":"LineString","coordinates":[[-73.987256,40.753623],[-73.987252,40.753635]]},"properties":{"osm_id":1122798242,"name":null,"highway":"footway","class":"pedestrian"}},{"type":"Feature","geometry":{"type":"LineString","coordinates":[[-73.987261,40.753608],[-73.987435,40.75303]]},"properties":{"osm_id":1122798243,"name":null,"highway":"footway","class":"pedestrian"}},{"type":"Feature","geometry":{"type":"LineString","coordinates":[[-73.987212,40.753747],[-73.987173,40.753731]]},"properties":{"osm_id":1122798244,"name":null,"highway":"footway","class":"pedestrian"}},{"type":"Feature","geometry":{"type":"LineString","coordinates":[[-73.987173,40.753731],[-73.987155,40.753724],[-73.987143,40.753719]]},"properties":{"osm_id":1122798245,"name":null,"highway":"footway","class":"pedestrian"}},{"type":"Feature","geometry":{"type":"LineString","coordinates":[[-73.98683,40.754365],[-73.986848,40.754314]]},"properties":{"osm_id":1122798246,"name":null,"highway":"footway","class":"pedestrian"}},{"type":"Feature","geometry":{"type":"LineString","coordinates":[[-73.986728,40.754216],[-73.986733,40.754201],[-73.986739,40.754186],[-73.986932,40.753626]]},"properties":{"osm_id":1122798255,"name":null,"highway":"footway","class":"pedestrian"}},{"type":"Feature","geometry":{"type":"LineString","coordinates":[[-73.986728,40.754216],[-73.986725,40.754263],[-73.98672,40.754319]]},"properties":{"osm_id":1122798256,"name":null,"highway":"footway","class":"pedestrian"}},{"type":"Feature","geometry":{"type":"LineString","coordinates":[[-73.98672,40.754319],[-73.986716,40.754333]]},"properties":{"osm_id":1122798257,"name":null,"highway":"footway","class":"pedestrian"}},{"type":"Feature","geometry":{"type":"LineString","coordinates":[[-73.986784,40.754216],[-73.98687,40.754253],[-73.986934,40.754281]]},"properties":{"osm_id":1122798258,"name":null,"highway":"footway","class":"pedestrian"}},{"type":"Feature","geometry":{"type":"LineString","coordinates":[[-73.986822,40.754388],[-73.98683,40.754365]]},"properties":{"osm_id":1122798260,"name":null,"highway":"footway","class":"pedestrian"}},{"type":"Feature","geometry":{"type":"LineString","coordinates":[[-73.986956,40.754291],[-73.986987,40.754308]]},"properties":{"osm_id":1122798262,"name":null,"highway":"footway","class":"pedestrian"}},{"type":"Feature","geometry":{"type":"LineString","coordinates":[[-73.986934,40.754281],[-73.986944,40.754286],[-73.986956,40.754291]]},"properties":{"osm_id":1122798263,"name":null,"highway":"footway","class":"pedestrian"}},{"type":"Feature","geometry":{"type":"LineString","coordinates":[[-73.986987,40.754308],[-73.987022,40.754327],[-73.987017,40.754341]]},"properties":{"osm_id":1122798264,"name":null,"highway":"footway","class":"pedestrian"}},{"type":"Feature","geometry":{"type":"LineString","coordinates":[[-73.987108,40.754349],[-73.987056,40.754326]]},"properties":{"osm_id":1122816775,"name":null,"highway":"steps","class":"pedestrian"}},{"type":"Feature","geometry":{"type":"LineString","coordinates":[[-73.987488,40.754586],[-73.987526,40.754536],[-73.987544,40.754511]]},"properties":{"osm_id":1122816777,"name":null,"highway":"service","class":"service"}},{"type":"Feature","geometry":{"type":"LineString","coordinates":[[-73.987976,40.754863],[-73.987848,40.754811],[-73.987729,40.754763]]},"properties":{"osm_id":1122816778,"name":null,"highway":"footway","class":"pedestrian"}},{"type":"Feature","geometry":{"type":"LineString","coordinates":[[-73.987729,40.754763],[-73.987738,40.754751],[-73.98777,40.754705],[-73.987799,40.754663],[-73.987808,40.754651]]},"properties":{"osm_id":1122816780,"name":null,"highway":"footway","class":"pedestrian"}},{"type":"Feature","geometry":{"type":"LineString","coordinates":[[-73.987022,40.754327],[-73.987026,40.754313],[-73.98712,40.754027],[-73.987171,40.753871],[-73.987212,40.753747]]},"properties":{"osm_id":1122816782,"name":null,"highway":"footway","class":"pedestrian"}},{"type":"Feature","geometry":{"type":"LineString","coordinates":[[-73.986921,40.754299],[-73.986936,40.754305],[-73.986954,40.754313],[-73.986952,40.75431],[-73.986951,40.754308],[-73.986951,40.754304],[-73.986956,40.754291],[-73.986974,40.754235],[-73.986978,40.754226],[-73.986984,40.754216],[-73.987025,40.754154],[-73.987035,40.75414],[-73.98704,40.754129],[-73.98708,40.754001],[-73.987157,40.753757],[-73.987166,40.753738],[-73.987173,40.753731],[-73.987181,40.753727],[-73.987193,40.753723],[-73.987206,40.753722],[-73.987161,40.753704],[-73.987147,40.753698],[-73.987149,40.753701],[-73.987143,40.753719],[-73.987016,40.754128],[-73.987011,40.754138],[-73.987004,40.75415],[-73.986965,40.754207],[-73.986958,40.754217],[-73.986952,40.754229],[-73.986934,40.754281],[-73.986929,40.754295],[-73.986928,40.754298],[-73.986925,40.7543],[-73.986921,40.754299]]},"properties":{"osm_id":1122816783,"name":null,"highway":"service","class":"service"}},{"type":"Feature","geometry":{"type":"LineString","coordinates":[[-73.987056,40.754326],[-73.987026,40.754313]]},"properties":{"osm_id":1122816784,"name":null,"highway":"footway","class":"pedestrian"}},{"type":"Feature","geometry":{"type":"LineString","coordinates":[[-73.986671,40.754157],[-73.986722,40.754179]]},"properties":{"osm_id":1122816785,"name":null,"highway":"steps","class":"pedestrian"}},{"type":"Feature","geometry":{"type":"LineString","coordinates":[[-73.986722,40.754179],[-73.986739,40.754186]]},"properties":{"osm_id":1122816787,"name":null,"highway":"footway","class":"pedestrian"}},{"type":"Feature","geometry":{"type":"LineString","coordinates":[[-73.986954,40.754438],[-73.986873,40.754409],[-73.986847,40.754399]]},"properties":{"osm_id":1122816788,"name":null,"highway":"footway","class":"pedestrian"}},{"type":"Feature","geometry":{"type":"LineString","coordinates":[[-73.987077,40.754502],[-73.987113,40.754517]]},"properties":{"osm_id":1122816790,"name":null,"highway":"steps","class":"pedestrian"}},{"type":"Feature","geometry":{"type":"LineString","coordinates":[[-73.986983,40.754449],[-73.986954,40.754438]]},"properties":{"osm_id":1122816792,"name":null,"highway":"footway","class":"pedestrian"}},{"type":"Feature","geometry":{"type":"LineString","coordinates":[[-73.986988,40.754433],[-73.986983,40.754449]]},"properties":{"osm_id":1122816793,"name":null,"highway":"footway","class":"pedestrian"}},{"type":"Feature","geometry":{"type":"LineString","coordinates":[[-73.986716,40.754333],[-73.986524,40.754913]]},"properties":{"osm_id":1122816795,"name":null,"highway":"footway","class":"pedestrian"}},{"type":"Feature","geometry":{"type":"LineString","coordinates":[[-73.986596,40.754298],[-73.986639,40.754316]]},"properties":{"osm_id":1122816796,"name":null,"highway":"steps","class":"pedestrian"}},{"type":"Feature","geometry":{"type":"LineString","coordinates":[[-73.986639,40.754316],[-73.986647,40.754319],[-73.986654,40.754322],[-73.986663,40.754322],[-73.986669,40.754321],[-73.986677,40.754317]]},"properties":{"osm_id":1122816798,"name":null,"highway":"footway","class":"pedestrian"}},{"type":"Feature","geometry":{"type":"LineString","coordinates":[[-73.986524,40.754913],[-73.986518,40.75493]]},"properties":{"osm_id":1122816800,"name":null,"highway":"footway","class":"pedestrian"}},{"type":"Feature","geometry":{"type":"LineString","coordinates":[[-73.986518,40.75493],[-73.986512,40.754988],[-73.986508,40.755037],[-73.986507,40.755039]]},"properties":{"osm_id":1122816801,"name":null,"highway":"footway","class":"pedestrian"}},{"type":"Feature","geometry":{"type":"LineString","coordinates":[[-73.986768,40.755149],[-73.986779,40.7551],[-73.98679,40.755054]]},"properties":{"osm_id":1122816802,"name":null,"highway":"footway","class":"pedestrian"}},{"type":"Feature","geometry":{"type":"LineString","coordinates":[[-73.986507,40.755039],[-73.986501,40.755052]]},"properties":{"osm_id":1122816803,"name":null,"highway":"footway","class":"pedestrian"}},{"type":"Feature","geometry":{"type":"LineString","coordinates":[[-73.986762,40.755027],[-73.986691,40.754988],[-73.986663,40.754972]]},"properties":{"osm_id":1122816805,"name":null,"highway":"footway","class":"pedestrian"}},{"type":"Feature","geometry":{"type":"LineString","coordinates":[[-73.986615,40.75508],[-73.986627,40.755036],[-73.986642,40.75498]]},"properties":{"osm_id":1122816806,"name":null,"highway":"footway","class":"pedestrian"}},{"type":"Feature","geometry":{"type":"LineString","coordinates":[[-73.986642,40.75498],[-73.986646,40.754965]]},"properties":{"osm_id":1122816807,"name":null,"highway":"footway","class":"pedestrian"}},{"type":"Feature","geometry":{"type":"LineString","coordinates":[[-73.986872,40.755041],[-73.986911,40.755057]]},"properties":{"osm_id":1122816808,"name":null,"highway":"steps","class":"pedestrian","oneway":true}},{"type":"Feature","geometry":{"type":"LineString","coordinates":[[-73.98679,40.755054],[-73.986794,40.755036],[-73.986762,40.755027]]},"properties":{"osm_id":1122816811,"name":null,"highway":"footway","class":"pedestrian"}},{"type":"Feature","geometry":{"type":"LineString","coordinates":[[-73.986794,40.755036],[-73.986827,40.755049],[-73.986924,40.75509],[-73.987356,40.75527]]},"properties":{"osm_id":1122816812,"name":null,"highway":"footway","class":"pedestrian"}},{"type":"Feature","geometry":{"type":"LineString","coordinates":[[-73.986911,40.755057],[-73.986922,40.755061],[-73.98693,40.755067],[-73.986931,40.755074],[-73.98693,40.755081],[-73.986924,40.75509]]},"properties":{"osm_id":1122816813,"name":null,"highway":"footway","class":"pedestrian","oneway":true}},{"type":"Feature","geometry":{"type":"LineString","coordinates":[[-73.98726,40.754085],[-73.987245,40.754079],[-73.98712,40.754027]]},"properties":{"osm_id":1122816839,"name":null,"highway":"footway","class":"pedestrian"}},{"type":"Feature","geometry":{"type":"LineString","coordinates":[[-73.987423,40.753835],[-73.987344,40.753943],[-73.987245,40.754079]]},"properties":{"osm_id":1122816840,"name":null,"highway":"footway","class":"pedestrian"}},{"type":"Feature","geometry":{"type":"LineString","coordinates":[[-73.987344,40.753943],[-73.987171,40.753871]]},"properties":{"osm_id":1122816841,"name":null,"highway":"footway","class":"pedestrian"}},{"type":"Feature","geometry":{"type":"LineString","coordinates":[[-73.987245,40.754079],[-73.98716,40.754199],[-73.987153,40.754214],[-73.987133,40.754285],[-73.987127,40.754295],[-73.987113,40.7543],[-73.987026,40.754313]]},"properties":{"osm_id":1122816842,"name":null,"highway":"footway","class":"pedestrian"}},{"type":"Feature","geometry":{"type":"LineString","coordinates":[[-73.987113,40.754517],[-73.987121,40.75452],[-73.987129,40.754522],[-73.987137,40.75452],[-73.987141,40.754517],[-73.987144,40.754515]]},"properties":{"osm_id":1122816848,"name":null,"highway":"footway","class":"pedestrian"}},{"type":"Feature","geometry":{"type":"LineString","coordinates":[[-73.986763,40.755163],[-73.986768,40.755149]]},"properties":{"osm_id":1122816850,"name":null,"highway":"footway","class":"pedestrian"}},{"type":"Feature","geometry":{"type":"LineString","coordinates":[[-73.986734,40.755153],[-73.986763,40.755163]]},"properties":{"osm_id":1122816852,"name":null,"highway":"footway","class":"pedestrian"}},{"type":"Feature","geometry":{"type":"LineString","coordinates":[[-73.986763,40.755163],[-73.98729,40.755379]]},"properties":{"osm_id":1122816854,"name":null,"highway":"footway","class":"pedestrian"}},{"type":"Feature","geometry":{"type":"LineString","coordinates":[[-73.986524,40.755062],[-73.98661,40.755099],[-73.986625,40.755106]]},"properties":{"osm_id":1122816855,"name":null,"highway":"footway","class":"pedestrian"}},{"type":"Feature","geometry":{"type":"LineString","coordinates":[[-73.986501,40.755052],[-73.986524,40.755062]]},"properties":{"osm_id":1122816856,"name":null,"highway":"footway","class":"pedestrian"}},{"type":"Feature","geometry":{"type":"LineString","coordinates":[[-73.986615,40.75508],[-73.98661,40.755099]]},"properties":{"osm_id":1122816858,"name":null,"highway":"footway","class":"pedestrian"}},{"type":"Feature","geometry":{"type":"LineString","coordinates":[[-73.98758,40.755356],[-73.987485,40.75532],[-73.987356,40.75527]]},"properties":{"osm_id":1122816862,"name":null,"highway":"footway","class":"pedestrian"}},{"type":"Feature","geometry":{"type":"LineString","coordinates":[[-73.987298,40.755368],[-73.98729,40.755379],[-73.987304,40.755386]]},"properties":{"osm_id":1122816864,"name":null,"highway":"footway","class":"pedestrian"}},{"type":"Feature","geometry":{"type":"LineString","coordinates":[[-73.986913,40.75579],[-73.986968,40.755814]]},"properties":{"osm_id":1122816865,"name":null,"highway":"footway","class":"pedestrian"}},{"type":"Feature","geometry":{"type":"LineString","coordinates":[[-73.986774,40.755786],[-73.986741,40.755834]]},"properties":{"osm_id":1122816866,"name":null,"highway":"footway","class":"pedestrian"}},{"type":"Feature","geometry":{"type":"LineString","coordinates":[[-73.98262,40.759079],[-73.9829,40.758697]]},"properties":{"osm_id":1131766406,"name":null,"highway":"footway","class":"pedestrian"}},{"type":"Feature","geometry":{"type":"LineString","coordinates":[[-73.9829,40.758697],[-73.982975,40.758594]]},"properties":{"osm_id":1131766407,"name":null,"highway":"footway","class":"pedestrian"}},{"type":"Feature","geometry":{"type":"LineString","coordinates":[[-73.982605,40.759101],[-73.98262,40.759079]]},"properties":{"osm_id":1131766408,"name":null,"highway":"footway","class":"pedestrian"}},{"type":"Feature","geometry":{"type":"LineString","coordinates":[[-73.989688,40.752289],[-73.989563,40.752236],[-73.987771,40.75148],[-73.987686,40.751445]]},"properties":{"osm_id":1135620537,"name":"West 36th Street","highway":"secondary","class":"secondary","oneway":true}},{"type":"Feature","geometry":{"type":"LineString","coordinates":[[-73.989243,40.752895],[-73.98928,40.752845],[-73.989646,40.752345],[-73.989688,40.752289]]},"properties":{"osm_id":1135620538,"name":"7th Avenue","highway":"secondary","class":"secondary","oneway":true}},{"type":"Feature","geometry":{"type":"LineString","coordinates":[[-73.985919,40.755605],[-73.986031,40.755652],[-73.986289,40.755762],[-73.986425,40.755819]]},"properties":{"osm_id":1136952921,"name":"West 42nd Street","highway":"primary","class":"arterial"}},{"type":"Feature","geometry":{"type":"LineString","coordinates":[[-73.991455,40.757074],[-73.991253,40.75734],[-73.991157,40.757466],[-73.990313,40.757098],[-73.990611,40.756705]]},"properties":{"osm_id":1148593540,"name":null,"highway":"service","class":"service","oneway":true}},{"type":"Feature","geometry":{"type":"LineString","coordinates":[[-73.990386,40.756689],[-73.990233,40.756626],[-73.990093,40.756568]]},"properties":{"osm_id":1149185705,"name":null,"highway":"footway","class":"pedestrian"}},{"type":"Feature","geometry":{"type":"LineString","coordinates":[[-73.990093,40.756568],[-73.990137,40.756508],[-73.99018,40.756451]]},"properties":{"osm_id":1149185706,"name":null,"highway":"footway","class":"pedestrian"}},{"type":"Feature","geometry":{"type":"LineString","coordinates":[[-73.989833,40.757381],[-73.98972,40.757331],[-73.989603,40.757279]]},"properties":{"osm_id":1149185707,"name":null,"highway":"footway","class":"pedestrian"}},{"type":"Feature","geometry":{"type":"LineString","coordinates":[[-73.990008,40.757211],[-73.989928,40.757288],[-73.989833,40.757381]]},"properties":{"osm_id":1149185708,"name":null,"highway":"footway","class":"pedestrian"}},{"type":"Feature","geometry":{"type":"LineString","coordinates":[[-73.989601,40.757264],[-73.989658,40.757177],[-73.989719,40.757083]]},"properties":{"osm_id":1149185709,"name":null,"highway":"footway","class":"pedestrian"}},{"type":"Feature","geometry":{"type":"LineString","coordinates":[[-73.987304,40.755386],[-73.987402,40.755433],[-73.987487,40.755475]]},"properties":{"osm_id":1149185710,"name":null,"highway":"footway","class":"pedestrian"}},{"type":"Feature","geometry":{"type":"LineString","coordinates":[[-73.987356,40.75527],[-73.987325,40.755323],[-73.987298,40.755368]]},"properties":{"osm_id":1149185711,"name":null,"highway":"footway","class":"pedestrian"}},{"type":"Feature","geometry":{"type":"LineString","coordinates":[[-73.987808,40.754651],[-73.987834,40.754662],[-73.987928,40.7547],[-73.988059,40.754753]]},"properties":{"osm_id":1149185712,"name":null,"highway":"footway","class":"pedestrian"}},{"type":"Feature","geometry":{"type":"LineString","coordinates":[[-73.988411,40.754255],[-73.988276,40.754213],[-73.988164,40.754166]]},"properties":{"osm_id":1149185713,"name":null,"highway":"footway","class":"pedestrian"}},{"type":"Feature","geometry":{"type":"LineString","coordinates":[[-73.988164,40.754166],[-73.988174,40.754151],[-73.988207,40.754101],[-73.988258,40.754024]]},"properties":{"osm_id":1149185714,"name":null,"highway":"footway","class":"pedestrian"}},{"type":"Feature","geometry":{"type":"LineString","coordinates":[[-73.988507,40.754123],[-73.988453,40.754199],[-73.988411,40.754255]]},"properties":{"osm_id":1149185715,"name":null,"highway":"footway","class":"pedestrian"}},{"type":"Feature","geometry":{"type":"LineString","coordinates":[[-73.988613,40.753535],[-73.988673,40.75345],[-73.988706,40.753403]]},"properties":{"osm_id":1149185716,"name":null,"highway":"footway","class":"pedestrian"}},{"type":"Feature","geometry":{"type":"LineString","coordinates":[[-73.988706,40.753403],[-73.988832,40.753456],[-73.98896,40.753509]]},"properties":{"osm_id":1149185717,"name":null,"highway":"footway","class":"pedestrian"}},{"type":"Feature","geometry":{"type":"LineString","coordinates":[[-73.98896,40.753509],[-73.988923,40.753557],[-73.988863,40.753636]]},"properties":{"osm_id":1149185718,"name":null,"highway":"footway","class":"pedestrian"}},{"type":"Feature","geometry":{"type":"LineString","coordinates":[[-73.98907,40.752908],[-73.989118,40.752843],[-73.989155,40.752792]]},"properties":{"osm_id":1149185719,"name":null,"highway":"footway","class":"pedestrian"}},{"type":"Feature","geometry":{"type":"LineString","coordinates":[[-73.989155,40.752792],[-73.98928,40.752845],[-73.989406,40.752897]]},"properties":{"osm_id":1149185720,"name":null,"highway":"footway","class":"pedestrian"}},{"type":"Feature","geometry":{"type":"LineString","coordinates":[[-73.989406,40.752897],[-73.989369,40.752948],[-73.989321,40.753014]]},"properties":{"osm_id":1149185721,"name":null,"highway":"footway","class":"pedestrian"}},{"type":"Feature","geometry":{"type":"LineString","coordinates":[[-73.989522,40.752294],[-73.989563,40.752236],[-73.989609,40.752173]]},"properties":{"osm_id":1149185722,"name":null,"highway":"footway","class":"pedestrian"}},{"type":"Feature","geometry":{"type":"LineString","coordinates":[[-73.989771,40.752397],[-73.989646,40.752345],[-73.989522,40.752294]]},"properties":{"osm_id":1149185723,"name":null,"highway":"footway","class":"pedestrian"}},{"type":"Feature","geometry":{"type":"LineString","coordinates":[[-73.989609,40.752173],[-73.989733,40.752224],[-73.989857,40.752276]]},"properties":{"osm_id":1149185724,"name":null,"highway":"footway","class":"pedestrian"}},{"type":"Feature","geometry":{"type":"LineString","coordinates":[[-73.989971,40.751671],[-73.990014,40.751608],[-73.990052,40.751552]]},"properties":{"osm_id":1149185725,"name":null,"highway":"footway","class":"pedestrian"}},{"type":"Feature","geometry":{"type":"LineString","coordinates":[[-73.98169,40.751338],[-73.98215,40.751528],[-73.982276,40.751581]]},"properties":{"osm_id":1150636501,"name":"East 39th Street","highway":"residential","class":"local","oneway":true}},{"type":"Feature","geometry":{"type":"LineString","coordinates":[[-73.982136,40.75898],[-73.981484,40.758707],[-73.981341,40.758645]]},"properties":{"osm_id":1160618888,"name":"West 48th Street","highway":"residential","class":"local","oneway":true}},{"type":"Feature","geometry":{"type":"LineString","coordinates":[[-73.986577,40.751706],[-73.986537,40.751759],[-73.986492,40.75182]]},"properties":{"osm_id":1183953711,"name":null,"highway":"footway","class":"pedestrian"}},{"type":"Feature","geometry":{"type":"LineString","coordinates":[[-73.986305,40.751593],[-73.986436,40.751647],[-73.986577,40.751706]]},"properties":{"osm_id":1183953712,"name":null,"highway":"footway","class":"pedestrian"}},{"type":"Feature","geometry":{"type":"LineString","coordinates":[[-73.986215,40.751711],[-73.986267,40.751642],[-73.986305,40.751593]]},"properties":{"osm_id":1183953713,"name":null,"highway":"footway","class":"pedestrian"}},{"type":"Feature","geometry":{"type":"LineString","coordinates":[[-73.977711,40.758019],[-73.977746,40.758033],[-73.978108,40.758183],[-73.978401,40.758302],[-73.978427,40.758313],[-73.9788,40.758474],[-73.978898,40.758514],[-73.978954,40.758538],[-73.979009,40.758561],[-73.98071,40.759274]]},"properties":{"osm_id":1191850312,"name":null,"highway":"footway","class":"pedestrian"}},{"type":"Feature","geometry":{"type":"LineString","coordinates":[[-73.989296,40.757912],[-73.989249,40.757977],[-73.98888,40.758482],[-73.988843,40.758532]]},"properties":{"osm_id":1198594026,"name":"8th Avenue","highway":"secondary","class":"secondary","oneway":true}},{"type":"Feature","geometry":{"type":"LineString","coordinates":[[-73.988843,40.758532],[-73.988722,40.758481],[-73.987189,40.757836],[-73.98617,40.757408]]},"properties":{"osm_id":1198594027,"name":"West 44th Street","highway":"residential","class":"local","oneway":true}},{"type":"Feature","geometry":{"type":"LineString","coordinates":[[-73.988386,40.75916],[-73.98853,40.75922],[-73.990891,40.760216]]},"properties":{"osm_id":1198594028,"name":"West 45th Street","highway":"secondary","class":"secondary","oneway":true}},{"type":"Feature","geometry":{"type":"LineString","coordinates":[[-73.988633,40.75882],[-73.988427,40.759103],[-73.988386,40.75916]]},"properties":{"osm_id":1198594029,"name":"8th Avenue","highway":"secondary","class":"secondary","oneway":true}},{"type":"Feature","geometry":{"type":"LineString","coordinates":[[-73.983029,40.759592],[-73.983105,40.759486]]},"properties":{"osm_id":1207800614,"name":null,"highway":"footway","class":"pedestrian"}},{"type":"Feature","geometry":{"type":"LineString","coordinates":[[-73.988843,40.758532],[-73.9888,40.758592],[-73.988633,40.75882]]},"properties":{"osm_id":1207834766,"name":"8th Avenue","highway":"secondary","class":"secondary","oneway":true}},{"type":"Feature","geometry":{"type":"LineString","coordinates":[[-73.981527,40.758646],[-73.981515,40.758663],[-73.981484,40.758707],[-73.98145,40.758756],[-73.981442,40.758768]]},"properties":{"osm_id":1208661800,"name":null,"highway":"footway","class":"pedestrian"}},{"type":"Feature","geometry":{"type":"LineString","coordinates":[[-73.981442,40.758768],[-73.981408,40.758754],[-73.981296,40.758707],[-73.981163,40.75865]]},"properties":{"osm_id":1208661801,"name":null,"highway":"footway","class":"pedestrian"}},{"type":"Feature","geometry":{"type":"LineString","coordinates":[[-73.981163,40.75865],[-73.981206,40.758588],[-73.981232,40.75855],[-73.981247,40.758529]]},"properties":{"osm_id":1208661802,"name":null,"highway":"footway","class":"pedestrian"}},{"type":"Feature","geometry":{"type":"LineString","coordinates":[[-73.984979,40.759074],[-73.984905,40.759226]]},"properties":{"osm_id":1216256939,"name":"Times Square Red Steps","highway":"steps","class":"pedestrian"}},{"type":"Feature","geometry":{"type":"LineString","coordinates":[[-73.980108,40.754778],[-73.982385,40.755738],[-73.983078,40.756031]]},"properties":{"osm_id":1218921973,"name":null,"highway":"footway","class":"pedestrian"}},{"type":"Feature","geometry":{"type":"LineString","coordinates":[[-73.983001,40.756143],[-73.980019,40.754901]]},"properties":{"osm_id":1218921974,"name":null,"highway":"footway","class":"pedestrian"}},{"type":"Feature","geometry":{"type":"LineString","coordinates":[[-73.983523,40.755423],[-73.982136,40.754828],[-73.981569,40.754585],[-73.980566,40.754155]]},"properties":{"osm_id":1219424194,"name":null,"highway":"footway","class":"pedestrian"}},{"type":"Feature","geometry":{"type":"LineString","coordinates":[[-73.983453,40.755522],[-73.982699,40.755206],[-73.980476,40.754275]]},"properties":{"osm_id":1219424195,"name":null,"highway":"footway","class":"pedestrian"}},{"type":"Feature","geometry":{"type":"LineString","coordinates":[[-73.983453,40.755522],[-73.983078,40.756031]]},"properties":{"osm_id":1219424196,"name":null,"highway":"footway","class":"pedestrian"}},{"type":"Feature","geometry":{"type":"LineString","coordinates":[[-73.982173,40.757266],[-73.982533,40.75678]]},"properties":{"osm_id":1219424197,"name":null,"highway":"footway","class":"pedestrian"}},{"type":"Feature","geometry":{"type":"LineString","coordinates":[[-73.981703,40.757906],[-73.982077,40.757401]]},"properties":{"osm_id":1219424198,"name":null,"highway":"footway","class":"pedestrian"}},{"type":"Feature","geometry":{"type":"LineString","coordinates":[[-73.981616,40.758021],[-73.981666,40.758043],[-73.981752,40.75808],[-73.981865,40.758129],[-73.981891,40.758139]]},"properties":{"osm_id":1219891337,"name":null,"highway":"footway","class":"pedestrian"}},{"type":"Feature","geometry":{"type":"LineString","coordinates":[[-73.981703,40.757906],[-73.98168,40.757936],[-73.981662,40.75796],[-73.981638,40.757993],[-73.981616,40.758021]]},"properties":{"osm_id":1219891338,"name":null,"highway":"footway","class":"pedestrian"}},{"type":"Feature","geometry":{"type":"LineString","coordinates":[[-73.98896,40.753509],[-73.991527,40.754589]]},"properties":{"osm_id":1245983694,"name":null,"highway":"footway","class":"pedestrian"}},{"type":"Feature","geometry":{"type":"LineString","coordinates":[[-73.991444,40.754716],[-73.988863,40.753636]]},"properties":{"osm_id":1245983695,"name":null,"highway":"footway","class":"pedestrian"}},{"type":"Feature","geometry":{"type":"LineString","coordinates":[[-73.989399,40.758038],[-73.989249,40.757977],[-73.989121,40.757925]]},"properties":{"osm_id":1246879769,"name":null,"highway":"footway","class":"pedestrian"}},{"type":"Feature","geometry":{"type":"LineString","coordinates":[[-73.98949,40.757918],[-73.989447,40.757975],[-73.989399,40.758038]]},"properties":{"osm_id":1246879770,"name":null,"highway":"footway","class":"pedestrian"}},{"type":"Feature","geometry":{"type":"LineString","coordinates":[[-73.98487,40.753558],[-73.984909,40.753503],[-73.984937,40.753464]]},"properties":{"osm_id":1248950793,"name":null,"highway":"footway","class":"pedestrian"}},{"type":"Feature","geometry":{"type":"LineString","coordinates":[[-73.985108,40.753663],[-73.984996,40.753619],[-73.984877,40.753572]]},"properties":{"osm_id":1248950794,"name":null,"highway":"footway","class":"pedestrian"}},{"type":"Feature","geometry":{"type":"LineString","coordinates":[[-73.985209,40.753575],[-73.985178,40.753616],[-73.985148,40.753657]]},"properties":{"osm_id":1248950795,"name":null,"highway":"footway","class":"pedestrian"}},{"type":"Feature","geometry":{"type":"LineString","coordinates":[[-73.98445,40.754193],[-73.984433,40.754186]]},"properties":{"osm_id":1248950796,"name":null,"highway":"footway","class":"pedestrian"}},{"type":"Feature","geometry":{"type":"LineString","coordinates":[[-73.984464,40.754137],[-73.984415,40.754119]]},"properties":{"osm_id":1248950797,"name":null,"highway":"footway","class":"pedestrian"}},{"type":"Feature","geometry":{"type":"LineString","coordinates":[[-73.984512,40.754067],[-73.984534,40.754077]]},"properties":{"osm_id":1248950798,"name":null,"highway":"footway","class":"pedestrian"}},{"type":"Feature","geometry":{"type":"LineString","coordinates":[[-73.984534,40.754077],[-73.984637,40.754119],[-73.984743,40.754163]]},"properties":{"osm_id":1248950799,"name":null,"highway":"footway","class":"pedestrian"}},{"type":"Feature","geometry":{"type":"LineString","coordinates":[[-73.984755,40.754188],[-73.984728,40.754233],[-73.984702,40.754276]]},"properties":{"osm_id":1248950800,"name":null,"highway":"footway","class":"pedestrian"}},{"type":"Feature","geometry":{"type":"LineString","coordinates":[[-73.980333,40.753257],[-73.980759,40.753435],[-73.980879,40.753481]]},"properties":{"osm_id":1272613981,"name":"East 42nd Street","highway":"primary","class":"arterial"}},{"type":"Feature","geometry":{"type":"LineString","coordinates":[[-73.986134,40.753679],[-73.985987,40.753884]]},"properties":{"osm_id":1276454066,"name":null,"highway":"footway","class":"pedestrian"}},{"type":"Feature","geometry":{"type":"LineString","coordinates":[[-73.98138,40.752816],[-73.981257,40.752764],[-73.979878,40.752183],[-73.979779,40.75214],[-73.979683,40.752106],[-73.979122,40.751873]]},"properties":{"osm_id":1316295724,"name":"East 41st Street","highway":"residential","class":"local","oneway":true}},{"type":"Feature","geometry":{"type":"LineString","coordinates":[[-73.982804,40.759982],[-73.982762,40.759962],[-73.982697,40.75993],[-73.983043,40.759462],[-73.983105,40.759486],[-73.983142,40.7595],[-73.983064,40.759608],[-73.982994,40.759703],[-73.983004,40.759709],[-73.982804,40.759982]]},"properties":{"osm_id":1317270172,"name":"McGraw-Hill Park","highway":"pedestrian","class":"pedestrian"}},{"type":"Feature","geometry":{"type":"LineString","coordinates":[[-73.983634,40.754639],[-73.983984,40.754786],[-73.984118,40.754842]]},"properties":{"osm_id":1320232776,"name":"West 42nd Street","highway":"primary","class":"arterial"}},{"type":"Feature","geometry":{"type":"LineString","coordinates":[[-73.989791,40.757233],[-73.989928,40.757288],[-73.990333,40.757459],[-73.990615,40.757576]]},"properties":{"osm_id":1321771943,"name":"West 42nd Street","highway":"primary","class":"arterial"}},{"type":"Feature","geometry":{"type":"LineString","coordinates":[[-73.9862,40.758144],[-73.986538,40.757641]]},"properties":{"osm_id":1323445132,"name":null,"highway":"footway","class":"pedestrian"}},{"type":"Feature","geometry":{"type":"LineString","coordinates":[[-73.986538,40.757641],[-73.986544,40.757633]]},"properties":{"osm_id":1323445133,"name":null,"highway":"footway","class":"pedestrian"}},{"type":"Feature","geometry":{"type":"LineString","coordinates":[[-73.986193,40.758155],[-73.9862,40.758144]]},"properties":{"osm_id":1323445134,"name":null,"highway":"footway","class":"pedestrian"}},{"type":"Feature","geometry":{"type":"LineString","coordinates":[[-73.987786,40.759809],[-73.987762,40.759797],[-73.987759,40.759787],[-73.987736,40.759776],[-73.987383,40.759628],[-73.98648,40.759248]]},"properties":{"osm_id":1331490756,"name":null,"highway":"footway","class":"pedestrian"}},{"type":"Feature","geometry":{"type":"LineString","coordinates":[[-73.987877,40.759688],[-73.987843,40.759682],[-73.987831,40.759683],[-73.986305,40.759035]]},"properties":{"osm_id":1331490758,"name":null,"highway":"footway","class":"pedestrian"}},{"type":"Feature","geometry":{"type":"LineString","coordinates":[[-73.98627,40.758189],[-73.986773,40.758402],[-73.9883,40.75905]]},"properties":{"osm_id":1346429228,"name":null,"highway":"footway","class":"pedestrian"}},{"type":"Feature","geometry":{"type":"LineString","coordinates":[[-73.98822,40.759175],[-73.987853,40.759678],[-73.987843,40.759682],[-73.987819,40.759696]]},"properties":{"osm_id":1346429286,"name":null,"highway":"footway","class":"pedestrian"}},{"type":"Feature","geometry":{"type":"LineString","coordinates":[[-73.9883,40.75905],[-73.988678,40.758542]]},"properties":{"osm_id":1346429372,"name":null,"highway":"footway","class":"pedestrian"}},{"type":"Feature","geometry":{"type":"LineString","coordinates":[[-73.991106,40.755218],[-73.988507,40.754123]]},"properties":{"osm_id":1354473050,"name":null,"highway":"footway","class":"pedestrian"}},{"type":"Feature","geometry":{"type":"LineString","coordinates":[[-73.988411,40.754255],[-73.988451,40.754263],[-73.990995,40.755331],[-73.991009,40.755346]]},"properties":{"osm_id":1354473051,"name":null,"highway":"footway","class":"pedestrian"}},{"type":"Feature","geometry":{"type":"LineString","coordinates":[[-73.990622,40.755837],[-73.988059,40.754753]]},"properties":{"osm_id":1354473052,"name":null,"highway":"footway","class":"pedestrian"}},{"type":"Feature","geometry":{"type":"LineString","coordinates":[[-73.987976,40.754863],[-73.989364,40.755455],[-73.99054,40.755958]]},"properties":{"osm_id":1354473053,"name":null,"highway":"footway","class":"pedestrian"}},{"type":"Feature","geometry":{"type":"LineString","coordinates":[[-73.99018,40.756451],[-73.98758,40.755356]]},"properties":{"osm_id":1354473054,"name":null,"highway":"footway","class":"pedestrian"}},{"type":"Feature","geometry":{"type":"LineString","coordinates":[[-73.987487,40.755475],[-73.990093,40.756568]]},"properties":{"osm_id":1354473055,"name":null,"highway":"footway","class":"pedestrian"}},{"type":"Feature","geometry":{"type":"LineString","coordinates":[[-73.988798,40.753503],[-73.988832,40.753456],[-73.988983,40.75325]]},"properties":{"osm_id":1376929274,"name":"7th Avenue","highway":"secondary","class":"secondary","oneway":true}},{"type":"Feature","geometry":{"type":"LineString","coordinates":[[-73.9883,40.75905],[-73.988427,40.759103],[-73.988488,40.759128]]},"properties":{"osm_id":1410943095,"name":null,"highway":"footway","class":"pedestrian"}},{"type":"Feature","geometry":{"type":"LineString","coordinates":[[-73.988488,40.759128],[-73.988515,40.75914]]},"properties":{"osm_id":1410943096,"name":null,"highway":"footway","class":"pedestrian"}},{"type":"Feature","geometry":{"type":"LineString","coordinates":[[-73.988515,40.75914],[-73.988569,40.759164]]},"properties":{"osm_id":1410943097,"name":null,"highway":"footway","class":"pedestrian"}},{"type":"Feature","geometry":{"type":"LineString","coordinates":[[-73.988569,40.759164],[-73.98853,40.75922],[-73.988489,40.759282]]},"properties":{"osm_id":1410943098,"name":null,"highway":"footway","class":"pedestrian"}},{"type":"Feature","geometry":{"type":"LineString","coordinates":[[-73.988489,40.759282],[-73.988426,40.759257]]},"properties":{"osm_id":1410943099,"name":null,"highway":"footway","class":"pedestrian"}},{"type":"Feature","geometry":{"type":"LineString","coordinates":[[-73.988426,40.759257],[-73.988399,40.759246]]},"properties":{"osm_id":1410943100,"name":null,"highway":"footway","class":"pedestrian"}},{"type":"Feature","geometry":{"type":"LineString","coordinates":[[-73.983252,40.756103],[-73.983208,40.756085],[-73.983078,40.756031]]},"properties":{"osm_id":1410945270,"name":null,"highway":"footway","class":"pedestrian"}},{"type":"Feature","geometry":{"type":"LineString","coordinates":[[-73.983078,40.756031],[-73.983037,40.756087],[-73.983001,40.756143]]},"properties":{"osm_id":1410945271,"name":null,"highway":"footway","class":"pedestrian"}},{"type":"Feature","geometry":{"type":"LineString","coordinates":[[-73.983339,40.756138],[-73.983272,40.756111]]},"properties":{"osm_id":1410945272,"name":null,"highway":"footway","class":"pedestrian"}},{"type":"Feature","geometry":{"type":"LineString","coordinates":[[-73.983272,40.756111],[-73.983252,40.756103]]},"properties":{"osm_id":1410945273,"name":null,"highway":"footway","class":"pedestrian"}},{"type":"Feature","geometry":{"type":"LineString","coordinates":[[-73.983181,40.756229],[-73.983254,40.756257]]},"properties":{"osm_id":1410945274,"name":null,"highway":"footway","class":"pedestrian"}},{"type":"Feature","geometry":{"type":"LineString","coordinates":[[-73.983162,40.756222],[-73.983181,40.756229]]},"properties":{"osm_id":1410945275,"name":null,"highway":"footway","class":"pedestrian"}},{"type":"Feature","geometry":{"type":"LineString","coordinates":[[-73.982431,40.757377],[-73.982304,40.757322],[-73.982173,40.757266]]},"properties":{"osm_id":1410945734,"name":null,"highway":"footway","class":"pedestrian"}},{"type":"Feature","geometry":{"type":"LineString","coordinates":[[-73.982173,40.757266],[-73.982124,40.757335],[-73.982077,40.757401]]},"properties":{"osm_id":1410945735,"name":null,"highway":"footway","class":"pedestrian"}},{"type":"Feature","geometry":{"type":"LineString","coordinates":[[-73.982533,40.75678],[-73.982667,40.756832],[-73.982794,40.756881]]},"properties":{"osm_id":1410948672,"name":null,"highway":"footway","class":"pedestrian"}},{"type":"Feature","geometry":{"type":"LineString","coordinates":[[-73.982616,40.756659],[-73.982578,40.756715],[-73.982533,40.75678]]},"properties":{"osm_id":1410948673,"name":null,"highway":"footway","class":"pedestrian"}},{"type":"Feature","geometry":{"type":"LineString","coordinates":[[-73.984985,40.759495],[-73.985,40.759452],[-73.985023,40.759391]]},"properties":{"osm_id":1413518739,"name":null,"highway":"living_street","class":"local"}},{"type":"Feature","geometry":{"type":"LineString","coordinates":[[-73.989412,40.755396],[-73.989364,40.755455],[-73.989354,40.755468]]},"properties":{"osm_id":1416699314,"name":null,"highway":"service","class":"service"}},{"type":"Feature","geometry":{"type":"LineString","coordinates":[[-73.982101,40.751596],[-73.982114,40.751578]]},"properties":{"osm_id":1418014634,"name":null,"highway":"footway","class":"pedestrian"}},{"type":"Feature","geometry":{"type":"LineString","coordinates":[[-73.982144,40.751615],[-73.982101,40.751596]]},"properties":{"osm_id":1418014635,"name":null,"highway":"footway","class":"pedestrian"}},{"type":"Feature","geometry":{"type":"LineString","coordinates":[[-73.982367,40.751683],[-73.982352,40.751702]]},"properties":{"osm_id":1418014636,"name":null,"highway":"footway","class":"pedestrian"}},{"type":"Feature","geometry":{"type":"LineString","coordinates":[[-73.982352,40.751702],[-73.982322,40.751689]]},"properties":{"osm_id":1418014637,"name":null,"highway":"footway","class":"pedestrian"}},{"type":"Feature","geometry":{"type":"LineString","coordinates":[[-73.982442,40.75158],[-73.982432,40.751593]]},"properties":{"osm_id":1418014638,"name":null,"highway":"footway","class":"pedestrian"}},{"type":"Feature","geometry":{"type":"LineString","coordinates":[[-73.982415,40.751568],[-73.982442,40.75158]]},"properties":{"osm_id":1418014639,"name":null,"highway":"footway","class":"pedestrian"}},{"type":"Feature","geometry":{"type":"LineString","coordinates":[[-73.982461,40.754052],[-73.982472,40.754036],[-73.982487,40.754018]]},"properties":{"osm_id":1454930232,"name":null,"highway":"footway","class":"pedestrian"}},{"type":"Feature","geometry":{"type":"LineString","coordinates":[[-73.982349,40.754216],[-73.982361,40.754197]]},"properties":{"osm_id":1454930233,"name":null,"highway":"footway","class":"pedestrian"}},{"type":"Feature","geometry":{"type":"LineString","coordinates":[[-73.981578,40.752843],[-73.981535,40.752822],[-73.981499,40.752804]]},"properties":{"osm_id":1454930234,"name":"41st Street","highway":"footway","class":"pedestrian"}},{"type":"Feature","geometry":{"type":"LineString","coordinates":[[-73.981412,40.752923],[-73.981493,40.752958]]},"properties":{"osm_id":1454930235,"name":"41st Street","highway":"footway","class":"pedestrian"}},{"type":"Feature","geometry":{"type":"LineString","coordinates":[[-73.984208,40.754972],[-73.984262,40.754903],[-73.98431,40.754843]]},"properties":{"osm_id":1454930236,"name":null,"highway":"footway","class":"pedestrian"}},{"type":"Feature","geometry":{"type":"LineString","coordinates":[[-73.984283,40.754797],[-73.984179,40.754757],[-73.984081,40.75472]]},"properties":{"osm_id":1454930237,"name":null,"highway":"footway","class":"pedestrian"}},{"type":"Feature","geometry":{"type":"LineString","coordinates":[[-73.984028,40.754726],[-73.983984,40.754786],[-73.983931,40.754859]]},"properties":{"osm_id":1454930238,"name":null,"highway":"footway","class":"pedestrian"}},{"type":"Feature","geometry":{"type":"LineString","coordinates":[[-73.990403,40.759096],[-73.990389,40.759114],[-73.990351,40.759167]]},"properties":{"osm_id":1495489068,"name":null,"highway":"service","class":"service"}},{"type":"Feature","geometry":{"type":"LineString","coordinates":[[-73.981943,40.754048],[-73.981569,40.754585]]},"properties":{"osm_id":1526879337,"name":null,"highway":"footway","class":"pedestrian"}},{"type":"Feature","geometry":{"type":"LineString","coordinates":[[-73.983337,40.758604],[-73.98336,40.758566]]},"properties":{"osm_id":1526888547,"name":null,"highway":"steps","class":"pedestrian"}},{"type":"Feature","geometry":{"type":"LineString","coordinates":[[-73.983868,40.758152],[-73.983859,40.758168]]},"properties":{"osm_id":1526888548,"name":null,"highway":"steps","class":"pedestrian"}},{"type":"Feature","geometry":{"type":"LineString","coordinates":[[-73.98365,40.75806],[-73.983642,40.758076]]},"properties":{"osm_id":1526888549,"name":null,"highway":"steps","class":"pedestrian"}},{"type":"Feature","geometry":{"type":"LineString","coordinates":[[-73.983762,40.758107],[-73.983751,40.758123]]},"properties":{"osm_id":1526888550,"name":null,"highway":"steps","class":"pedestrian"}},{"type":"Feature","geometry":{"type":"LineString","coordinates":[[-73.982973,40.758448],[-73.982987,40.758429],[-73.983335,40.757946],[-73.983346,40.757932]]},"properties":{"osm_id":1526888551,"name":null,"highway":"footway","class":"pedestrian"}},{"type":"Feature","geometry":{"type":"LineString","coordinates":[[-73.984573,40.758302],[-73.984939,40.75778]]},"properties":{"osm_id":1526888552,"name":null,"highway":"footway","class":"pedestrian"}},{"type":"Feature","geometry":{"type":"LineString","coordinates":[[-73.984473,40.757437],[-73.984485,40.757419],[-73.984823,40.756936],[-73.984833,40.756922]]},"properties":{"osm_id":1526888553,"name":null,"highway":"footway","class":"pedestrian"}},{"type":"Feature","geometry":{"type":"LineString","coordinates":[[-73.982385,40.755738],[-73.982454,40.755641],[-73.982438,40.755574],[-73.982699,40.755206]]},"properties":{"osm_id":1526888554,"name":null,"highway":"footway","class":"pedestrian"}},{"type":"Feature","geometry":{"type":"LineString","coordinates":[[-73.983113,40.759476],[-73.983105,40.759486]]},"properties":{"osm_id":1527376231,"name":null,"highway":"steps","class":"pedestrian"}},{"type":"Feature","geometry":{"type":"LineString","coordinates":[[-73.983539,40.755401],[-73.983523,40.755423]]},"properties":{"osm_id":1530411345,"name":null,"highway":"footway","class":"pedestrian"}},{"type":"Feature","geometry":{"type":"LineString","coordinates":[[-73.983564,40.755412],[-73.983539,40.755401]]},"properties":{"osm_id":1530411346,"name":null,"highway":"footway","class":"pedestrian"}},{"type":"Feature","geometry":{"type":"LineString","coordinates":[[-73.983654,40.755604],[-73.983692,40.75562]]},"properties":{"osm_id":1530411347,"name":null,"highway":"footway","class":"pedestrian"}},{"type":"Feature","geometry":{"type":"LineString","coordinates":[[-73.983628,40.755594],[-73.983654,40.755604]]},"properties":{"osm_id":1530411348,"name":null,"highway":"footway","class":"pedestrian"}},{"type":"Feature","geometry":{"type":"LineString","coordinates":[[-73.983756,40.755491],[-73.983713,40.755473]]},"properties":{"osm_id":1530411349,"name":null,"highway":"footway","class":"pedestrian"}},{"type":"Feature","geometry":{"type":"LineString","coordinates":[[-73.98377,40.755496],[-73.983756,40.755491]]},"properties":{"osm_id":1530411350,"name":null,"highway":"footway","class":"pedestrian"}},{"type":"Feature","geometry":{"type":"LineString","coordinates":[[-73.983803,40.75551],[-73.98377,40.755496]]},"properties":{"osm_id":1530411351,"name":null,"highway":"footway","class":"pedestrian"}},{"type":"Feature","geometry":{"type":"LineString","coordinates":[[-73.983785,40.755534],[-73.983803,40.75551]]},"properties":{"osm_id":1530411352,"name":null,"highway":"footway","class":"pedestrian"}},{"type":"Feature","geometry":{"type":"LineString","coordinates":[[-73.983717,40.75563],[-73.983725,40.755618]]},"properties":{"osm_id":1530411353,"name":null,"highway":"footway","class":"pedestrian"}},{"type":"Feature","geometry":{"type":"LineString","coordinates":[[-73.983692,40.75562],[-73.983717,40.75563]]},"properties":{"osm_id":1530411354,"name":null,"highway":"footway","class":"pedestrian"}},{"type":"Feature","geometry":{"type":"LineString","coordinates":[[-73.983453,40.755522],[-73.983581,40.755574],[-73.983628,40.755594]]},"properties":{"osm_id":1530411355,"name":null,"highway":"footway","class":"pedestrian"}},{"type":"Feature","geometry":{"type":"LineString","coordinates":[[-73.983523,40.755423],[-73.983496,40.755462],[-73.983453,40.755522]]},"properties":{"osm_id":1530411356,"name":null,"highway":"footway","class":"pedestrian"}},{"type":"Feature","geometry":{"type":"LineString","coordinates":[[-73.983725,40.755618],[-73.983758,40.755572],[-73.983785,40.755534]]},"properties":{"osm_id":1530411357,"name":null,"highway":"footway","class":"pedestrian"}},{"type":"Feature","geometry":{"type":"LineString","coordinates":[[-73.984959,40.756804],[-73.984948,40.756818],[-73.984906,40.756877]]},"properties":{"osm_id":1534680280,"name":null,"highway":"service","class":"service"}},{"type":"Feature","geometry":{"type":"LineString","coordinates":[[-73.985356,40.756246],[-73.985316,40.756302],[-73.985305,40.756317]]},"properties":{"osm_id":1534680281,"name":null,"highway":"service","class":"service"}}]}